"edad_anios","altura_m","diametro_tronco_cm","area_copa_m2","densidad_follaje","ph_suelo","humedad_suelo","materia_organica","nitrogeno","fosforo","temperatura_media","precipitacion_mm","radiacion_solar","velocidad_viento","altitud","estado_salud"
9,15.14,33.89,49.63,87.47,7.23,53.6,6.59,35.59,26.6,22.83,781.51,6.03,9.02,1165.37,"Sano"
17,14.05,32.32,44.95,85.44,6.79,40.04,6.25,36.8,25.88,25.97,649.05,6.77,15.48,1244.3,"Sano"
19,16.47,33.55,48.18,99.42,6.48,37.58,5.67,33.88,17.49,19.64,673.41,6.4,12.78,1348.49,"Sano"
33,19.43,28,62.52,93.38,6.54,46.49,5.75,34.19,23.09,20,584.55,7.57,3.45,1276.46,"Sano"
20,19.73,27.99,63.22,88.06,7.03,54.56,5.78,27.42,24.97,23.63,802.18,7.5,6.7,1357.06,"Sano"
8,17.62,36.51,58.32,78.49,6.25,39.39,6.84,41.9,29.02,25.39,950.36,6.94,8.61,1464.41,"Sano"
22,13.14,34.8,49.24,85.42,6.79,44.83,7.85,25.29,30.2,21.48,924.48,5.81,9.23,1088.92,"Sano"
38,17.03,38.94,52.74,101.76,6.44,53.19,4.92,30.73,20.32,24.07,777.29,6.52,9.2,1264.6,"Sano"
22,13.1,27.63,54.18,79.05,6.35,49.08,5.47,35.77,31.69,20.79,1043.07,6.33,11.9,1488.71,"Sano"
30,14.34,29,61.78,76.7,6.19,49.66,5.01,30.88,23.68,21.27,783.34,6.69,11.88,1260.93,"Sano"
21,15.82,39.8,39.57,87.83,7.03,42.12,3.76,44.05,21.25,23.9,776.54,7.34,5.75,1188.96,"Sano"
32,14.67,29.85,43.19,63.36,6.74,42.01,5.79,33.87,28.24,24.34,773.27,6.5,12.7,1079.73,"Sano"
27,18.22,23.61,60.23,94.91,6.47,50.62,6.08,36.05,19.46,22.05,895.92,6.42,14,1208.61,"Sano"
21,20.47,43.99,44.88,70.12,6.98,37.14,6.15,37.34,22.08,18.31,801.07,8.23,10.75,1381.9,"Sano"
18,20.87,34.78,45.39,98.07,7.16,40.55,5.13,31.33,20.38,21.9,978.57,6.71,9.85,1195.24,"Sano"
25,10.94,31.56,44.59,96.36,6.36,37.04,5.32,35.23,25.07,19.6,877.71,7.26,11.39,1171.72,"Sano"
35,9.49,47.16,45.98,76.51,6.62,50.66,5.1,31.2,20.03,23.77,744.91,7.06,11.15,1042.22,"Sano"
13,18.09,37.21,47.83,77.84,6.83,43.58,7.03,33.75,30.37,24.21,1064.76,6.36,10.73,1330.85,"Sano"
24,15.02,34.79,72.2,78.44,6.52,41.6,4.03,34.11,24.82,25.28,811.36,6.35,9.18,1393.73,"Sano"
25,8.81,26.92,74.6,90.94,7.33,43.18,6.78,34.17,23.39,18.43,844.53,6.77,5.62,1060.65,"Sano"
27,9.77,24.11,55.88,84.15,6.53,42.34,4.93,31.57,24.19,21.68,684.01,6.01,12.42,977.04,"Sano"
19,12.73,28.38,61.52,83.75,6.43,46.89,7.72,40.37,25.05,19.77,926.28,6.7,12.61,1272.62,"Sano"
14,15.15,33.16,62.37,72.93,6.45,39.33,5.26,44.28,26.73,25.47,798.38,7.14,12.82,1356.63,"Sano"
30,14.19,32.34,54.66,78.08,6.77,30.41,5.86,44.63,32.31,23.27,939.94,6.25,9.13,1541.78,"Sano"
34,14.76,41.62,55.18,77.68,6.84,43.95,4.72,31.58,23.06,21.55,964.5,8.38,7.23,1266.51,"Sano"
38,14.63,44.43,58.64,88.28,6.63,33.21,4.59,34.08,20.36,19.09,952.88,6.31,10.86,1026.53,"Sano"
9,14.72,35.52,75.57,76.16,6.97,51.11,5.87,32.89,25.47,22.86,973.61,6.54,14.26,1245.69,"Sano"
38,19.68,31.04,65.08,68.28,6.98,53.31,6.52,39.85,19.28,21.36,1047.97,8.09,8.81,1093.01,"Sano"
27,12.72,36.77,80.98,82.19,7.03,39.15,7.1,34.43,24.52,23.72,932.39,6.72,8.25,1097.05,"Sano"
12,17.55,23.51,61.3,84.72,7.08,48.57,6.21,34.54,19.25,22.75,850.45,7.06,8.03,1386.57,"Sano"
19,14.12,38.44,54.57,74.7,6.97,41.71,6.38,33.39,32.69,23.97,581.17,6.46,8.09,1278.73,"Sano"
29,11.94,36.1,46.51,81.62,7.13,50.88,4.17,27.68,15.33,21.28,846.83,5.17,8.71,934.16,"Sano"
36,15.56,36.67,55.72,93.67,6.85,44.34,6.95,34.66,23.02,21.98,880.22,5.63,10.65,976.2,"Sano"
13,14.06,40.17,55.01,79.82,6.66,49.39,4.59,33.5,24.02,21.3,1029.71,8.46,8.92,1257.11,"Sano"
18,17.07,38.61,44.57,80.92,6.96,34.76,6.05,35.03,22.98,22.51,919.08,7.47,8.3,1449.71,"Sano"
36,11.4,31.19,53.92,90.68,6.59,57.01,4.9,42.22,23.82,26.57,948.68,6.76,13.5,1225.49,"Sano"
25,17.7,35.99,49.84,78.08,7.1,38.76,4.19,30.08,25.11,23.32,861.37,7.63,9.01,1115.22,"Sano"
29,16.03,49.35,69.39,70.47,6.84,63.14,5.25,37.76,16.54,21.76,819.47,6.07,6.65,1098.43,"Sano"
14,13.09,38.27,49.99,83.76,6.73,53.25,5.8,43.73,30.65,25.11,857.83,6.34,11.11,1055.89,"Sano"
11,15.19,30.93,65.25,76.61,7.22,49.98,7.65,23.5,28.78,21.23,892.02,7.61,8.67,1039.77,"Sano"
16,14.09,31.7,60.01,71.04,6.74,43.71,3.15,33.43,24.68,20.61,866.73,9.08,7.51,1053.02,"Sano"
26,14.46,31.33,56.74,79.26,6.97,66.8,7.07,36.09,25.97,23.14,858.31,6.29,10.42,1065.76,"Sano"
28,15.65,35.52,62.01,70.59,6.71,51.5,4.63,38.22,19.1,19.59,930.35,7.44,10.81,1025.44,"Sano"
10,19.75,33.67,62.47,85.53,7.22,61.9,6.21,40.32,32.17,23.19,727.05,8.64,10.55,1448.17,"Sano"
30,13.89,32.58,56.96,89.53,7.12,44.96,7.01,37.71,23.12,25.21,845.44,7.99,10.54,1302.74,"Sano"
30,14.1,36,56.26,69.81,7.1,47.13,3.38,38.47,29.31,22.84,1052.12,5.82,5.55,1182.45,"Sano"
18,16.76,42.1,48.61,81.76,6.7,52.67,6.14,39.36,28.62,21.88,973.9,4.42,11.03,1242.81,"Sano"
27,17.65,41.98,64.86,71.09,6.97,44.79,5.49,28.79,32.63,19.39,814.91,7.49,10.18,1092.25,"Sano"
35,17.84,28.36,65.94,72.5,6.98,37.65,5.2,34.96,23.58,22.83,533.43,5.37,11.27,1159.11,"Sano"
29,18.68,47.31,75.88,100.33,6.71,51.12,6.47,32.21,26.98,21.74,952.24,8.1,13.19,1130.32,"Sano"
15,15.67,36.1,44.79,69.67,7.04,36.68,4.69,27.88,28.13,22.67,850.8,6.89,9.56,1006.81,"Sano"
32,13.48,40.98,51.58,87.78,7.26,38.52,6.13,25.6,20.6,21.94,926.09,7.03,10.54,1291.52,"Sano"
15,17.21,45.4,56.73,92.34,7.37,52.23,4.15,39.17,19.4,21.37,664.26,8.3,13.12,1353.28,"Sano"
13,10.04,42.32,52.63,87.33,6.61,43.66,4.09,37.13,25.52,22.69,792.66,6.96,10.6,1074.88,"Sano"
31,16.29,34.66,39.58,68.92,7.05,47.9,5.66,34.42,25.35,23.49,914.21,6.78,11.61,1225.21,"Sano"
17,17.01,42.23,46.2,73.27,6.34,56.05,7.87,33.13,24.35,21.46,818.91,6.66,10.51,1281.89,"Sano"
29,14.89,34.99,56.89,81.96,6.49,44.53,4.53,39.85,21.45,21.44,953.08,8.68,10.77,1380.64,"Sano"
39,8.55,41.76,34.76,59.94,6.82,41.47,4.7,35.89,26.62,26.24,833.15,8.91,12.52,1311.86,"Sano"
31,15.35,29.58,42.15,73.94,7.18,39.61,3.11,44.49,15.42,22.16,786.48,8.25,7.65,1405,"Sano"
23,14.69,21.77,56.39,108.88,6.8,45.66,5.73,40.21,31.65,21.9,979.09,6.82,8.5,1362.36,"Sano"
30,12.35,40.38,54.24,80.96,7.17,32.52,4.88,36.58,23.89,25.31,950.88,7.14,9.54,1105.86,"Sano"
23,15.14,27.01,46.52,80.91,6.53,46.23,4.16,35.88,29.19,22.3,1017.97,7.99,11.02,1251.63,"Sano"
39,14.06,38.84,59.65,76.24,7.08,46.78,5.18,35.78,23.52,24.89,973.27,6.66,11.55,1267.99,"Sano"
29,12.94,24.97,62.27,81.99,6.28,32.97,4.82,27.28,24.63,26.78,1126.7,5.61,10.53,1188.04,"Sano"
38,12.98,34.75,47.09,65.91,7.43,52.38,5.64,41.33,34.89,23.85,582.36,6.03,9.25,1140.56,"Sano"
37,12.4,40,41.9,74.57,6.58,56.88,4.7,33.05,24.71,26.26,934.63,8.12,9.58,1046.9,"Sano"
20,17.54,37.53,54.66,72.71,6.49,41.85,4.65,27.6,23.88,24.4,1094.8,6.96,8.79,1383.52,"Sano"
32,15.22,30.95,69.08,78.46,6.24,44.85,5.99,33.04,29.88,23.6,900.29,5.33,12.7,1325.99,"Sano"
22,11.92,32.04,55.29,78.97,6.23,42.68,3.07,37.76,30.62,22.9,768.93,5.86,10.77,1215.48,"Sano"
30,9.73,33.01,53.68,73.99,6.88,46.12,3.91,45.21,23.43,21.99,1146.09,7.51,10.43,1198.59,"Sano"
38,14.81,37.49,53.91,76.19,7.03,34.65,4.8,31.26,29.23,19.4,859.49,6.01,13.03,1383.05,"Sano"
39,8.45,31.65,73.47,83.33,6.51,37.54,5.83,44.11,21.83,23.36,907.84,6.95,11.66,957.64,"Sano"
25,13.34,29.17,54.45,79.27,6.69,60.94,6.18,27.08,23.88,21.04,865.86,7.05,10.75,1208.83,"Sano"
22,15.01,37.59,43.65,80.76,6.76,59.1,3.7,33.86,23.99,24.14,830.99,6.82,9.3,1162.44,"Sano"
27,16.5,29.22,53.94,76.34,7.17,45.08,6.1,44.31,23.51,20.4,754.52,7.85,6.76,1335.24,"Sano"
33,18.57,43.76,54.08,87.94,6.42,46.53,5.56,33.75,23.63,24.59,872.81,8.8,8.82,1069.59,"Sano"
30,17.8,42.6,73.95,53.29,6.78,50.2,5.79,33.92,26.01,19.78,789.32,7.56,10.14,1135.57,"Sano"
24,15.01,34.39,38.64,69.66,6.41,42.48,5.51,33.17,23.25,20.88,845.97,5.51,12.84,1149.87,"Sano"
25,11.92,57.81,58.74,64.84,6.97,64.29,6.07,31.68,20.14,20.79,804.14,6.54,14.84,1026.76,"Sano"
37,13.13,36.4,57.02,81.23,6.46,40.19,6.37,40.79,32.12,25.01,912.21,6.96,10.76,1358.83,"Sano"
34,8.14,38.47,53.03,79.61,6.72,35.93,4.31,33.73,30.31,21.32,962.57,7,8.75,1175.65,"Sano"
29,17.64,37.6,60.43,72.24,6.63,55.83,3.96,21.81,27.38,21.56,904.43,6.45,10.55,1108.5,"Sano"
11,14.41,40.13,54.37,71.41,6.93,51.25,4.98,40.17,27.19,24.19,764.36,6.53,10.2,1122.05,"Sano"
21,15.38,31.14,49.06,82.33,6.62,44.33,3.41,43.96,26.94,21.78,857.52,7.6,14.71,1175.22,"Sano"
37,19.96,32.97,59.95,75.74,6.27,56.98,4.5,46.96,28.07,23.07,912.3,6.74,10.25,1194.78,"Sano"
10,14.15,27.19,51.31,84.89,6.23,44.27,4.44,38.87,26.12,20.83,852.38,7.9,5.49,1288.08,"Sano"
32,15.5,31.48,51.24,79.49,6.93,63.73,4.41,39.86,26.66,21.48,912.34,8.95,12.11,1375.1,"Sano"
29,12.76,49.58,57.73,77.22,6.38,45.16,5.43,31.19,18.68,21.03,865.94,8.54,9.77,1285.59,"Sano"
27,10.31,37.07,68.3,79.29,6.69,45.39,5.06,34.57,26.42,20.54,706.31,5.05,9.6,1134.71,"Sano"
35,13.4,28.05,64.76,82.39,7.21,48.16,5.81,27.52,30.46,21.49,916.22,4.92,7.81,1081.66,"Sano"
39,16.65,36.6,56.78,79.86,6.85,48.23,5.29,33.56,23.9,24.52,707.43,7.15,9.42,1117.02,"Sano"
20,7.3,37.28,50.34,80.57,6.6,56.23,4.72,37.78,27.42,24.98,828.33,6.36,9.09,1375.7,"Sano"
20,17.06,38.23,40.2,77.02,6.46,43.76,6.61,30.71,29.72,24.8,776.7,8.05,5.19,1035.41,"Sano"
30,10.21,36.8,47.32,90.06,6.84,48.57,5.26,38.38,24.23,24.47,922.49,6.33,12.27,1265.37,"Sano"
39,10.44,37.19,50.61,79.68,6.61,50.39,4.6,37.73,29.07,25.15,646.87,6.64,5.93,1398.54,"Sano"
36,15.98,27.79,33.64,90.05,6.58,29.37,8.27,40.07,23.49,20.38,911.76,4.62,7.84,1115.17,"Sano"
39,17.21,47.44,65.62,92.96,6.84,47.08,6.58,41.6,23.56,21.8,912.88,6.51,11.19,1186.21,"Sano"
38,16.41,31.68,37.51,86.21,6.94,42.26,2.92,47.18,32.85,24,722.71,6.96,14.38,1379.16,"Sano"
23,15.91,38.71,50.56,82.57,6.77,54.21,7.37,31.21,24.62,19.6,902.81,6.73,13.91,1237.79,"Sano"
10,17.85,39.3,59.5,76.93,7.02,51.9,6.92,29.42,22.33,22.67,902.07,7.5,8.31,1070.95,"Sano"
26,15.36,42.6,61.56,82.94,6.6,44.74,5.87,36.12,24.37,22.41,976.83,5.91,11.41,1263.67,"Sano"
37,14.86,29.1,60.11,78.34,7.04,48.2,5.72,27.14,27.67,25.47,879.05,6.51,8.89,1183.88,"Sano"
18,13.2,35.69,57.22,88.44,6.88,48.94,6.48,39.19,26.27,24.11,915.76,8.09,8.67,1139.55,"Sano"
39,16.32,39.72,50.23,80.38,6.86,49.06,4.19,33.29,25.04,18.53,964.78,5.18,10.39,1404.14,"Sano"
36,9,32.01,59.2,69.99,6.45,38.02,4.36,28.77,27.15,25.27,918.33,6.55,6.48,1132.84,"Sano"
35,18.99,40.96,54.66,88.65,6.97,33.73,6.29,37.2,27.05,18.63,847.23,7.71,10.42,1045.81,"Sano"
12,16.01,46.82,53.4,71.14,6.4,51.77,7.41,36.71,22.1,21.07,737.98,6.07,13.7,1362.34,"Sano"
18,15.3,31.71,52.73,70.6,6.94,33.38,4.17,44.11,27.23,24.88,801.76,6.1,11.01,1506.97,"Sano"
33,15.85,23.65,46.75,87.91,6.41,67.61,5.48,38.72,23.16,23.34,947.09,6.26,9.21,1222.86,"Sano"
11,13.19,31.96,38.79,71.94,6.65,56.3,6.63,33.4,32.62,19.83,869.94,8.55,9.11,1055.11,"Sano"
8,11.14,29.81,55.07,67.17,6.64,52.62,4.85,39.67,27.69,23.96,857.69,7.88,10.59,1116.99,"Sano"
39,16.28,32.39,52.82,84.93,6.78,47.6,5.43,35.8,27.93,18.73,828.14,7.34,8.8,1471.23,"Sano"
19,17.04,31.55,46.87,70.11,6.75,42.06,6.6,31.14,24.71,22.22,932.34,7.81,9,1315.03,"Sano"
18,20.48,29.72,64.98,74.21,6.72,56.53,3.97,28.61,33.74,24.34,998.83,7.76,8.65,1165.43,"Sano"
39,18.35,36.98,44.01,82.81,7.06,37.89,5.16,39.93,23.64,22.84,973.51,8.58,8.62,1076.48,"Sano"
31,15.75,34.93,61.54,82.81,6.73,31.65,7.4,32.89,26.2,22.22,848.37,8.52,6.44,1251.48,"Sano"
37,9.91,31.29,65.11,78.27,6.81,44.47,3.75,27.98,26.48,21.66,1090.92,5.16,12.09,1373.8,"Sano"
16,20.36,49.44,32.19,75.35,6.96,46.56,5.56,32.11,19.83,21.45,763.08,7.28,8.83,976.56,"Sano"
20,15.21,32.34,59.35,67.77,6.93,49.59,3.93,29.43,26.25,21.43,661.07,6.21,14.24,1248.21,"Sano"
38,19.54,36.1,45.97,85.12,7.26,48.78,4.3,35.65,23.54,21.46,868.02,6.86,9.8,1028.6,"Sano"
20,10.16,34.65,49.15,85.29,7.26,48.95,4.98,33.08,26.71,18.81,1075.89,7.3,12.96,1382,"Sano"
39,14.82,42.75,59.42,73.97,6.46,52.94,5.45,42.42,25.61,21.59,611.5,6.29,7.95,1089.52,"Sano"
37,11.96,33.57,49.69,75.44,6.7,47.97,5.35,36.86,20.11,21.42,945.11,6.42,8.63,1153.54,"Sano"
30,11.42,29.41,46.4,78.25,6.76,42.09,5.55,41.08,26.88,16.78,764.13,8.29,8.43,1358.55,"Sano"
28,12.64,33.14,48.57,88.23,6.52,44.97,6.04,40.12,25.17,24.21,658.81,6.69,11.04,1205.5,"Sano"
32,18.41,33.16,70.47,75.93,6.31,38.44,4.69,35.44,31.05,23.14,767.54,6.96,6.82,1301.99,"Sano"
10,15.3,38.93,45.75,74.15,7.31,56.33,4.54,40.29,30.14,23,926.2,6.85,11.65,1248.33,"Sano"
39,17.51,35.26,58.36,85.7,6.52,41.83,7.54,28.4,25.98,19,946.17,8.08,12.44,1196.79,"Sano"
11,14.46,30.32,52.1,79.03,7.06,42.97,5.01,36.1,26.59,22.64,909.45,6.31,9.33,1175.47,"Sano"
30,15.16,32.39,60.36,80.95,6.77,48.79,6.77,28.17,26.39,21.58,748.03,6.64,7.29,1203.15,"Sano"
19,17.57,38.54,50.57,72.85,6.42,41.12,6.19,37.14,25.62,22.92,939.43,6.87,8.78,951.32,"Sano"
34,16.01,43.25,54.38,72.57,6.82,29.75,7.17,38.63,22.68,24.81,1200.93,6.33,8.96,1303.17,"Sano"
28,18.13,28.05,53.07,77.72,6.63,39.51,4.2,35.18,27.17,22.01,926.88,6.58,8.71,1288.77,"Sano"
22,12.04,33.94,56.05,88.75,6.55,34.37,5.51,30.83,30.41,20.05,863.94,6.96,7.53,1235.36,"Sano"
15,18.49,31.15,43.01,71.82,6.9,46.18,6,34.46,26.23,20.87,873.73,6.2,5.15,1191.84,"Sano"
15,14.66,31.74,40.29,69.44,6.75,50.87,6.01,38.02,26.41,20.52,813.51,7.35,8.3,1226.22,"Sano"
31,14.47,34.25,66.89,86.62,6.84,33.07,3.65,34.4,21.96,23.07,844.55,7.94,8.24,1273.78,"Sano"
35,15.93,38.02,56.3,90.82,6.58,38.87,4.26,27.31,22,23.13,862.27,6.79,11.08,1365.97,"Sano"
36,14.96,20.64,70.7,66.12,6.43,48.09,5.64,34.33,27.76,25.5,956.01,7.63,9.93,1283.73,"Sano"
12,12.3,29.38,17.14,84.23,6.87,41.93,4.63,38.67,21.54,19.97,637.2,8.41,9.07,1321.96,"Sano"
39,14.91,41.46,51.43,79.07,6.72,39.48,4.51,36.93,29.35,22.73,733.89,7.38,9.22,1087.08,"Sano"
12,12.59,33.41,46.77,73.02,6.52,63.03,5.6,33.13,19.96,21.58,738.36,6.99,11.47,1088.1,"Sano"
17,11.48,21.02,59.82,74.15,6.98,44.04,5.92,32.12,23.67,19.46,872.18,8.69,9.16,1107.39,"Sano"
38,16.6,43.1,61.68,92.61,6.21,41.03,5.66,30.5,24.56,21.74,1052.59,6.13,8.99,1228.38,"Sano"
15,16.24,27.94,51.28,71.48,6.34,56.27,4.26,46.22,27.96,20.47,997.01,7.87,8.66,1121.38,"Sano"
26,16.36,45.94,50.98,81.61,7.44,54.05,7.23,41,33.25,21.64,926.49,4.4,9.54,1180.47,"Sano"
16,12.94,46.27,52.94,77.61,7.43,37.34,5.51,39.06,23.81,19.93,1037.66,6.23,10.24,1210.76,"Sano"
15,17.52,28.7,44.61,74.52,6.41,58.46,5.33,30.5,19.9,21.47,777.99,5.08,8.65,1370.06,"Sano"
33,13.08,37.74,55.75,77.44,6.69,35.31,5.86,39.81,19.18,22.56,1053.06,6.01,14.41,1105.66,"Sano"
29,15.71,30.79,57.48,85.58,6.45,46.06,6.22,38.42,22.66,21.96,883.03,6.08,10.08,1224.33,"Sano"
23,11.66,18.49,44.71,78.3,6.76,36.03,7.77,38.98,22.77,22.36,794.02,8.4,9.85,1057.23,"Sano"
20,13.25,30.3,54.7,67.58,6.64,54.4,7.73,29.16,27.78,23.54,748.41,6.91,11.25,1156.69,"Sano"
20,13.48,22.49,69.79,83.84,7.34,40.87,3.54,28.73,24.38,21.63,639.71,6.35,9.33,1469.17,"Sano"
10,12.66,51.88,61.7,65.49,6.33,50.39,4.72,41.97,22.81,19.96,744.41,7.89,9.22,1203.91,"Sano"
36,16.64,38.28,53.99,88.49,7.21,55.37,6.92,35.85,32.66,20.1,749.67,7.16,10.19,1165.26,"Sano"
20,17.39,41.65,48.3,71.87,6.93,44.32,5.22,40.23,23.1,20.42,706.46,8.42,9.13,1066.65,"Sano"
15,9.99,28.93,58.49,79.37,6.96,41.25,5,33.81,33.23,22.4,1100.53,6.24,11.66,1229.57,"Sano"
21,19.17,39.29,61.55,88.93,6.85,47.32,7.04,30.43,24.12,22.12,1104.85,5.75,9.74,1126.06,"Sano"
25,14.74,30.98,51.04,73.82,7,55.32,6.55,24.2,22.01,22.3,810.77,5.55,10.66,1209.67,"Sano"
23,16.1,35.73,55.15,76.54,6.47,41.21,3.18,31.04,19.46,24.2,708.3,7.46,11.91,1087.84,"Sano"
26,15.63,29.89,49.69,86.31,6.8,49.58,6.48,43.87,26.15,22.66,875.08,6.72,13.7,1363.61,"Sano"
14,17.67,38.96,50.35,87.4,6.41,36.47,5.08,40.64,18.64,16.31,791.04,6.57,9.94,1332.5,"Sano"
15,12.06,34.21,47.82,90.18,7.03,50.2,4.58,43.07,21.92,22.54,1015.49,6.84,13.28,1348.32,"Sano"
31,14.33,28.48,56.56,79.84,6.71,37.47,5.01,29.78,27.7,20.46,954.33,7.73,8.4,1121.7,"Sano"
36,12.68,36.91,62.55,86.34,6.96,40.44,5.49,38.8,28.06,21.8,781.12,4.95,8.4,1037.58,"Sano"
39,11.52,29.35,53.83,72.47,6.57,32.69,4.98,32.98,25.08,22.75,910.3,6.03,8.64,1182.63,"Sano"
36,13.82,42.76,42.29,86.37,6.84,46.95,5.81,32.73,25.91,21.8,788.45,7.46,10.46,1375.87,"Sano"
12,11.2,22.62,60.93,78.87,6.73,50.02,4.97,30.84,26.18,21.98,589.88,8.56,14.88,1183.09,"Sano"
21,14.51,33.75,59.17,84.56,7.24,55.14,3.77,31,17.18,20.23,724.68,7.53,8.66,1205.69,"Sano"
24,18.56,27.91,58.19,88.49,6.72,59.99,5.81,39.65,31.06,24.36,813.29,6.91,6.92,1161.3,"Sano"
11,16.26,39.09,31.38,69.25,6.5,46.54,6.4,37.54,21.53,24.06,919.85,8.26,7.56,1339.7,"Sano"
16,12.17,38.13,57.65,60.09,7.01,41.56,6.36,39.86,26.57,23.94,986.2,6.63,10.4,1062.06,"Sano"
30,15.5,36.74,54.93,79.68,6.99,46.16,6.87,33.99,22.35,20.38,958.1,4.92,9.16,1384.08,"Sano"
28,9.92,33.25,43.72,77.09,6.77,45.36,6.09,33.4,26.21,24.05,961.23,6.07,8.95,1373.84,"Sano"
8,16.27,42.89,65.49,73.37,7.09,42.38,4.95,42.49,25.51,22.96,886.82,5.16,9.39,1070.79,"Sano"
29,14.45,31.16,53.29,91.67,6.91,35.44,3.29,44.78,22.08,18.37,946.26,6.71,11.28,1249.58,"Sano"
13,12.57,42.54,65.46,82.01,7.35,56.87,5.05,33.71,27.53,19.42,695.37,6.5,9.58,976.67,"Sano"
32,12.69,44.92,39.3,72.56,6.83,46.2,5.96,38.07,21.58,21.96,761.27,8.26,8.09,1199.24,"Sano"
19,9.74,27.23,52.15,91.54,6.92,46.15,5.26,37.75,22.76,21.79,935.09,7.72,11.39,1199.06,"Sano"
27,16.74,32.17,58.81,69.15,6.26,50.63,6.64,34.59,20.21,22.01,814.58,9,9.04,1102.62,"Sano"
10,17.3,28.11,58.9,66.13,7.35,46.41,6.13,37.51,19.74,23.05,941.67,7.08,6.51,975.98,"Sano"
28,20.35,39.05,43.01,83.03,7.04,40.81,5.47,38.6,28.07,20.28,571.79,7.36,11.92,1295.56,"Sano"
27,17.08,44.55,47.1,66.82,6.9,52.39,4.94,38.74,25.58,26.36,878.94,6.68,10.76,1231.95,"Sano"
22,13.88,44.48,37.12,82.18,6.57,52.39,4.91,38.01,23.72,22.19,710.29,6.24,9.5,1407.46,"Sano"
36,17.49,40.38,56.29,70.67,6.67,52.53,4.7,34.66,27.1,24.71,1027.31,8.67,8.14,1306.01,"Sano"
35,17.33,44.56,56.63,92.91,6.92,57.16,6.17,40.87,25.87,22.19,856.5,8.05,9.16,1204.38,"Sano"
39,12.88,35.84,74.87,81.76,6.85,51.68,4.07,36.48,26.22,19.86,1088.38,9.13,10.07,961.9,"Sano"
38,18.06,34.77,50.51,88.45,6.31,52.87,6.5,35.7,24.82,21.67,791.95,7.51,11.49,1182.47,"Sano"
20,15.42,33.02,57.98,84.68,7.03,48.62,5.37,39.25,22.25,24.63,830.44,7.21,11.53,1392.38,"Sano"
9,11.15,45.84,62.52,72.49,6.74,43.15,3.98,47.53,25.07,25.2,994.34,5.44,8.23,1294.89,"Sano"
30,15.33,38.18,54.93,60.04,6.38,49.06,5.53,31.76,21.69,21.94,718.17,7.05,12.04,1081.1,"Sano"
16,18.74,39.03,68.78,81.7,7.02,29.96,5.86,36.43,23.84,20.82,895.77,5.14,8.48,1462.77,"Sano"
8,14.17,36.67,57.63,82.29,7.33,44.53,5.92,38.43,29.78,21.37,999.17,6.79,9.18,1353.98,"Sano"
28,15.91,34.35,61.98,89.71,6.72,30.34,5.92,32.93,21.59,19.7,962.13,7.19,8.94,1139.44,"Sano"
8,22.06,42.01,57.25,85.71,6.8,37.03,5.63,39.16,29.34,21.04,726.2,8.59,10.72,1041.67,"Sano"
32,14.04,37.33,56.24,84.29,6.79,34.42,4.87,28.73,24.21,22.63,921.71,6.73,10.99,844.28,"Sano"
15,21.17,40.67,45.55,79.79,6.33,33.52,4.19,40.42,27.66,22.02,927.33,6.43,13.4,1443.74,"Sano"
31,12.28,34.76,56.14,95.12,6.79,55.29,4.57,36.38,22.16,22.35,953.66,7.36,11.63,1100.89,"Sano"
31,16.47,37.09,65.51,85.5,6.7,48.76,5.58,40.92,21.13,25.13,1106.4,6.07,10.72,1103.89,"Sano"
25,16.18,36.6,58.07,77.96,7.2,37.77,4.39,34.82,19.61,21.12,878.68,6.96,12.64,1142.74,"Sano"
30,12.24,33.63,45.83,88.72,7.13,59.9,5.86,36.93,24.72,21.41,928.31,7.22,9.12,1131.69,"Sano"
24,14.78,36.51,51.83,86.69,6.48,42.12,7.29,32.85,24.43,22.43,727.9,8.26,10.9,1274.88,"Sano"
30,9.84,34.18,53.96,74.38,6.94,38.42,2.89,33.14,20.96,25.36,730.25,6.83,11.76,1179.46,"Sano"
16,17.13,47.5,64.02,90.31,6.69,49.41,4.41,31.35,24.86,23.23,686.91,7.1,13.35,988.55,"Sano"
38,17.24,30.55,61.48,86.15,6.88,45.82,4.65,34.8,31.15,18.02,974.48,7.3,8.13,1115.35,"Sano"
37,14.72,34.24,68.42,86.78,7.04,49.24,5.9,32.18,27.15,21.45,807.37,6.26,10.34,1188.85,"Sano"
35,17.33,30.45,63.58,73.07,6.64,52,5.8,31.86,28.01,17.87,823.05,7.21,9.99,907.63,"Sano"
11,21.11,39.89,53.97,73.08,7.18,32.36,5.19,31.49,28.11,21.93,751.02,6.32,11.46,1449.68,"Sano"
30,18.65,32.14,49.15,63.99,6.64,48.16,5.49,34.06,29.88,23.54,917.8,7.26,7.67,1278.28,"Sano"
13,12.85,32.19,58.07,74.98,6.89,31.18,6.99,38.09,28.38,22.78,750.75,5.7,6.79,826.58,"Sano"
29,12.62,26.99,61.47,83.93,6.71,49.99,7.14,29.34,28.64,21.51,781.34,8.97,6.69,1100.97,"Sano"
19,12.07,41.45,54.06,64.4,6.52,44.28,5.92,35.19,21.93,20.3,915.52,6.95,6.73,1225.94,"Sano"
11,18.38,41.65,55.79,83.42,6.11,34.1,5.32,33.66,28.18,23.47,899.77,6.79,12.7,1304.67,"Sano"
20,14.34,37.06,71.04,78.18,6.97,41.89,5.57,37.05,24.67,19.48,780.29,5.82,7.52,1362.2,"Sano"
38,13.66,31.27,45.55,64.56,6.49,53.76,4.75,27.88,19.99,25.82,840.53,7.34,6.43,1211.26,"Sano"
23,13.68,37.88,62.12,84.37,6.59,47.61,5.81,39.92,21.72,21.8,891.84,7.15,11.01,1048.37,"Sano"
32,10.53,32.12,51.71,83.08,7.22,34.28,5.9,33.67,24.83,21.71,935.03,8.53,14.31,1170.07,"Sano"
34,21.28,41.32,63.72,84.62,7.09,51.6,7.91,33.77,25.01,21.56,919.66,8.25,6.96,1209.58,"Sano"
37,18.36,45.88,47.4,73.1,7.15,34.42,4.61,38.83,25.99,18.27,767.42,6.89,11.47,1176.62,"Sano"
27,10.15,41.58,63.14,76.32,7.21,40.85,7.92,45.01,18.47,24.41,442.65,5.11,11.69,1210.58,"Sano"
36,20.93,26.36,42.16,91.94,6.56,43.81,5.16,40.91,27.37,21.48,678.42,6.77,8.4,1362.93,"Sano"
34,16.22,36.37,62.86,80.87,7.06,40.2,7.12,37.55,29.17,22.12,615.67,5.08,12.11,1427.96,"Sano"
31,17.29,29.24,56.68,76.9,7.23,27.06,5.27,27.16,23.79,22.27,906.56,8.55,8.81,1228.83,"Sano"
17,11.62,26.63,66.1,77.27,6.75,58.39,6.15,30.14,32.82,23.08,777.29,8.16,9.7,1265.31,"Sano"
31,14.49,43.89,48.1,81.75,7,49.04,6.26,31.45,19.73,23.56,840.61,7.53,6.85,1197.04,"Sano"
8,21.08,32.85,70.55,61.62,6.61,58.17,4.92,34.42,27.78,23.52,868.6,8.21,8.93,864.88,"Sano"
22,16.72,30.92,50.26,78.3,7.4,44.47,6.18,30.98,29.61,24.44,737.77,6.15,8.43,985.04,"Sano"
24,19.82,32,51.84,89.74,6.84,29.37,5.66,37.67,25.02,20.04,856.32,7.68,10.39,1371.04,"Sano"
34,17.36,36.47,48.95,74.35,6.52,38.56,6.04,38.01,28.83,23.11,896.17,7.08,6.63,1330.3,"Sano"
19,11.5,22.08,47.16,69.37,6.77,55.22,3.84,26.78,24.68,26.43,928.11,8.24,10.18,1391.59,"Sano"
19,15.81,31.69,67.09,83.72,6.69,45.56,7.09,32.34,29.92,20.23,773.97,5.56,9.5,1015.86,"Sano"
19,17.35,28.21,42.84,69.86,7.36,39.76,6.13,29.84,24.85,24.84,670.12,8.13,7.37,1289.85,"Sano"
28,11.25,33.1,42.85,81.5,7.16,47.88,5.94,37.28,25.4,24.11,952.52,6.56,7.89,1164.6,"Sano"
21,14.9,25.32,45.44,80.85,6.67,38.51,5.23,33.26,17.94,17.35,850.84,7.35,8.78,1151.76,"Sano"
23,14.68,38.9,47.87,72.84,7,44.08,6.83,27.86,24.11,23.34,794.94,7.03,9.34,1303.14,"Sano"
21,14.01,30.59,45.61,80.89,6.38,53.14,5.15,31.11,10.96,19.13,719.83,7.26,7.23,1161.3,"Sano"
17,14.12,33.94,59.65,71.11,6.8,37.44,5.2,35.63,23.75,21.38,836.09,7.4,10.33,1160.24,"Sano"
12,10.2,26.06,55.93,71.92,6.77,61.8,5.71,37.63,22.68,21.77,924.82,7.64,8.81,1159.22,"Sano"
29,18.47,34,52.59,89.17,7.18,40.22,3.85,35.94,28.72,23.57,881.15,8.97,6.73,1300.02,"Sano"
37,11.34,28.34,56.94,87.07,6.89,41.18,4.91,36.28,25.05,20.86,809.56,7.73,7.77,1420.15,"Sano"
18,15.64,35.36,42.73,71.09,7.35,49.28,5.55,33.35,18.78,18.65,909.17,6.28,13.38,1272.16,"Sano"
28,15.83,37.34,53.19,71.1,6.15,46.32,5.81,34.06,18.39,20.91,792.08,6.73,8.67,1285.32,"Sano"
15,16.79,34.66,38.94,84.93,6.92,38,6.46,35.81,23.22,23.85,912.13,6.5,12.1,1408.72,"Sano"
16,18.22,31.94,47.82,69.3,7.03,46.14,4.21,31.31,22.72,22.91,913.3,6.05,9.79,1372.14,"Sano"
12,21.64,40.02,50.71,84.38,6.36,38.54,5.05,27.77,22.54,22.67,789.22,8.42,7.21,1382.06,"Sano"
23,18.48,33.4,52.96,86.61,6.91,42.39,5.38,40.09,27.63,23.42,913.02,6.19,11.62,1366.01,"Sano"
33,14.49,36.82,36.45,85.59,7.24,39.58,6.09,39.81,33.66,21.91,907.35,7.17,12.43,1376.73,"Sano"
19,16.64,39.57,56.31,80.01,6.82,61.78,6.32,33.53,22.71,23.29,799.86,6.9,9.77,1390.2,"Sano"
10,19.67,38.06,53.63,71.59,6.57,46.61,4.78,41.2,26.48,21.53,710.26,5.77,10.25,1466.81,"Sano"
32,21.49,36.92,59.48,77.24,6.83,31.72,4.64,38.4,28.35,22.69,808.5,6.89,8.01,1304.74,"Sano"
15,11.62,34.53,50.45,47.95,6.35,16.76,5.41,28.78,13.25,29.19,257.52,7.42,14.33,941.67,"Estres_Hidrico"
21,10.89,27.58,41.58,65.88,6.89,16.77,5.48,11.4,25.32,31.08,317.25,8.66,13.31,1088.23,"Estres_Hidrico"
20,11.74,30.03,39.2,51.23,6.28,11.14,4.18,15.86,16.93,26.94,262.1,6.23,15.56,1258.26,"Estres_Hidrico"
18,11.47,27.34,51.96,67.72,6.55,15.86,3.13,24.98,24.59,32.97,250.86,7.24,16.26,1246.88,"Estres_Hidrico"
25,13.97,32.78,52.5,50.58,5.67,16.94,5.86,32.41,16.71,28.13,377.43,7.18,13.49,1113.79,"Estres_Hidrico"
20,13,33.29,53.35,61.66,7.23,18.99,6.08,35.53,21.24,29.16,280.86,8.39,14.2,1403.39,"Estres_Hidrico"
28,13.54,33.2,46.16,62.81,5.88,16.53,4.53,29.03,15.87,27.61,383.79,7.69,12.93,928.8,"Estres_Hidrico"
26,8.03,25.74,58.24,40.71,6.66,19.24,4.17,21.11,19.76,28.64,389.62,7.56,17.42,1279.77,"Estres_Hidrico"
15,10.74,34.81,42.81,45.04,6.77,16.05,5.18,26.24,15.83,28.99,440.32,8.08,16.76,1084.9,"Estres_Hidrico"
30,16.34,33.72,47.82,42.41,7.12,21.7,5.32,34.07,25.81,26.82,315.27,7.35,10.43,1143.36,"Estres_Hidrico"
21,10.3,28.54,36.12,51.45,5.79,21.01,4.62,32.57,28.1,25.82,410.32,7.98,10.84,791.5,"Estres_Hidrico"
15,15.32,28.78,34.71,55.35,6.19,14.12,4.59,23.48,20.9,32.4,396.43,7.24,15.53,1386.07,"Estres_Hidrico"
37,7.86,18.36,45.47,69.02,6.43,21.41,3.06,28.9,18.03,33.41,195.48,7.84,14.45,1251.62,"Estres_Hidrico"
14,15.7,33.75,48.54,42.56,6.32,20.58,6.02,29.48,22.28,30.46,316.34,7.28,12.23,945.73,"Estres_Hidrico"
26,7.83,30.71,55.46,61.37,6.81,19.34,5.06,22.51,13.93,31.13,328.99,7.55,12.96,1144.53,"Estres_Hidrico"
9,13.52,23.43,48.2,44.13,6.44,25,5.74,26.86,19.61,23.82,344.63,8.16,15.13,972.55,"Estres_Hidrico"
11,15.02,28.73,55.77,40.94,6.77,8.54,4.83,18.37,18.19,24.49,369.04,7.39,17.55,1078.31,"Estres_Hidrico"
29,14.62,31.92,46.82,56.58,6.4,19.05,3.52,21.34,19.47,23.23,436.08,7.66,14.3,1068.82,"Estres_Hidrico"
28,10.28,30.09,29.16,73.19,6.84,18.73,5.38,25.61,25.01,29.41,324.1,7.87,15.25,1071.42,"Estres_Hidrico"
17,13.18,31.44,48.75,50.91,6.03,22.92,3.57,12.43,16.14,27.15,368.93,6.73,12.59,1425.77,"Estres_Hidrico"
13,11.88,32.11,38.66,58.2,6.15,24.19,5.01,22.23,15.76,30.93,385.73,6.65,13.91,1049.45,"Estres_Hidrico"
28,15.49,30.01,34.52,44.5,5.66,8.75,4.3,25.92,15.04,25.83,314,7.41,15.12,1442.71,"Estres_Hidrico"
12,9.62,37.69,48.73,56.27,6.79,16.66,3.13,31.91,19.55,27.81,331.34,8.46,13.24,1142.94,"Estres_Hidrico"
32,15.52,28.34,44.49,62.77,6.83,21.38,5.83,14.49,16.35,29.43,437.97,7.94,12.19,1393.6,"Estres_Hidrico"
27,9.3,37.81,35.6,36.76,6.43,7.46,2.88,18.44,18.2,24.92,193.15,7.79,12.61,1204.8,"Estres_Hidrico"
9,16.38,35.29,42.47,69.73,6.8,12.72,5.29,30.16,23.02,26.75,394.08,10.43,15.59,1291.37,"Estres_Hidrico"
25,14.53,18.93,35.56,53.85,7.1,21.13,6.63,35.6,22.16,32.01,499.95,6.24,14.91,1227.04,"Estres_Hidrico"
8,16.02,29.31,40.13,48.13,6.45,14.66,4.1,26.13,18.39,30.69,332.26,8.93,11.02,929.37,"Estres_Hidrico"
24,8.54,17.72,57.39,54.1,6.67,14.53,5.02,27.85,22.39,32.27,382.14,7.91,12.65,1184.95,"Estres_Hidrico"
34,7.05,24.88,28.01,45.54,6.46,26.53,3.02,25.24,15.2,30.73,326.22,8.34,13.81,1383.67,"Estres_Hidrico"
33,16.57,47.27,40.32,42.76,6.25,25.36,4.42,21.93,17.79,30.73,183.39,8.91,14.1,1219.43,"Estres_Hidrico"
8,17.5,6.77,37.07,61,6.89,18.27,3.29,24.03,13.04,26.95,278.52,8.1,13.47,1221.7,"Estres_Hidrico"
11,10.74,31.97,37.21,59.03,6.54,26.1,5.44,31.02,23.09,28.5,365.33,6.81,14.62,1312.92,"Estres_Hidrico"
38,16.71,25.22,45.76,76.8,6.05,19.9,6.32,23.61,15.68,26.87,460.39,10.77,16.01,1096.32,"Estres_Hidrico"
23,15.04,21.14,46.49,45.04,5.62,22,5,19.75,18.08,30.77,497.32,8.18,11.07,1247.6,"Estres_Hidrico"
28,12.82,30.07,52.47,58.57,6.74,33.11,5.77,35.84,20.6,30.63,382.11,6.82,16.29,1038.5,"Estres_Hidrico"
23,15.65,35.74,47.43,31.6,6.92,22.52,5.14,22.49,21.23,28.23,504.53,8.73,12.63,1375.05,"Estres_Hidrico"
32,17.71,31.2,50.4,64.18,6.69,16.36,4.53,24.47,20.4,28.97,529.39,8.24,16.61,1257.42,"Estres_Hidrico"
30,7.67,34.64,45.5,58.65,6.64,10.7,4.26,28.23,17.84,29.99,463.43,6.33,12.15,1385.95,"Estres_Hidrico"
28,18.71,10.58,49.6,67.99,5.98,15.39,5.69,22.21,19.14,32.55,285.81,4.94,16.11,1243.26,"Estres_Hidrico"
27,13.89,9.87,25.07,60.21,6.31,20.19,4.25,28.99,20.59,26.72,394.53,8.45,14.46,1184.25,"Estres_Hidrico"
14,12.05,23.58,41.01,45.89,6.78,20.73,6.28,24.41,22.21,28.99,399.3,8.46,13.08,1383.03,"Estres_Hidrico"
39,10.02,31.09,48.67,48.7,6.41,22.12,3.51,27.11,23.7,29.01,163.05,7.74,15.29,1408.65,"Estres_Hidrico"
31,13.56,33.44,63.6,62.25,6.64,16.66,5.23,25.08,21.06,26.46,442.01,8.49,15.78,1047.3,"Estres_Hidrico"
36,14.18,32.18,46.97,44.83,6.25,12.83,4.37,25.44,17.23,27.1,326.35,7.31,15.5,1046.31,"Estres_Hidrico"
33,11.06,26.99,39.7,73.5,6.48,16.85,3.42,22.54,16.75,28.9,339.68,8.1,14.46,1155.81,"Estres_Hidrico"
32,13.98,30.64,44.79,60.64,6.99,9.63,4.08,21.81,18.13,29.64,431.6,4.68,13.65,1046.34,"Estres_Hidrico"
18,13.05,26.18,20.25,62.93,5.66,17.51,4.01,29.16,22.73,29.1,382.65,7.77,15.31,1013.56,"Estres_Hidrico"
35,11.75,35.91,54.84,61.45,6.43,13.63,5.74,17.19,14.35,29.56,402.79,6.28,16,1227.14,"Estres_Hidrico"
34,10.88,19.51,57.62,52.07,6.53,14.16,4.8,30.79,19.52,30.02,395.08,7.27,13.82,879.39,"Estres_Hidrico"
35,15.51,33.09,49.18,40.64,6.64,11.84,5.14,21.13,20.25,26.52,330.31,8.13,11.89,1146.13,"Estres_Hidrico"
32,8.66,26.8,46.14,63.73,5.77,13.19,4.8,25.89,22.53,30.81,482.7,7.21,15.06,1011.98,"Estres_Hidrico"
26,10.34,32.76,43.31,56.24,6.46,13.01,4.31,34.97,15.59,25.4,403.06,9.48,12.1,1046.18,"Estres_Hidrico"
34,11.77,31.99,48.8,54.44,6.72,7.11,5.99,26.74,11.53,29.71,498.88,7.96,12.42,1214.19,"Estres_Hidrico"
31,6.88,36.82,50.92,65.24,6.77,9.3,6.26,27.77,14.36,28.25,333.79,7.9,16.55,1294.97,"Estres_Hidrico"
22,7.99,32.25,63.7,56.35,6.83,21.04,5.43,26.6,15.86,28.29,248.35,8.61,11,1202.63,"Estres_Hidrico"
25,8.88,32.79,59.62,50.21,6.89,9.27,3.39,25.62,19.21,27.55,238.61,8.6,12.91,1170.74,"Estres_Hidrico"
18,12.92,23.24,37.46,39.35,7.09,14.97,2.8,30,13.69,29.3,418.62,9.58,17.27,1184.84,"Estres_Hidrico"
39,12.45,30.15,53.78,51.32,6.64,17.51,4.54,29.91,21.33,26.45,485.65,7.71,15.18,1163.21,"Estres_Hidrico"
24,15.4,37.41,27.24,68.82,6.33,13.78,3.62,25.42,20.14,30.64,419.66,6.98,14.79,1402.61,"Estres_Hidrico"
21,12.03,38.44,46.48,66.97,6.68,16.22,3.85,24.31,18.11,24.7,430.55,8.31,14.52,1195.8,"Estres_Hidrico"
36,13.06,20.17,39.1,50.21,5.81,25.36,3.63,25.44,23.76,28.01,404.34,7.53,11.65,1056.19,"Estres_Hidrico"
8,16.7,28.42,31.07,53.51,6.6,18.53,4.99,22.72,16.43,27.55,350.13,6.91,15.76,1108.59,"Estres_Hidrico"
11,16.08,42.83,38.54,56.3,7.44,9.68,3.73,25.87,12.94,25.12,455.91,8.91,15.57,1251.55,"Estres_Hidrico"
17,12.24,31.01,53.34,51.97,6.65,14.01,5.01,26.35,19.59,28,369.82,8.23,13.61,1132.38,"Estres_Hidrico"
32,12.28,34.92,33.78,62.62,6.34,8.88,5.45,20.17,20.2,23.51,383.01,7.46,13.28,900.83,"Estres_Hidrico"
23,18.47,29.64,31.79,65.48,6.48,20.69,3.06,29.31,21.72,30.97,436.92,6.74,16.89,1279.64,"Estres_Hidrico"
28,3.94,32.84,45.35,55.97,6.22,16.16,5.63,19.71,18.06,29.41,257.72,7.95,12.37,1063.95,"Estres_Hidrico"
11,13.83,31.6,44.14,70.3,6.03,13.46,4.83,23.04,23.03,26.04,313.64,5.85,16.9,1257.7,"Estres_Hidrico"
25,15.02,20.23,50.33,71.09,6.55,13.45,5.98,21.02,18.06,27.81,218.02,7.91,12.63,1353.9,"Estres_Hidrico"
39,9.57,30.94,50.41,60.23,6.38,17.08,5.39,23.11,16.54,32.78,269.18,9.72,11.35,1206.01,"Estres_Hidrico"
31,9.95,23.55,46.8,46.93,6.47,19.68,5.24,22.38,20.53,34.16,297.75,8.23,16.05,1160.79,"Estres_Hidrico"
27,15.24,27.44,38.95,51.91,6.12,22.18,4.83,31.19,27.06,28.88,194.7,7.36,12.08,1292.26,"Estres_Hidrico"
23,17.68,17.72,49.5,66.49,6.61,14.63,4.38,22.17,22.88,26.13,326.5,8.72,9.4,898.32,"Estres_Hidrico"
22,13.15,38.9,48.94,56.44,6.84,17.95,3.48,20.18,17.14,24.34,395.59,8.02,12.79,1112.17,"Estres_Hidrico"
21,13.03,27.47,35.34,56.72,6.28,17.69,5.66,24.94,18.05,26.93,281.45,7.17,14.45,926.37,"Estres_Hidrico"
32,15.57,33.57,44.26,41.6,6.51,22.27,6.47,22.06,9.35,25.9,255.64,6.67,16.14,1297.29,"Estres_Hidrico"
35,12.62,33.19,40.3,62.77,6.7,17.18,4.2,30.35,21.24,29.21,454.2,7.68,12.25,1426.11,"Estres_Hidrico"
8,11.09,38.2,51.27,59.78,6.43,23.69,6.36,32.67,16.76,32.11,306.65,8.49,12.37,1038.33,"Estres_Hidrico"
8,12.85,31.43,43.5,56.55,5.91,27.61,5.36,26.39,13.76,31.47,379.21,8.96,15.21,1221.32,"Estres_Hidrico"
24,12.46,28.54,57.1,29.32,6.71,15.48,5.05,36.67,15.98,33.46,323.15,7.87,16.42,1136.38,"Estres_Hidrico"
29,16.92,30.7,43.13,42.09,6.59,12.9,4.97,25.3,15.15,28.56,526.73,6.33,11.72,710.72,"Estres_Hidrico"
26,14.26,37.67,55.98,56.06,7.09,17.91,5.16,29.84,12.61,28.55,510.93,7.46,14.28,1073.99,"Estres_Hidrico"
8,10.77,41.22,50.43,58.6,6.52,19.76,2.99,26.97,13.12,31.63,409.52,7.09,14.45,1028.35,"Estres_Hidrico"
26,13.86,32.11,62.2,52.14,7.2,21.95,4.44,17.61,13.57,26.52,320.56,8.99,12.33,982.66,"Estres_Hidrico"
17,13.58,32.84,47.71,58.27,6.64,16.22,4.17,30.24,17.94,32.72,380.19,7.39,18.25,1167.86,"Estres_Hidrico"
8,16.13,31.84,56.7,42.66,7.03,17.95,6.79,23.31,15.8,29.42,376.06,7.71,14.25,943.6,"Estres_Hidrico"
20,14.47,26.67,51.72,62.45,6.46,14.67,2.18,20.83,22.36,29.71,364.39,8.38,13.92,1284.92,"Estres_Hidrico"
22,14.6,26.61,46.26,58.47,6.02,18.53,5.85,21.42,17.86,29.95,449.16,9.74,14.26,1120.52,"Estres_Hidrico"
37,13.36,35.58,33.15,35.84,6.08,15.38,5.02,22.45,12.86,20.77,345.51,5.16,16.05,1269.66,"Estres_Hidrico"
19,11.01,21.99,59.76,51.98,5.81,21.82,4.29,25.43,6.98,27.96,371.13,9.25,14.24,1471.37,"Estres_Hidrico"
34,13.19,21.32,32.41,59.22,7.58,8.94,4.57,20.8,14.78,27.48,343.86,6.78,13.59,1287.82,"Estres_Hidrico"
9,10.28,38.17,39.12,51.34,6.69,12.35,5.01,24.49,12.28,28.69,309.99,8.66,11.94,928.29,"Estres_Hidrico"
26,8.52,30.37,46.5,69.07,5.85,20.42,3.79,28.54,20.23,28.82,303.59,8.49,14.57,1276.28,"Estres_Hidrico"
36,16.79,31.19,40.06,47.22,6.63,22.71,3.83,26.37,21.25,28.27,381.31,7.6,14.51,1141.2,"Estres_Hidrico"
36,10.24,27.56,43.34,46.5,6.7,17.83,4.97,28.59,18.49,22.69,221.94,9.03,12.89,1103.05,"Estres_Hidrico"
12,11.69,31.29,34.22,49.72,7.27,11.3,4.63,23.27,12.35,28.98,311.47,6.74,13.14,1209.4,"Estres_Hidrico"
8,13.84,27.3,57.21,71.15,6.41,22.21,4.42,24.74,16.78,31.15,400.19,9.13,12.03,1038.3,"Estres_Hidrico"
8,11.38,22.13,45.72,48.99,6.83,12.43,5.96,13.46,22.04,28.62,260.19,8.7,12.08,1267.03,"Estres_Hidrico"
23,5.65,24.1,33.99,34.96,6.19,22.12,5.78,29.3,18.65,25.49,401.84,8.09,15.35,960.96,"Estres_Hidrico"
18,8.86,26.77,38.9,71.33,5.86,16.04,5.45,23.21,20.4,32.8,342.18,7.68,15.21,983.37,"Estres_Hidrico"
36,9.84,30.36,50.74,69.4,6.62,15.71,4.05,17.09,13.48,20.48,202.65,9.63,11.38,1396.84,"Estres_Hidrico"
10,14.02,23.22,49.01,56.83,6.22,14.66,5.81,39.54,22.15,28.72,483.46,7.43,15.48,1013.89,"Estres_Hidrico"
23,12.14,26.88,30.37,56.86,6.58,11.57,3.1,22.91,16.06,26.84,397.92,9.87,13.06,1211.82,"Estres_Hidrico"
39,15.14,39.75,41.62,61.47,6.55,19.95,3.12,31.27,15.59,28.61,397.38,8.59,14.84,1335.52,"Estres_Hidrico"
24,11.54,19.64,51.45,48.46,6.24,18.09,2.87,31.57,18.3,30.7,273.79,8.22,8.89,1425.47,"Estres_Hidrico"
29,12.57,24.7,41.44,57.06,6.69,11.09,5.49,26.02,16.47,26.92,380.53,10.66,12.86,1064.66,"Estres_Hidrico"
18,9.35,28.99,40.64,63.91,6.42,19.83,4.15,28.7,12.86,31.82,314.97,8.19,15.64,1135.25,"Estres_Hidrico"
36,13.81,31.9,52.58,38.09,6.89,20.24,2.53,25.02,14.88,27.27,316.64,7.98,10.08,1198.47,"Estres_Hidrico"
24,15.28,32.18,36.42,56.56,6.19,23.01,4.98,28.48,12.12,32.52,435.91,6.15,11.37,1180.04,"Estres_Hidrico"
33,16.01,22.29,58.32,57.68,6.5,17.03,5.34,29.78,23.37,28.51,361.65,8.57,15.24,1140.11,"Estres_Hidrico"
27,13.94,18.11,33.73,58.86,7.23,16.44,5.16,27.42,11.8,28.83,399.11,7.92,14.04,1161.36,"Estres_Hidrico"
19,16.38,24.15,40.12,44.38,6,19.08,3.65,29.06,24.58,22.44,374.79,8.19,14.25,967.17,"Estres_Hidrico"
30,9.08,22.3,45.12,58.52,7.3,21.21,5.04,28.27,17.32,25.37,375.26,8.59,16.52,1136.26,"Estres_Hidrico"
12,13.45,24.22,55.93,32.3,5.99,21.24,3.98,22.24,22.01,27.91,401.54,6.86,12.58,1120.33,"Estres_Hidrico"
37,16.91,28.11,52.39,54.88,6.24,27.67,4.66,28.63,16.52,34.03,194.78,7.98,14.66,1177.35,"Estres_Hidrico"
16,4.5,34.62,42,61.28,6.59,16.95,2.38,26.24,18.21,27.37,341.41,8.47,13.7,1251.71,"Estres_Hidrico"
30,13.32,26.63,53.89,62.63,6.4,20.15,3.81,28.45,17.12,31.5,278.17,10.18,13.5,1321.05,"Estres_Hidrico"
36,16.32,31.09,50.45,37.22,6.2,16.72,4.46,25.91,11.17,25.24,396.06,8.52,13.35,1292.77,"Estres_Hidrico"
34,18.72,34.48,46.64,55.03,6.44,23.82,5.25,24.98,17.46,30.11,347.54,7.4,13.61,981,"Estres_Hidrico"
23,6.69,48.41,47.51,50.41,6.33,21.07,4.48,16.43,13.71,31.45,354.03,7.2,14.92,987.1,"Estres_Hidrico"
10,13.04,26.42,30.71,70.15,5.84,15.02,4.3,20.73,15.06,33.48,412.12,8.13,10.02,1287.31,"Estres_Hidrico"
36,21.67,36.61,36.87,65.86,6.38,18.72,4.93,20.92,26.82,25.03,288.27,6.91,11.95,1172.01,"Estres_Hidrico"
16,16.53,38.62,48.81,56.65,6.52,17.24,3.46,28.88,19.66,31.86,247.15,8.94,12.58,984.84,"Estres_Hidrico"
17,11.26,32.03,44.58,73.63,6.72,23.56,4.7,29.06,21.77,28.98,208.49,5.66,13.85,1355.58,"Estres_Hidrico"
8,11.28,33.96,54.76,69.76,6.41,22.65,3.12,15.96,14.39,31.95,323.81,8.39,14.51,1424.58,"Estres_Hidrico"
15,13.4,28.67,44.76,60.63,6.46,20.04,6.25,29.66,16.73,27.82,311.18,6.6,15.35,1034.12,"Estres_Hidrico"
18,13.41,32.53,45.77,60.49,6.72,18.56,3.96,33.41,21.07,29.14,461.01,8.27,16.23,866.71,"Estres_Hidrico"
28,18.27,31.03,51.38,69.13,6.4,5.74,4.72,25.51,15.27,31.49,234.82,5.68,13.58,1116.06,"Estres_Hidrico"
15,13.77,30.09,67.2,43.58,6.63,14.02,4.8,30.68,18.8,31.65,445.18,6.72,15.24,1070.89,"Estres_Hidrico"
35,10.2,34,40.56,65.01,7.12,24.41,5.49,30.99,9.45,23.54,318.72,8.2,12.06,1002.93,"Estres_Hidrico"
14,8.83,37.27,36.06,65.41,6.61,22.29,5.33,30.07,11.82,20.08,248.76,10.85,14.71,1222.58,"Estres_Hidrico"
16,10.62,28.63,52.02,62.41,6.27,25.09,4.52,28.02,16.87,32.85,392.21,8.86,16.04,1259.19,"Estres_Hidrico"
37,15.07,30.42,43.08,50.15,6.5,22,3.02,26.93,20.58,21.59,364.05,9.95,12.42,1143.77,"Estres_Hidrico"
22,14.65,29.91,37.69,50.92,6.03,10.53,4.04,27.36,21.82,30.55,273.69,9.74,12.5,1140.69,"Estres_Hidrico"
12,15.02,18.88,37.81,68.8,6.6,21.22,4.66,29.98,15.83,26.75,391.21,8.31,17.41,1192.23,"Estres_Hidrico"
14,17.3,26.19,46.37,69.61,6.3,26.67,3.93,29.12,20.74,30.77,321.06,9.94,16.57,1020.28,"Estres_Hidrico"
25,13.73,33.13,38.09,57.09,6.21,13.96,3.75,28.85,21.11,33.45,373.9,8.08,13.25,1329.34,"Estres_Hidrico"
35,11.19,21.15,49.17,57.06,6.69,21.84,5,20.99,15.93,28.89,317.07,8.77,13.67,1015.66,"Estres_Hidrico"
38,12.15,28.81,41.33,56.5,6.39,17.86,7.16,20.89,18.74,30.68,382.73,8.46,15.76,1312.54,"Estres_Hidrico"
34,8.27,33.9,48.48,45.55,6.06,10.1,4.67,31.77,19.91,31.07,297.38,8.01,14.22,1300.16,"Estres_Hidrico"
21,15.95,33.15,44.86,44.15,6.62,17.64,3.79,14.79,21.92,26.05,341.08,7.45,12.71,1307.22,"Estres_Hidrico"
23,14.72,32.06,37.69,56.91,5.41,10.6,2.44,25.83,17.19,31.55,289.96,8.04,15.47,1110.12,"Estres_Hidrico"
19,13.64,35.08,49.43,64.42,6.53,11.48,3.3,26.45,14.22,27.13,309.66,7.43,10.34,1423.85,"Estres_Hidrico"
24,7.47,22.63,47.06,54.23,6.8,17,3.35,23.56,15.97,31.25,391.57,8.69,15.44,1251,"Estres_Hidrico"
18,8.64,29.16,48.19,48,5.92,14.46,3.3,21.28,9.98,30.54,336.15,7.06,14.57,1300.69,"Estres_Hidrico"
16,14.14,36.68,38.59,71.36,6.12,18.78,3.8,24.26,14.4,25.61,127.3,6.81,11.39,1429.18,"Estres_Hidrico"
16,9.01,35.35,36.67,46.76,6.11,19.65,4.1,28.47,8.92,30.22,222.44,9.27,13.74,986.82,"Estres_Hidrico"
9,17.96,30.55,46.94,51.54,7.28,22.83,4.19,30.8,26.43,28.19,338.1,7.45,15.98,1207.1,"Estres_Hidrico"
13,12.72,33.53,43.91,54.44,6.41,8.66,3.58,19.83,21.04,33.23,383.98,7.97,15.69,766.72,"Estres_Hidrico"
36,12.78,31.52,43.2,57.37,6.29,17.7,3.13,30.65,20.73,33.35,444.55,7.7,16.09,1166.01,"Estres_Hidrico"
37,9.85,47.12,41.42,74.77,6.36,18.79,4.65,21.13,19.47,29.33,315.6,11.09,18.39,1349.38,"Estres_Hidrico"
27,13.19,25.54,41.57,63.73,6.85,23.36,3.99,20.92,11.77,29.9,221.8,8.3,9.96,1263.02,"Estres_Hidrico"
39,9.95,26.16,33.39,42.79,5.76,19.76,3.26,26.81,11.62,28.72,238.1,4.96,11.6,1227.09,"Estres_Hidrico"
10,14.13,33.87,51.01,61.59,5.89,21.51,5.34,21.41,14.91,27.68,402.64,8.11,12.26,1020,"Estres_Hidrico"
24,16.64,24.46,46.63,49.27,6.68,10.34,6.21,21.93,17.37,24.35,339.48,8.59,12.84,1245.16,"Estres_Hidrico"
12,15.81,29.09,48.81,38.77,6.81,25.88,5.98,17.66,16.72,28.33,241.68,8.49,13.28,1331.88,"Estres_Hidrico"
39,14.7,25.93,39.48,47.35,6.28,22.9,5.59,30.89,14.52,30.14,416.92,7.41,14.12,1253.51,"Estres_Hidrico"
23,12.25,42.98,48.28,62.14,7.07,24.53,4.98,23.76,18.34,28.82,405.96,7.91,10.73,1456.79,"Estres_Hidrico"
29,15.4,28.98,37.34,55.48,6.71,18.61,4.91,21.57,11.14,31.42,142.04,8.42,13.74,1137.34,"Estres_Hidrico"
21,14.66,26.28,52.25,38.73,6.5,25.25,4.67,34.43,12.15,31.4,406.07,9.71,13.34,1143.8,"Estres_Hidrico"
30,13.6,32.07,46.18,49.28,6.81,24.57,5.4,26.43,12.43,24.69,366.27,7.64,13.99,1238.24,"Estres_Hidrico"
36,18.06,30.62,31.83,49.37,6.77,21.56,4.02,19.66,23.75,27.58,332.86,6.98,11.55,1328.37,"Estres_Hidrico"
38,10.51,30.44,50.14,53.13,6.64,25.58,4.42,29.4,31.03,23.96,260.51,7.88,19.73,1192.04,"Estres_Hidrico"
38,12.94,29.57,40.96,48.6,7.05,11.46,5.95,36.77,20.92,28.75,315.03,7.31,13,931.45,"Estres_Hidrico"
19,9.93,35.54,32.89,65.44,5.77,26.87,4.66,18.42,19.58,33.68,202.64,8.24,15.11,1153.98,"Estres_Hidrico"
33,15.05,22.57,54.63,49.56,6.75,20.69,3.52,18.73,21.61,27.99,233.64,8.69,17.42,1482.38,"Estres_Hidrico"
8,12.76,29.9,47.43,72.9,6.37,9.04,3.79,29.92,21.63,29.82,275.91,9,16.29,1119.97,"Estres_Hidrico"
27,12.04,30.01,46.29,50.65,6.64,18.44,4.3,23.7,26.48,25.96,303.5,7.87,16.86,1309.58,"Estres_Hidrico"
21,16,21.15,30.17,69.86,5.8,17.38,6.81,31.22,24.77,26.13,254.92,10.04,12.83,1086.37,"Estres_Hidrico"
10,12.98,33.06,44.3,59.39,7.02,19.79,2.92,35.46,15.31,28.07,252.19,7.81,13.46,1165.98,"Estres_Hidrico"
11,18.61,23.98,53.91,61.27,7,10.77,5.4,21.5,14.58,32.35,453.42,7.85,11.69,927,"Estres_Hidrico"
34,12.2,26.03,62.52,45.66,6.55,11.99,3.52,16.78,17.12,27.04,409.19,7.94,12.02,1078.49,"Estres_Hidrico"
29,9.27,33.97,40.56,60.07,5.96,12.47,5.09,34.74,14.51,32.61,288.9,7.99,15.33,1206.91,"Estres_Hidrico"
29,13.5,28.51,40.07,62.67,6.68,12.81,2.99,22.63,21.28,26.8,312.88,7.78,15.28,1147.47,"Estres_Hidrico"
18,11.6,35.5,52.37,49.12,6.5,15.81,5.44,33.15,14.63,28.65,354.02,8.53,16.49,1309.12,"Estres_Hidrico"
29,10.74,41.58,57.18,47.47,5.78,16.81,3.33,17.81,18.02,25.72,399.31,6.95,11.19,1352.35,"Estres_Hidrico"
39,14.23,27.29,41.57,43.39,6.73,21.17,3.46,31.68,17.61,28.28,362.58,7.32,17.82,1255.4,"Estres_Hidrico"
12,15.01,37.92,38.59,61.67,7.08,20.07,3.96,30.92,23.4,28.81,111.99,9.18,17.64,1000.7,"Estres_Hidrico"
17,16.53,35.44,46.26,70.57,6.4,13.14,6.44,25.07,21.66,27.48,228.64,7.73,8.95,1546.04,"Estres_Hidrico"
14,14.63,28.91,49.9,48.22,7.03,22.76,4.12,28.73,23.3,30.98,343.69,7.66,11.07,1415.43,"Estres_Hidrico"
31,15.84,31.76,44.44,70.22,6.3,11.76,4.21,25.41,22.25,28.19,463.41,6.85,15,1271.78,"Estres_Hidrico"
23,13.61,29.95,52.99,39.52,6.06,25.22,2.9,22.36,20.96,30.99,211.92,8.29,13.72,1036.23,"Estres_Hidrico"
9,13.55,24.19,34.54,39.13,6.83,14.64,6.31,27.81,13.03,26.82,451.53,7.35,16.27,1178.09,"Estres_Hidrico"
20,11.12,33.51,46.35,74.75,6.31,13.8,4.21,28.95,21.74,30.88,313.79,8.86,12.27,736.86,"Estres_Hidrico"
34,10.6,14.1,43.97,57.61,6,9.65,4.76,30.87,20.81,27.73,362.72,6.67,16,1187.27,"Estres_Hidrico"
28,12.66,29.91,47.68,51.38,6.19,16.02,4.69,20.47,17.02,32.53,426.18,8.55,16.17,1137.59,"Estres_Hidrico"
17,9.57,30.17,43.15,69.97,6.09,17.56,6.08,21.31,16.76,26.16,378.02,7.27,16.64,900.3,"Estres_Hidrico"
15,12.92,42.26,41.37,49.36,6.27,19.5,3.3,25.03,20.4,37.56,381.88,8.61,15.18,1311.54,"Estres_Hidrico"
18,12.21,25.87,34.46,69.91,6.81,9.5,5.41,25.69,12.7,30.65,187.57,6.39,15.32,1076.64,"Estres_Hidrico"
8,9.41,28.48,42.4,54.34,6.76,24.29,3,21.57,10.3,27.7,255.27,6.64,14.25,1221.12,"Estres_Hidrico"
30,9.47,35.01,42.57,59.81,6.27,23.55,3.47,18.1,11.56,26.51,432.66,7.38,11.08,1111.48,"Estres_Hidrico"
11,11.15,32.9,43.84,56.6,6.71,17.8,4.85,31.98,13.51,32.66,150.75,8.15,12.13,961.36,"Estres_Hidrico"
20,13.97,39.55,40.57,49.33,6.38,17.39,4.98,28.62,19.44,27.04,325.03,9.31,17.39,969.86,"Estres_Hidrico"
27,10.99,14.38,55.83,49.55,7.15,16.99,5.44,21.13,20.39,26.26,421.62,7.58,18.74,1315.74,"Estres_Hidrico"
20,12.79,19.43,33.04,62.18,7.2,18.92,3.92,29.31,15.95,26.9,373.82,6.79,15.87,1277.78,"Estres_Hidrico"
29,9.83,22.61,40.17,33.78,5.87,16.45,5.71,24.54,26.41,28.94,452.19,9.32,14.96,1361.43,"Estres_Hidrico"
29,12.74,21.03,45.58,60.76,6.9,9.2,3.37,23.22,13.98,27.63,379.01,7.6,14.52,1265.86,"Estres_Hidrico"
29,17.4,40.71,49.94,49.82,6.64,18.3,4.72,31.62,13.84,30.38,300.82,7.93,12.17,1297.93,"Estres_Hidrico"
21,10.56,29.53,37.16,43.31,7.04,23.29,4.8,26.91,16,30.44,285.23,9.82,11.63,1231.85,"Estres_Hidrico"
34,16.06,36.12,46.49,60.41,6.56,23.12,5.68,28.17,18.94,29.88,452.41,9.63,12.44,1482,"Estres_Hidrico"
34,16.07,25.76,54.81,70.02,6.6,22.99,4.42,20.13,20.07,27.26,321.24,7.66,16.27,1405.9,"Estres_Hidrico"
11,13.57,33.62,57.17,46.14,6.58,21.91,4.12,28.97,24.17,26.53,415.16,8.86,11.5,973.07,"Estres_Hidrico"
23,13.61,30.15,53.52,46.22,5.94,22.55,3.46,32.4,15.36,27.41,478,7.83,11.12,1011.5,"Estres_Hidrico"
22,12.78,36.14,34.41,47.92,6.49,8.34,4.17,22.61,13.79,27.38,366.11,6.93,16.8,1023.56,"Estres_Hidrico"
29,10.56,35.35,42.74,47.21,6.54,21.96,5.2,26.51,24.74,28.35,328.05,9.53,12.82,1322.76,"Estres_Hidrico"
16,13.98,31.26,48.88,61.27,6.4,16.76,3.22,26.01,16.95,29.05,274.66,8.23,16.36,1214.96,"Estres_Hidrico"
28,10.31,27.84,32.31,51.74,6.69,11.13,5.16,27.45,14.97,33.43,345.6,7.24,15.46,929.65,"Estres_Hidrico"
37,9.38,34.66,45.78,60.05,6.66,30.09,4.54,28.95,19.05,29.46,353.28,6.42,17.01,1296.97,"Estres_Hidrico"
15,12.28,25.31,43.27,40.5,6.58,22.72,4.7,23.59,20.09,32.97,410.58,8.57,14.77,1352.48,"Estres_Hidrico"
26,12.64,28.33,31.04,58.54,6.46,12.64,2.97,27.99,15.12,28.02,393.76,7.08,13.27,867.31,"Estres_Hidrico"
23,14.19,28.15,52.99,62.79,5.65,7.79,5.19,24.46,18.61,28.13,209.06,8.58,16.19,1189.99,"Estres_Hidrico"
19,9.06,43.47,55.68,68.48,6.26,22.27,4.46,29.86,13.38,28.11,340.86,7.96,13.32,1271.1,"Estres_Hidrico"
15,14.05,36.28,38.22,46.45,6.96,21.61,4.95,29.84,16.92,29.3,360.28,6.49,16.37,1375.57,"Estres_Hidrico"
16,12.66,41.75,39.78,66.28,6.67,17.34,3.87,20.79,15.52,30.18,343.87,6.96,16.62,1509.17,"Estres_Hidrico"
32,9.08,31.99,38.12,53.21,6.54,22.45,2.98,18.49,15.55,29.46,380.3,8.99,15.45,1087.6,"Estres_Hidrico"
24,12.62,27.77,44.23,40.6,6.07,16.5,3.78,31.37,12.83,28.45,195.58,8.5,14.38,908.83,"Estres_Hidrico"
38,14.69,19.75,36.67,67.65,6.62,9.44,4.5,29.47,23.82,27.47,346.49,7.86,14.83,939.6,"Estres_Hidrico"
24,16.22,25.04,39.95,50.39,6.65,13.04,3.8,19.1,15.53,31.36,372.18,7.2,15.01,1185.16,"Estres_Hidrico"
21,17.8,31.76,47.25,36.98,6.43,22.8,4.37,25.62,23.17,25.54,264.97,8.68,17.79,1215.82,"Estres_Hidrico"
32,14.23,23.91,48.55,44.45,6.79,13.43,4.22,28.02,16.36,29.51,370.56,9.32,17.17,1047.32,"Estres_Hidrico"
17,18.46,31.48,43.58,44.65,6.71,17.51,5.08,24.02,25.67,32.13,249.21,7.68,14.88,1127.59,"Estres_Hidrico"
20,10.8,29.01,36.85,70.07,6.71,24.52,2.5,28.22,15.29,23.16,157.54,7.14,12.88,1632.66,"Estres_Hidrico"
20,13.49,39.31,48.92,62.27,6.67,11.93,4.14,16.67,18.64,33.06,476.77,7.44,14.15,1089.43,"Estres_Hidrico"
24,14.37,20.89,48.11,47.42,6.31,19.79,5.5,27.47,20.46,26.65,255.57,9.66,11.3,1240.19,"Estres_Hidrico"
26,18.16,35.02,66.13,57.38,6.2,16.47,4.29,27.84,18.63,29.55,236.35,8.05,16.21,1242.89,"Estres_Hidrico"
23,12.16,37.14,29.93,61.62,6.4,23.74,4.92,21.67,21.38,28.43,268.15,7.71,13.16,1523.01,"Estres_Hidrico"
8,13.13,21.98,34.12,53.3,6.36,15.59,6.86,30.6,19.5,29.82,239.41,8.24,11,1075.7,"Estres_Hidrico"
28,12.88,31.21,50.54,51.61,6.71,21.59,4.33,29.02,19.34,23.44,272.83,7.65,16.21,1323.46,"Estres_Hidrico"
35,12.61,41.67,38.44,52.42,6.6,29.36,4.61,29.68,18.43,33.16,350.19,8.11,12.89,1210.56,"Estres_Hidrico"
16,11.31,26.61,45.64,52,6.3,18.94,4.42,21.82,13.25,29.47,451.24,7.01,15.64,1375.39,"Estres_Hidrico"
33,11.26,35.1,47.9,55.07,6.13,12.06,3.46,26.84,14.64,27.18,437.25,8.68,14.36,1217.3,"Estres_Hidrico"
31,10.72,27.12,58.32,40.61,5.99,16.51,1.66,23.29,14.46,25.38,343.63,8.41,14.68,1345.76,"Estres_Hidrico"
19,10.95,31.88,50.84,69.59,6.59,20.15,4.85,19.89,14.05,26.07,222.76,9.46,14.54,1226.29,"Estres_Hidrico"
34,18.6,25.51,55.42,66.93,5.94,17.21,3.97,25.16,19.62,24.02,510.83,7.67,14,1036.3,"Estres_Hidrico"
26,11.18,27.08,41.17,38.66,6.81,10.27,4.12,34.58,15.2,23.49,189.45,8.53,10.27,1142.04,"Estres_Hidrico"
20,12.94,27.08,51.59,53.9,6.39,20.54,5.19,24.94,16.82,29.63,398.8,7.68,14.07,1189.51,"Estres_Hidrico"
25,8.01,36.64,27.64,61.38,6.47,20.22,2.95,26.52,17.96,36.38,320.46,8.01,10.97,1230.52,"Estres_Hidrico"
13,15.22,18.68,52.43,61.82,6.36,14.21,3.68,33.88,17.31,32.61,205.15,7.19,11.93,1144.19,"Estres_Hidrico"
28,9.61,35.92,39.32,57.05,7.39,20.16,1.2,22.56,23.48,33.02,435.21,8.37,13.45,1355.16,"Estres_Hidrico"
30,18.96,37.49,41.54,52.55,6.59,19.33,5.87,27.7,25.75,24.52,436.88,8.22,13.82,974.52,"Estres_Hidrico"
32,11.81,43.7,51.66,43.47,6.78,21.86,5.35,30.6,18.98,30.65,321.94,7.06,12.31,1133.03,"Estres_Hidrico"
14,12.71,34.98,31.34,50.56,6.09,21.23,4.89,23.34,16.68,26.97,366.76,8.13,14.74,1395.59,"Estres_Hidrico"
17,16.26,39.55,41.19,53.14,6.42,19.91,2.92,19.62,16.83,25.16,106.37,8.3,16.04,1245.07,"Estres_Hidrico"
24,14.69,38.72,55.71,45.9,6.87,16.6,2.53,25.64,17.79,26.26,464.27,9.62,16.11,1191.17,"Estres_Hidrico"
9,13.43,44.07,48.6,69.84,6.13,14.08,3.82,30.57,17.4,33.06,296.5,9.11,14.64,1144.23,"Estres_Hidrico"
39,14.45,28.95,61.39,61.98,6.76,16.12,4,32.85,18.12,31.1,312.82,9.26,10.57,1066.18,"Estres_Hidrico"
36,11.18,24.8,34.94,47.25,6.6,9.08,4.99,22.38,21.59,28,455.57,8.04,10.85,1155.88,"Estres_Hidrico"
29,9.56,32.82,39.74,56.77,7.45,11.61,6.3,28.91,20.79,32.81,213.92,6.54,12.91,957.52,"Estres_Hidrico"
27,12.31,27.98,60.1,49.38,7.26,28.65,4.42,30.26,16.06,27.27,352.48,6.59,12.47,1476.92,"Estres_Hidrico"
10,14,30.49,49.03,45.52,6.54,18.04,4.44,22.01,15.8,26.06,538.16,8.14,9.57,1127.84,"Plaga"
36,17.28,27.36,48.85,32.76,6.35,37.61,5.12,25.73,24.85,27.36,721.68,7.55,12.12,1255.25,"Plaga"
30,12.34,24.81,57.7,56.2,6.79,21.93,3.73,29.77,25.08,31.58,529.02,6.26,12.89,1144.14,"Plaga"
34,10.61,28.65,33.11,63.42,7,36.38,5.75,37.56,26.28,26.95,424.37,8.58,12.82,896.78,"Plaga"
10,13.1,29.54,31.65,47.02,6.77,30.23,4.17,18.77,24.79,21.06,758.34,7.86,12.22,1187.43,"Plaga"
35,15.34,41.95,43.85,42.54,6.75,38.45,4.36,32.3,12.28,29.68,688.17,6.04,11.18,1091.37,"Plaga"
10,14.28,36.68,41.7,34.52,7.19,39.83,4.12,26.9,14.97,26.07,599.57,6.48,12.58,972.38,"Plaga"
39,13.35,34.84,53.67,56.88,6.21,30.66,3.54,36.14,18.16,24.69,569.14,7.87,9.98,1022.76,"Plaga"
12,14.46,33.18,45.38,50.2,6.91,32.98,3.07,26.62,24.11,25,520.62,6.6,10.75,1098.03,"Plaga"
38,17.55,32.01,51.59,56.72,6.99,45.32,5.54,31.8,18.6,28.07,527.93,6.18,9.62,1303.27,"Plaga"
29,15.62,27.1,39.46,48.17,6.08,29.38,5.21,22.81,25.83,24.26,567.6,8.82,13.4,1250.89,"Plaga"
10,17.63,39.86,35.58,41.62,7.07,38.73,5.15,23.03,22.29,23.56,757.76,10.55,12.75,1178.32,"Plaga"
37,22.21,30.38,31.42,57.92,6.41,39.42,5.27,20.55,22.67,25.34,578.53,6.52,14.56,1270.63,"Plaga"
10,12.87,32.13,45.69,59.68,6.59,30.66,5.1,31.98,19.56,25.3,654.97,9.22,12.32,934.48,"Plaga"
14,7.44,32.21,40.1,46.89,6.12,38.81,3.66,29.17,19.45,24.07,569.93,7.26,8.99,977.71,"Plaga"
35,12.86,24.1,32.95,50.31,5.93,31.4,4.86,23.38,20.55,27.74,549.53,7.41,11.16,1260.45,"Plaga"
28,13.25,28.38,43.4,47.59,6.27,28.83,5,28.83,18.83,26.94,516.57,6.51,12.76,1121.96,"Plaga"
20,15.41,35.33,35.9,45.76,5.81,37.28,3.94,36.96,19.33,35.94,377.27,8.36,15.57,1273.24,"Plaga"
33,15.5,34.58,32.55,61.85,6.65,42.69,4.36,21.75,22.52,29.68,789.92,7.54,13.58,1331.38,"Plaga"
21,16.31,34.45,54.73,69.96,6.19,37.25,5.36,39.21,18.22,33.2,453.74,9.08,16.61,1398.38,"Plaga"
25,14.02,31.55,49.19,53.53,6.39,29.72,5.07,31.2,23.3,24.75,583.25,9.02,10.9,1431.19,"Plaga"
26,17.69,30.36,40.4,65.64,6.64,22.6,4.59,33.41,25.61,28.85,492.69,7.63,17.23,1082.68,"Plaga"
38,13.75,35.17,50.68,41.71,6.72,25.27,4.02,26.52,19.14,29.09,346.58,8.49,15.66,1226.03,"Plaga"
30,12.64,39.25,40.8,48.93,6.22,39.07,5.91,28.82,26.89,31,638.46,7.12,15.13,736.95,"Plaga"
9,9.89,32.38,36.85,40.63,6.7,48.85,5.59,25.14,19.66,25.33,579.19,7.86,11.89,1159.5,"Plaga"
35,10.86,39.23,43.66,43.79,6.6,22.18,5.46,33.47,22.05,25.5,683.06,8.95,13.2,1462.42,"Plaga"
21,15.14,34.09,32.88,63.72,6.48,27.24,3.42,29.9,19.72,27.48,586.37,8.61,12.07,1313.94,"Plaga"
24,15.1,29.32,38.89,57.92,6.8,21.82,6.95,36.08,18.04,27.42,545.58,6.85,15.3,1103.45,"Plaga"
29,14.69,31.54,44.94,45.23,6.78,20.08,3.96,29.49,21.46,30.4,603.69,8.08,12.08,1308.43,"Plaga"
11,16.59,34.2,41.65,64.84,6.04,44.38,6.12,33.94,18.61,25.16,641.19,8.79,14.07,1119.14,"Plaga"
30,11.53,27.09,39.17,48.46,6.56,31.37,5.49,28.56,12.98,26.39,608.17,7.41,11.9,1173.84,"Plaga"
30,14.89,33.38,29.08,46.3,6.3,27.48,5.08,20.18,21.23,26.12,499.27,8.57,12.09,1419.15,"Plaga"
16,14.27,35.62,42.65,40.47,6.65,35.41,6.13,30.07,16.92,28.27,618.69,8,12.49,1165.64,"Plaga"
25,12.45,30.17,30.35,44.68,6.53,42.03,3.67,18.78,15.1,27.14,561.75,8.8,12.77,1090.68,"Plaga"
17,11.43,31.94,34.04,30.93,7.08,41.47,4.52,32.63,19.45,23.57,808.05,8.27,10.41,1138.13,"Plaga"
39,6.33,25.83,43.62,33.56,6.36,34.06,4.89,25.59,24.11,27.26,751.09,8.43,13.38,998.2,"Plaga"
12,21.09,25.63,53.54,33.64,6.79,33.53,5.68,32.2,23.96,27.12,600.12,9.04,11.47,1331.63,"Plaga"
12,11.95,33.79,37.59,37.12,6.56,36.84,5.08,18.65,14.12,23.94,706.62,6.51,10.71,1215.55,"Plaga"
36,15.06,30.98,39.37,48.77,6.78,24.03,4.24,28.76,20,28.11,558.34,8.89,16.96,1232.74,"Plaga"
19,10.8,33.6,26.13,44.27,7.2,31.59,3.29,30.24,21.43,28.32,596.37,8.21,15.34,1389.41,"Plaga"
32,13.4,36.73,40.65,49.07,6.2,27.32,7.24,26.28,31.56,30,445.47,8.53,13.3,1052.12,"Plaga"
22,17.43,44.36,51.44,69.93,6.77,31.85,4.49,25.59,18.97,28.44,605.81,6.11,12.67,1051.66,"Plaga"
17,12.26,37.5,57.4,46.84,6.55,40.97,4.36,28.61,18.08,24.31,574.59,8.14,10.63,958.77,"Plaga"
16,14,30.76,51.6,47.79,5.89,40.34,4.82,28.44,12.81,33.71,510.49,7.66,14.13,1259.13,"Plaga"
21,15.1,30.87,50.32,62.76,6.02,36.11,5.62,22.68,25.28,27.12,536.38,7.83,13.97,1314.8,"Plaga"
39,15.24,25.56,49.57,45.48,6.69,26.82,3.31,28.54,22.76,24.5,509.72,7.98,10.86,917.4,"Plaga"
35,12.86,34.21,46.68,49.81,7.12,29.69,5.7,28.13,19.84,27.48,595.95,7.64,13.33,1196.75,"Plaga"
12,15.07,41.56,48.15,59.51,6.43,43.35,3.2,29.21,16.87,23.96,456.63,8.65,12.23,1360.14,"Plaga"
13,12.43,21,37.55,62.85,6.23,37.08,6.59,22.42,32.24,25.96,723.94,6.94,9.72,1075.9,"Plaga"
20,12.41,44.38,44.28,42.11,7.17,34.67,6.96,23.82,17.77,22.47,646.18,8.13,13.5,1147.39,"Plaga"
25,10.62,39.65,31.22,53.86,6.59,44.12,2.99,27.91,10.42,31.24,702.86,9.03,12.94,1188.85,"Plaga"
34,12.34,31.19,38.83,54.66,6.63,33.06,6.04,28.35,22.91,26.05,480.14,8.28,14.02,1378.46,"Plaga"
27,15.27,33.83,36.62,36.5,6.64,47.2,6.89,24.22,20,23.96,756.56,8.92,12.98,1183,"Plaga"
36,14.66,31.68,49.76,18.67,6.55,33.08,2.75,16.72,16.6,23.33,372.71,5.43,12.98,1150.96,"Plaga"
18,15.63,31.28,36.36,55.34,6.09,37.25,4.51,20.56,12.45,21.83,648.72,7.61,14.69,885.64,"Plaga"
34,12.56,33.57,29.57,50.09,6.53,57.74,6.01,25.46,20.17,24.76,696.87,7.9,16.08,1249.83,"Plaga"
37,13.16,23.97,42.79,40.57,6.45,23.79,4.7,21.46,20.88,29.22,848.76,6.82,18.48,1365.39,"Plaga"
8,12.23,24.55,38.2,49.27,7.39,22.55,5.77,19.46,15.77,25.58,565.33,7.99,12.06,1204.08,"Plaga"
32,13.06,40.4,25.21,39.5,6.78,28.54,5.3,32.44,20.94,24.65,625.19,7.13,13.97,1178.3,"Plaga"
28,18.14,30.33,49.26,49.37,6.71,24.79,1.97,23.47,13.12,25.28,614.82,8.55,11.11,1310.1,"Plaga"
30,13.64,27.87,44.31,33.06,6.43,31.04,5.68,22.91,16.33,26.89,621.52,8.16,11.59,1122.58,"Plaga"
13,17.68,37.17,45.27,64.8,6.85,34.74,4.21,26.89,26.14,27.68,548.72,8.83,13.41,1121.06,"Plaga"
12,15.31,27.73,47.31,62.86,6.32,37.05,2.25,30,21.07,23.56,640.28,8.65,10.96,1161.48,"Plaga"
15,15.26,31.94,44.05,63.95,6.95,31.69,5.58,26,22.41,27.61,876,8.56,16.06,1114.33,"Plaga"
31,13.75,32.95,53.76,35.33,6.63,41.5,4.1,20.92,25.56,25.69,598.51,7.55,16.13,1323.05,"Plaga"
25,16.81,32.95,44.82,55.2,6.04,33.11,5.33,23.37,19.51,23.82,453.01,8.56,13.36,1225.53,"Plaga"
38,20.09,38.97,24.94,39.08,6.6,37.24,4.07,29.05,16.65,30.07,263.99,8.11,13.84,934.95,"Plaga"
31,15.84,30.95,55.01,52.55,6.25,36.16,2.79,31.22,18.8,31.57,665.55,8.38,12.78,1081.85,"Plaga"
33,13.32,37.27,49.68,58.42,7.35,41.5,6.79,20.87,22.37,26.5,639.44,6.27,14.26,1164.24,"Plaga"
39,14.27,33.18,52.97,40.09,6.22,38.19,4.26,31.2,23.11,27.9,569.98,6.54,11.54,1157.52,"Plaga"
21,14.32,34.18,41.95,55.67,6.65,41.62,3.88,32.57,25.96,29.34,631.03,8.05,15.47,1436.02,"Plaga"
10,13.29,34.03,55.44,38.74,5.56,35.39,4.31,20.8,23.11,28.37,601.02,8.2,15.93,1032.41,"Plaga"
8,18.94,31.3,30.34,33.56,6.85,19.24,3.71,26.47,19.38,32.47,700.79,8.06,12.1,1374.35,"Plaga"
35,11.12,18.27,54.02,48.77,6.19,28.77,5.2,19.32,20.71,27.35,672.8,6.85,11.93,1275.43,"Plaga"
27,13.12,28.92,55.14,42.05,6.98,31.52,3.83,33.79,21.29,25.9,744.98,6.68,14.3,1281.38,"Plaga"
10,16.45,34.28,31.32,50.25,6.53,21.2,5.33,30.1,21.33,19.78,841.91,8.17,13.24,1283.69,"Plaga"
27,15.3,38.02,52.51,33.5,6.89,37.8,6.12,21.16,26.12,24.27,489.01,9.08,12.48,1079.37,"Plaga"
18,15.37,32.15,45.34,59.29,6.57,28.67,5.48,25.53,25.03,27.01,484.6,7.38,10.36,1363.13,"Plaga"
28,18.83,41.18,45.29,47.39,5.95,34.05,5.36,24.89,27.35,21.83,822.34,7.23,14.23,1527.84,"Plaga"
14,8.98,35.06,41.89,69.05,6.9,42.47,4.33,30.31,23.09,23.86,534,7.64,9.72,729.18,"Plaga"
38,14.86,28.48,31.46,50.83,6.35,31.89,7.01,21.83,20.33,24.68,599.16,8.8,15.35,1002.18,"Plaga"
30,20.31,37.99,52.79,35.74,6.68,51.35,5.25,22.53,25.25,29.73,520.97,8.24,13.15,1066.53,"Plaga"
18,16.3,47.19,28.4,42.58,6.28,33.04,4.7,34.94,27.91,26.51,615.7,8.1,11.17,1150.8,"Plaga"
31,10.91,31.54,44.73,57.96,6.89,37.69,4.92,29.39,24.32,25.65,470.25,10.58,13.17,1100.99,"Plaga"
34,15.65,29.87,44.23,47.49,6.74,24.69,4.46,23.8,16.13,22.14,681.81,7.28,15.2,1011.15,"Plaga"
37,17.47,37.82,41.3,49.63,6,37.57,5.41,24.17,18.72,25.38,497.41,6.57,10.33,1423.17,"Plaga"
21,15.74,38.15,28.26,62.97,5.58,35.8,5.35,23.65,20.19,27.81,691.34,7.61,13.16,1011.84,"Plaga"
34,13.28,42.39,19.93,55.21,6.52,36.46,4.9,29.21,29.76,26.43,683.77,7.71,13,1120.04,"Plaga"
10,12.24,23.82,43.39,45.21,6.02,36.47,4.67,30.75,20.58,27.46,520.29,7.9,12.04,1138.92,"Plaga"
30,11.54,36.33,48.38,56.48,5.73,24.02,4.18,19.26,14.01,26.37,444.38,7.43,11.68,1182.64,"Plaga"
35,11.76,28.33,39.95,63.41,6.32,27.19,3.86,32.52,22.39,32.17,531.82,7.54,10.09,1041.03,"Plaga"
31,18.11,29.91,54.96,41.31,6.75,45.78,5.18,32.21,18.69,30.75,480.14,8.04,10.66,1288.69,"Plaga"
13,12.82,29.17,55.01,41.85,7.04,28.91,5.23,29.16,22.64,26.4,960.28,8.76,10.57,914.66,"Plaga"
15,16.81,36.42,35.61,64.58,6.18,46.01,6.66,30.03,20.76,29.12,519.2,6.8,14.84,1119.11,"Plaga"
32,11.82,35.65,38.9,36.78,7.25,25.1,4.76,16.47,19.92,23.28,418.49,10.05,14.86,1265.28,"Plaga"
18,10.27,39.1,53.93,56.37,6.11,39.02,3.88,27.72,20.14,28.91,702.34,7.73,11.93,1210.06,"Plaga"
14,18.36,30.4,49.26,56.45,7.16,39.59,4.15,28.97,21.99,23.1,445.27,7.93,11.85,1177.06,"Plaga"
27,13.16,36.06,47.18,26.92,7,51.67,5.44,29.38,17.81,26.35,708.97,7.72,12.75,946.42,"Plaga"
17,15.8,28.35,52.21,53.07,6.98,48.94,6.44,35.26,17.56,28.5,778.34,8.89,13.95,1141.41,"Plaga"
26,12.96,25.08,41.37,43.53,6.58,28.62,5.02,34.74,19.22,25.14,634.61,8.69,11.98,1017.54,"Plaga"
28,15.72,31.81,51.01,53.3,6.03,43.5,3.4,25.22,20.8,31.03,712.05,6.37,13.29,856.89,"Plaga"
26,13.47,23.15,39.72,59.17,6.56,43.12,5.96,22.72,23.74,30.76,509.16,8.39,12.15,967.11,"Plaga"
12,16.12,35.23,48.21,37.67,6.13,24.24,5.16,25.17,19.94,30.23,625.6,9.04,15.07,1179.12,"Plaga"
32,17.22,39.99,45.52,50.82,6.86,32.41,4.87,31.46,15.79,28.03,646.8,8.51,13.59,1181.89,"Plaga"
29,13.74,47.21,48.46,36.6,6.84,35.49,6.13,32.62,14.13,29.41,557.39,7.85,13.15,789.73,"Plaga"
29,9.88,28.55,42.01,54.14,6.15,27.14,1.55,20.58,18.54,25.95,664.93,7.96,14.92,1170.04,"Plaga"
12,17.38,31.9,38.01,37.08,6.17,40.26,5.93,32.32,16.77,26.19,453.96,9.04,11.96,1034.24,"Plaga"
38,17.25,28.92,60.66,72.21,6.75,37.22,6.77,27.12,18.51,25.56,686.88,7.81,14.65,1040.81,"Plaga"
34,11.82,32.03,50.92,53.97,6.23,23.63,3.89,28.75,19.67,29.67,735.97,7.32,14.85,1158.25,"Plaga"
31,15.19,40.2,43.98,58.83,6.49,32.4,4.62,21.29,21.64,28.36,653.18,7.35,11.87,1017.25,"Plaga"
11,11.64,27.43,46.97,55.24,6.43,33.37,4.74,32.57,18.17,24.42,815,7.5,10.84,1247.04,"Plaga"
19,15.65,38.47,45.65,53.76,6.53,36.65,3.88,34.98,23.09,30.51,659.43,6.58,13.64,1263.21,"Plaga"
31,12.46,37.49,49.34,48.73,6.76,39.83,6.24,23.51,18.5,30.64,562.68,7.51,10.95,1136.92,"Plaga"
17,15.24,37.89,60.45,39.15,6.53,53.64,4.41,28.59,17.13,28.07,515.87,8.44,17,1104.08,"Plaga"
11,10.5,29.88,49.02,55.73,6.84,45.09,5.56,29.71,20.12,21.24,471.11,7.28,13.28,974.47,"Plaga"
18,13.29,25.6,44.56,37.91,6.3,38.22,4.81,27.53,16.83,27.5,598.11,8.18,10.81,1208.32,"Plaga"
20,20.14,40.71,64.38,22.9,6.18,35.01,4.34,28.9,15.12,22.95,504.47,6.15,11.56,1050.18,"Plaga"
39,12.94,32.02,51.99,47.67,6.17,45.59,4.31,19.1,19.21,24.49,599.85,8.33,12.42,1202.67,"Plaga"
20,14.75,26.84,42.41,46.24,6.72,30.54,4.65,28.79,18.53,32.6,593.11,7.82,14.89,1379.02,"Plaga"
10,11.18,36.72,48.43,43.77,6.33,25.54,6.31,23.62,14.52,28.6,348.7,6.89,9.2,1454.03,"Plaga"
31,16.28,41.52,51.52,58.17,7.12,35.93,3.61,30.8,12.89,30.98,638.75,9.31,15.88,1051.43,"Plaga"
9,15.46,25.68,39.52,51.04,6.67,44.66,5.93,30.63,27.63,27.5,554.32,8.65,16.23,983,"Plaga"
20,13.97,35.64,53.89,37.55,6.66,26.59,5.26,31.29,21.86,26.11,602.4,9.08,13.68,1048.63,"Plaga"
12,23.34,34.35,50.66,50,6.1,27.98,5.03,24.55,25.29,28.52,771.82,8.68,17.55,1237.81,"Plaga"
39,16.64,39.79,41.87,36.17,6.43,36.64,4.15,21.24,23.8,24.97,751.35,7.73,15.91,980.41,"Plaga"
27,18.88,28.62,58.89,26.59,6.24,27.88,3.03,23.87,19.67,25.78,473.82,9.18,13.76,1083.37,"Plaga"
11,14.65,28.74,36.92,58.55,6.33,34.96,5.22,34.92,15.83,29.82,656.4,7.13,10.36,1080.11,"Plaga"
34,16.82,35.81,53.01,55.69,6.08,32.88,2.82,24.28,21.21,24.42,518.04,6.81,12.56,1194.62,"Plaga"
24,9.94,30.66,46.21,61.65,6.72,43.03,4.62,21.1,15.89,32.12,487.45,8.95,12.49,1144.47,"Plaga"
38,16.37,34.11,27.99,55.69,6.99,32.36,4.9,35.47,15.94,24.43,667.29,6.42,12.89,1470.29,"Plaga"
37,18.32,38.27,50.44,45.42,6.62,48.49,5.21,27.59,22.73,24.2,552.92,8.28,16.33,1401.24,"Plaga"
27,13.14,35.61,49.15,55.44,6.73,46.65,3.95,22.75,27.06,26.56,538.62,8.56,16.17,1146.56,"Plaga"
22,11.13,29.2,35.45,31.7,6.94,36.19,5.64,29.3,24.15,25.38,228.16,9.11,12.8,1322.12,"Plaga"
38,17.34,35.21,32.28,47.75,5.84,25.52,5.8,46.17,27.46,24.46,763.12,7.71,13.54,1157.71,"Plaga"
34,14.91,39.09,34.36,51.11,6.58,40.44,5.9,33.84,25.62,25.15,605.89,8.4,14.99,1275.63,"Plaga"
13,12.52,41.01,38.88,45.81,6.69,32.98,4.44,23.02,25.81,25.77,666,9.16,13.8,1168.24,"Plaga"
15,12.86,40.39,32.84,51.35,6.99,32.75,4.95,27.65,25.86,28.23,366.54,8.21,10.1,869.52,"Plaga"
38,13.83,35.12,39.03,45.7,6.57,27.9,5.29,27.76,28.13,19.56,868.8,9.4,11.7,1276.59,"Plaga"
11,17.27,30.72,41.34,46.71,5.95,32.77,4.71,28.42,18.92,31.29,654.87,8.8,10.76,1398.46,"Plaga"
26,16.65,31.12,39.16,50.04,6.57,33.12,5.73,28.28,15.39,29.03,554.99,6.4,10.93,1192.07,"Plaga"
26,17.13,31.15,42.76,50.74,6.46,36.9,7.65,24.74,20.06,24.38,533.26,8.39,14.67,1275.36,"Plaga"
16,10.56,37.32,60.31,56.65,6.89,25.12,4.92,27.47,17.99,29.61,631.78,7.52,15,947.18,"Plaga"
35,22.79,32.74,45.66,63.68,6.18,42.92,5.56,34.06,24.01,32.35,473.87,8.95,13.54,1003.85,"Plaga"
25,13.96,35.37,42.77,42.44,6.67,32.14,5.32,36.29,13.2,24.06,627.42,9.76,14.14,1148,"Plaga"
9,6.69,30.82,34.22,60.34,6.83,51.08,4.53,19.08,29.23,27.28,653.47,6.03,10.28,1111.37,"Plaga"
20,13.27,26.11,53.85,33.85,7.4,28.29,5.19,29.65,12.66,30.82,698.69,7.37,11.23,1025.71,"Plaga"
20,17.36,30.58,64.65,48.56,6.25,35.18,3.67,32.8,15.95,25.6,700.08,6.87,14.62,1474.72,"Plaga"
27,12.52,36.34,39.41,41.43,5.58,34.4,4.25,28.24,15.52,28.21,710.07,8.09,13.36,1038.57,"Plaga"
8,14.07,25,34.9,60.65,7.08,32.74,4.72,26.84,17.46,29.77,709.7,11.03,14.22,1168.98,"Plaga"
22,11.74,27.72,46.93,54.12,6.62,37.64,3.97,28.81,18.15,25.34,766.61,7.73,12.33,1313.96,"Plaga"
24,14.89,42.99,37.63,55.23,5.88,31.83,4.03,36.45,18.51,21.54,712.5,7.1,11.98,1058.42,"Plaga"
10,19.25,35.2,38.41,49.34,6.52,28.11,3.4,23.19,26.96,23.44,796.21,10.15,12.33,923.68,"Plaga"
13,7.66,34.78,42.35,49.45,6.96,35.23,4.09,27.18,17.03,26.4,515.96,7.55,13.55,1132.21,"Plaga"
27,18.89,26.44,43.21,60.96,7.14,36.75,5.13,21.69,20.3,25.65,646.43,5.11,7.57,1128.23,"Plaga"
20,14.8,39.39,49.03,37.42,6.57,41.22,3.63,27.51,16.35,27.91,625.36,6.01,12.08,848.98,"Plaga"
19,11.49,44.1,48.62,54.83,6.46,34.77,5.98,28.74,14.42,27.35,532.53,7.69,10.74,1411.51,"Plaga"
28,11.95,27.95,42.04,45.85,6.62,37.04,5.67,29.2,24.8,22.4,591.7,6.58,11.69,1165.08,"Plaga"
28,14.45,40.2,34.14,37.43,7,39.82,4.87,24.9,21.73,25.12,596.15,6.95,15.96,1210.63,"Plaga"
25,16.73,33.52,37.45,45.13,6.85,27.55,5.56,23.88,21.83,28.39,586.68,8.76,10.23,1321.81,"Plaga"
14,10.49,29.9,29.1,49.06,7.06,32.15,3.61,30.87,24.48,27.03,587.61,7.46,16.67,1242.29,"Plaga"
11,16.33,41.46,41.86,45.01,6.58,32.75,3.44,23.92,25.79,28.18,607.22,9.07,13.22,921.6,"Plaga"
19,17.46,40.96,39.99,54.1,6.78,39.59,3,27.6,20.78,26.89,545.41,7.04,12.08,1330.26,"Plaga"
39,12.65,33.74,41.51,45.49,6.64,16.61,3.3,25.84,20.22,24.1,331.73,9.61,14.2,1189.19,"Plaga"
39,6.55,35.29,50.85,58.65,7.56,16.01,2.83,24.46,11.76,30.37,487.46,7.36,15.9,1326.09,"Plaga"
35,11.16,28.95,42.62,53.2,6.61,27.57,5.72,17.16,23.81,26.97,221.59,6.83,12.83,1045.98,"Plaga"
9,12.8,37.03,39.82,37.15,6.47,39.27,2.45,34.05,16.97,34.05,536.41,8.14,15.51,1003.35,"Plaga"
12,13.65,28.08,33.44,40.22,7.17,40.61,4.48,24.59,29.33,28.88,574.54,8.04,14.6,1103.66,"Plaga"
21,17.17,30.25,50.83,62.12,6.69,38.28,3.55,28.9,19.36,31.94,828.73,9.28,11.8,1103.01,"Plaga"
19,11.76,26.11,37.04,55.73,6.91,31.34,5.47,27.51,26.12,26.51,672.09,8.74,14.22,1067.75,"Plaga"
16,14.62,36.99,25.39,44.53,6.58,33.48,6.37,44.51,20.43,26.08,575.69,10.24,13.28,1368.05,"Plaga"
28,11.55,40.24,53.76,52.6,6.8,48.59,4.24,30.53,25.14,24.4,441.02,8.82,12.95,1189.02,"Plaga"
16,12.82,28.55,31.75,47.38,7.11,45.22,4.73,25.91,14.67,19.41,568.03,7.17,14.14,1246.83,"Plaga"
24,12.31,31.76,35.73,52.66,6.98,34.16,4.54,31.47,24.48,28.54,746.95,6.74,13.48,1494.13,"Plaga"
25,17.55,32.43,34.59,53.03,7.54,41.31,4.08,31.15,13.44,19.63,492.26,9,11.48,925.19,"Plaga"
17,12.25,27.55,51.24,51.42,6.72,35.12,3.58,33.09,18.93,20.39,776.53,7.35,10.68,1003.59,"Plaga"
32,14.28,35.12,53.29,43.22,6.75,29.01,3.65,24.78,13.29,28.48,228.95,8.77,13.51,1212.52,"Plaga"
17,12.64,33.87,33.68,50.66,6.52,49.37,4.35,26.62,17.13,24.68,662.19,5.89,10.23,1189.02,"Plaga"
12,13.06,25.87,33.02,45.76,6.79,40.69,7.22,30.61,21.6,28.14,607.29,6.81,14.3,1077.01,"Plaga"
20,15.14,30.28,55.87,42.19,6.11,43.82,4.41,24.88,24.04,23.39,535.88,8.7,13,1091.93,"Plaga"
32,10.46,31.82,42.23,43.92,6.08,51.72,4.48,24.54,25.81,28.53,595.25,7.39,11.81,1051.23,"Plaga"
37,14.1,30.5,34.09,46.52,6.34,39.32,5.85,33.12,22.1,31.04,565.33,8.19,17.59,1221.21,"Plaga"
16,18.57,28.64,49.1,38.96,6.74,25.09,4.05,27.8,22.51,26.34,394.2,7.09,15.63,1099.29,"Plaga"
25,16.22,31.69,60.34,52.01,6.32,31.68,4.85,23.2,28.08,28.15,754.71,9.08,12.19,1423.95,"Plaga"
35,11.66,36.91,51.04,48.52,7.12,26.25,4.26,29.15,11.68,29.71,445.24,8.86,11.64,1445.75,"Plaga"
27,14.69,25.02,28.32,75.11,6.57,44.04,4.81,30.82,25.14,27.28,706.3,7.41,11.69,1315.18,"Plaga"
26,17.12,32.95,52.57,23.14,6.05,27.09,4.02,27.94,12.88,28.95,589.56,8.04,16.04,1297.52,"Plaga"
27,11.29,35.02,39.29,53.6,6.46,45.62,4.58,30.63,22.26,25.64,532.31,8.57,13.38,1122.79,"Plaga"
25,12.45,35.83,48.76,67.54,6.93,43.89,4.01,31.85,20.78,26.39,254.72,7.85,12.69,1105.37,"Plaga"
19,13.37,28.94,40.62,58.02,6.95,48.16,5.91,25.14,13.53,28.35,724.56,9,17,1226.22,"Plaga"
26,15.32,46.34,36.13,64.83,7.46,30.18,4.76,29.15,19.6,24.37,574.42,10.03,12.22,1231.12,"Plaga"
17,11.07,30.82,37.27,52.11,6.66,44.34,4.78,29.65,13.59,28.91,802.88,7.36,15.34,1309.04,"Plaga"
20,16.75,34.1,48.33,64.42,6.64,40.37,4.64,25.59,14.86,29.26,412.03,8.01,12.16,1062.75,"Plaga"
34,13.32,24.23,39.14,40.26,6.24,38.71,4.56,32.15,24.52,30.4,806.62,7.86,13.67,1072.2,"Plaga"
15,12.57,41.03,39.61,40.36,6.26,45.69,3.98,30.7,22.11,30.7,605.46,8.82,11.89,1490.78,"Plaga"
38,22.8,18.99,61.64,29.55,6.63,26.31,3.67,31.08,19.47,31.72,706.51,8.9,15.73,1330.16,"Plaga"
32,10.89,30.51,36.93,55.54,6.63,31.9,4.62,28.25,21.75,28.87,392.17,5.71,14.58,1234.42,"Plaga"
39,15.26,25.14,32.06,48.47,6.09,29.81,3.93,23.19,22.92,22.54,735.63,7.6,15.9,1033.37,"Plaga"
18,17.38,43.35,43.92,49.87,6.52,44.54,5.23,25.97,17.76,29.41,743.66,8.34,14.64,1424.73,"Plaga"
39,12.26,25.08,55.84,49.98,6.53,41.31,4.5,23.03,26.08,26.9,574.03,9.13,15.1,1251.48,"Plaga"
27,11.27,29.27,41.12,60.76,6.16,24.32,4.25,23.02,19.08,23.06,456.5,8.53,12.64,1147.15,"Plaga"
33,15.91,20.71,45.19,29.47,5.95,33.59,4.29,27.23,27.49,32.06,726.43,7,12.65,1185.7,"Plaga"
12,9.95,36.12,55.79,51.09,7.34,37.05,5.17,29.27,19.4,25.79,794.36,8.13,11.09,1272.52,"Plaga"
37,11.19,37.15,50.35,68.39,7.08,23.81,4.35,37.99,19.74,25.11,758.05,8.91,17.57,1166.04,"Plaga"
36,11.91,42.13,41.94,60.29,6.15,32.96,6.07,22.05,20.1,31.59,311.31,8.77,11.75,1110.07,"Plaga"
35,13.55,38.58,39.07,38.97,6.11,29.72,5.71,25.24,19.86,28.71,506.89,6.5,12.04,1115.45,"Plaga"
16,17.08,25.23,42.66,40.99,6.28,40.65,6.01,28.97,17.74,31.17,703.89,8.47,17.97,899.71,"Plaga"
11,13.07,29.37,36.87,58.34,7.06,40.66,4.74,23.94,15.93,25,524.52,9.15,8.49,1031.68,"Plaga"
32,19.46,35.9,43.65,53.5,6.8,28.46,4.2,31.23,15.45,27.48,567.56,6,11.84,1073.06,"Plaga"
32,10.22,43.09,43.8,39.6,6.55,24.64,6.38,24.19,21.98,33.21,688.43,9.09,11.65,1055.59,"Plaga"
22,18.13,38.26,51.2,41.78,6.57,29.41,6.63,28.43,15.22,24.13,897.78,7.27,14.26,1303.45,"Plaga"
25,13.37,33.25,44.78,56.81,7.49,43.81,5.21,27,20.09,31.89,627.27,8.84,13.46,939.77,"Plaga"
18,14.63,30.76,44.84,47.44,6.91,41.61,4.71,29.89,29,26.91,457.8,10.94,13.94,992.94,"Plaga"
36,18.13,26.12,43.85,61.7,6.45,20.63,5.28,26.71,15.05,24.12,529.44,10.54,12.95,1155.71,"Plaga"
8,13.36,30,38.25,47.01,6.28,24.55,3.54,34.23,19.73,29.69,496.82,8.4,13.37,1092,"Plaga"
8,16.57,30.13,31.79,52.36,7.61,25.81,4.29,29.48,24.82,34.32,546.22,7.94,10.2,1169.8,"Plaga"
16,14.35,31.89,48.47,58.16,6.61,29.53,5.38,26.92,25.84,22.42,662.36,7.5,13.04,1165.05,"Plaga"
13,15.77,28.44,25.09,62.05,6.61,27.83,5.89,30.52,17.79,31.42,590.1,8.07,12.63,1226.18,"Plaga"
18,20.29,32.8,35.87,48.1,6.71,29.98,5.83,32.48,28.14,25.68,563.44,7.49,11.26,1177.2,"Plaga"
8,10.48,31.93,35.28,61.48,6.38,31.85,4.36,33.33,15.72,24.15,504.02,6.76,8.87,1198.73,"Plaga"
23,12.72,28.1,52.03,70.32,6.39,31.23,6.36,27.96,22.58,32.07,630.22,9.36,12.61,1172.3,"Plaga"
35,16.45,35.57,44.34,53.75,7.11,40.41,3.5,27.02,18.04,24.62,743.55,7.57,13.54,1282.4,"Plaga"
10,10,20.95,30.66,44.37,6.53,52.04,6.23,32.58,23.14,29.12,583.26,7.77,9.97,1214.84,"Plaga"
36,10.4,28.66,41.82,55.69,5.79,31.75,4.52,29.39,17.1,26.87,642.66,8.68,15.25,1213.6,"Plaga"
11,8.83,31.06,43.66,57,6.64,28.44,5.27,22.54,15.43,27.92,731.62,6.61,14.06,1218.84,"Plaga"
25,9.29,36.75,43.68,47.5,6.72,38.98,5.24,26.56,18.54,26.68,631.21,8.44,13.34,1191.87,"Plaga"
30,15.91,38.29,39.12,54.58,6.39,43.68,4.16,20.66,21.74,27.07,662.72,7.8,14.06,1328.63,"Plaga"
18,15.53,27.22,24.68,60.72,5.97,40.27,4.69,29.5,21.21,26.05,663.32,7.63,9.73,1247.73,"Plaga"
23,15.85,33.67,42.5,43.79,6.27,35.54,5.19,27.05,20.16,28.53,761.82,8.35,12.04,987.73,"Plaga"
19,10.7,32.99,40.52,44.39,6.6,45.08,6.03,29.94,10.66,26.85,385.68,9.05,11.61,935.78,"Plaga"
37,15.43,17,38.35,55.21,6.26,46.31,7.55,23.6,20.89,25.31,617.62,7.81,13.55,1151.81,"Plaga"
11,14.84,35.78,48.35,57.46,6.56,31.57,5.06,18.3,17.27,25.38,862.79,7.07,13.4,1256.09,"Plaga"
28,5.98,37.34,27.1,53.64,6.1,28.75,4.62,27.59,23.2,27.46,561.61,7.07,15.29,1231.59,"Plaga"
13,8.04,30.79,33.08,45.7,6.23,32.43,5.83,33.14,16.42,27.46,552.7,4.88,14.58,1269.06,"Plaga"
16,14.04,32.76,47,41.67,6.36,42.8,5.06,27.21,15.31,27.09,762.33,8.85,10.85,1282.21,"Plaga"
28,17.07,31.07,40.25,50.89,6.97,36.46,5.1,23.91,20.1,25.57,396.11,8.04,10.13,1472.71,"Plaga"
17,11.38,46.22,37.81,42.61,6.62,12.15,5.1,33.58,14.66,25.51,741.95,7.86,13.5,1243.16,"Plaga"
34,15.74,46.2,44.89,39.87,6.74,33.47,5,21.58,16.82,29.93,665.98,7.65,12.14,1297.88,"Plaga"
25,16.66,32.34,39.81,56.07,7.22,33.45,4.53,30.15,21.4,26.11,473.81,8.42,12.66,1103.01,"Plaga"
21,13.85,49.24,51.39,60.2,7.05,40.48,3.42,35.93,20,28.37,441.35,8.4,13.04,1052.14,"Plaga"
16,13.02,37.14,43.6,56.56,6.11,47.91,3.23,27.27,22.84,29.62,466.54,7.93,11.86,1319.31,"Plaga"
15,13.78,37.5,40.53,49.49,5.98,36.53,5.3,24.76,19.18,28.47,540.56,8.04,14.23,1043.76,"Plaga"
23,11.5,35.82,38.85,55.79,5.54,31.9,3.97,24.6,21.2,25.12,520.68,8.16,17.84,1071.23,"Plaga"
8,9.25,34.15,41.3,67.84,6.47,25.3,4.31,25.24,21.23,26.41,582.47,6.43,16.4,1283.16,"Plaga"
24,13.09,29.87,51.28,46.06,6.63,38.84,4.37,22.15,18.53,26.38,735.05,10.07,11.01,1069.12,"Plaga"
23,12.71,35.12,44.39,61.97,6.48,29.67,5.16,24.98,10.93,25.47,688.28,6.61,13.27,1345.94,"Plaga"
15,13.27,29.37,34.63,44.68,6.14,18.18,3.26,21.68,13.24,29.71,739.46,8.28,8.22,1062.29,"Plaga"
31,7.6,25.73,47.58,63.71,5.93,37.06,5.22,28.24,23.29,24.98,575.98,9.21,11.84,1128.89,"Plaga"
24,12.77,30.05,42.8,48.29,6.91,40.3,4.44,32.35,18.95,29.63,531.75,6.8,12.08,946.8,"Plaga"
20,16.64,37.88,32.26,55.74,6.54,10.48,3.83,27.18,23.33,28.28,691.6,8.09,12.95,1348.69,"Plaga"
32,14.62,29.79,23.04,45.27,6.54,33.27,5.66,25.4,22.21,32.61,474.52,9.73,16.66,1385.86,"Plaga"
35,14.76,29.21,25.57,37.31,5.98,58.41,3.43,27.4,12.97,24.02,725.61,6.06,15.01,1386.52,"Enfermedad"
9,11.38,33.85,35.84,35.26,5.85,65.9,3.24,19.62,17.2,24.12,1004.44,5.7,12.13,1386.44,"Enfermedad"
30,11.49,24.04,43.06,41.31,6.51,63.78,1.83,15.11,18.42,18.4,721.79,6.16,13.01,1352.61,"Enfermedad"
21,9.42,32.46,37.13,61.66,5.64,62.51,2.91,19.76,12.03,23.61,809.14,4.4,15.04,1291.81,"Enfermedad"
24,10.87,29.38,39.38,38.26,5.74,51.62,5.54,19.56,17.05,24.54,714.05,5.63,14.69,1037.72,"Enfermedad"
15,9.56,36.08,38.61,53.11,5.29,43.51,3.55,18.7,15.76,30.35,582.53,6.7,9.39,1080.73,"Enfermedad"
11,10.12,28.76,39.49,47.85,5.88,61.93,3.95,22.47,18.6,26.62,699.73,6.52,12.21,1121.44,"Enfermedad"
20,13.35,15.2,41.61,50.12,6.25,71.24,3.26,22.94,13.65,25.01,591.61,6.72,14.99,932.23,"Enfermedad"
15,10.82,21.25,32.24,56.02,5.55,74.89,3.48,22.23,16.25,26.09,827.83,6.01,17.34,1026.93,"Enfermedad"
32,9.03,36.21,31.82,51.32,6.11,50.6,2.41,23.22,13.48,25.17,616.9,6.11,12.45,1160.79,"Enfermedad"
28,18.05,40.38,36.43,46.38,5.92,67.95,4.04,18.95,12.89,28.93,689.44,6.76,12.52,1145.48,"Enfermedad"
27,14.73,35.48,40.78,68.52,5.92,72.09,2.55,23.25,15.51,23.68,800.6,6.76,9.55,1219.97,"Enfermedad"
8,10.91,29.96,43.61,27.05,5.33,62.67,3.68,10.11,17.22,22.34,723.95,4.65,11.98,1174.95,"Enfermedad"
13,15.47,25.57,33.77,47.52,5.83,44.03,4.24,25.24,18.25,18.98,613.53,5.07,11.92,1399.91,"Enfermedad"
38,16.31,28.5,35.93,37.2,6.01,66.26,3.18,11.92,11.47,19.77,922.09,5.09,11.51,1139.46,"Enfermedad"
12,16.84,20.29,31.83,39.7,4.9,61.76,4.08,25.58,13.01,26.5,609.89,7.07,12.36,1552.77,"Enfermedad"
23,9.7,27.55,34.18,55.36,6.48,61.72,5.54,20.39,19.61,27.07,616.39,9.41,9.89,926.48,"Enfermedad"
34,13.47,24.28,37.22,45.87,6.32,64.85,4.52,12.96,10.75,22.93,763.97,6.78,9.92,1117.82,"Enfermedad"
34,10.12,14.76,34.63,42.04,6.02,74.55,3.74,18.56,22.96,22.59,589.32,4.59,13.23,1233.15,"Enfermedad"
34,13.1,30.78,33.09,38.64,5.83,57.58,2.9,22.13,12.64,25.43,740.48,5.27,11.95,1263.48,"Enfermedad"
16,15.18,28.32,50.46,45.41,6.31,62.42,3.56,21.43,12,18.77,658.3,6.19,12.96,1429.83,"Enfermedad"
28,15.92,39.2,35.5,34.77,6.15,45.23,4,17.81,18.11,25.22,610.36,5.44,11.48,1173.8,"Enfermedad"
18,9.47,20.59,32.47,31.81,5.86,39.4,3.37,24.34,10.68,23.19,720.11,5.52,9.99,1283.81,"Enfermedad"
9,13.53,33.22,36.95,46.21,5.26,66.62,2.11,21.29,13.53,35.01,798.26,6.83,13.35,1239.96,"Enfermedad"
17,5.23,23.27,47.12,24.91,6.22,67.65,2.39,19.87,19.5,22.43,563.23,6.83,11.96,1149.78,"Enfermedad"
14,12.48,29.71,37.04,57.3,5.72,58.53,5.54,10.83,16.22,21.68,675.37,5.81,15.47,1203.73,"Enfermedad"
12,12.73,22.85,26.32,35.77,5.36,65.21,4.22,22.73,14.67,22.94,670.74,6.4,13.16,1073.57,"Enfermedad"
21,8.35,30.18,39.48,41.97,6.23,70.61,6.06,14.87,8.19,18.71,647.52,4.48,11.13,1054.21,"Enfermedad"
14,10.09,20.9,32.81,41.86,5.66,68.53,3.34,18.94,20.42,24.46,668.87,6.63,16.65,962.78,"Enfermedad"
36,13.55,26.06,13.98,34.7,6.37,65.23,3.1,27.34,18.02,29.13,814.47,8.45,13.19,1269.28,"Enfermedad"
11,8.9,28.49,39.73,31.62,5.44,53.63,4.2,23.82,15.82,25.16,586.39,4.84,9.32,1407.02,"Enfermedad"
25,14.9,19.62,38.79,62.63,5.12,60.76,4.45,17.41,20.68,22.86,601.86,4.58,9.77,956.51,"Enfermedad"
34,9.28,30.8,46.93,58.62,6.13,65.44,3.49,20.82,14.24,22.9,667.68,5.34,12.47,1343.42,"Enfermedad"
21,17.18,25.48,41.6,48.54,5.87,54.08,4.34,16.18,12.2,23.53,600.92,6.56,15.75,1217.8,"Enfermedad"
23,13.08,31.56,29.03,55.81,5.39,58.42,2.36,20.07,11.41,21.19,784.6,5.41,11.99,1188.54,"Enfermedad"
38,18.53,26.58,26,29.17,5.88,76.39,2.94,23.95,14.24,26.56,732.78,5.71,10.56,838.14,"Enfermedad"
33,6.73,20.73,40.28,38.69,5.56,42.53,2.99,18.51,11,25.51,380.16,5.61,13.68,1115.29,"Enfermedad"
35,11.7,30.2,50.46,43.51,6.41,64.07,3.26,26.3,12.36,20.33,723.58,5.03,13.92,1113.1,"Enfermedad"
15,13.15,28.23,35.98,44.64,6.67,59.01,4.56,25.92,8.97,27.58,699.74,5.03,11.05,1077.99,"Enfermedad"
37,16.8,24.33,30.2,59.88,5.54,56.12,5.67,15.62,14.19,27.04,601.73,5.94,9.48,1124.49,"Enfermedad"
24,14.78,26.63,37.61,43.73,5.72,50.48,3.71,18.76,7.1,23.12,616.25,5.99,11.56,1080.38,"Enfermedad"
36,7.42,17.43,34.72,36.95,5.89,56.03,4.51,22.1,7.21,20.49,599.93,7.35,12.51,1083.24,"Enfermedad"
23,9.7,28.07,45.7,57.53,6.69,52.32,3.52,23.92,19.28,20.65,641.17,5.42,13.46,1333.48,"Enfermedad"
36,10.46,26.27,30.47,33.04,6.46,67.71,3.8,19.39,17.42,21.45,510.78,5.37,10.64,1232.24,"Enfermedad"
15,5.8,39.12,40.98,38.47,5.67,67.96,0.82,30.72,11.9,23.7,674.31,6.72,9.21,1396.76,"Enfermedad"
24,7.3,38.38,44.97,61.45,6.1,66.57,4.17,25.99,20.79,26.29,750.47,5.85,10.43,1123.54,"Enfermedad"
18,14.29,29.95,56.44,49.87,6.15,45.88,3.83,22.36,23.53,25.11,778.19,4.43,11.34,1344.13,"Enfermedad"
20,12.15,28.5,38.21,37.53,5.63,44.33,1.57,15.12,12.99,19.52,600.93,6.04,6.88,1351.3,"Enfermedad"
22,13.5,33.17,38.35,48.48,6.44,55.5,4.44,19.96,17.66,22.83,667.84,4.88,16.99,1481.19,"Enfermedad"
32,11.78,27.98,52.1,42.14,6.19,50.84,4.81,22.57,14.66,23.11,450.36,6.02,12.73,991.77,"Enfermedad"
33,10.71,35.8,28.36,36.35,6.43,65.69,3.43,23.52,12.47,19.33,909.79,5.12,12.84,1210.56,"Enfermedad"
36,16.04,25.97,40,47.75,5.81,41.87,2.98,19.35,25.38,24.1,626.54,6.56,7.79,1258.22,"Enfermedad"
23,10.26,27.92,34.86,38.68,5.47,50.39,5.12,23.54,18.08,26.18,540.65,8.59,14.31,1246.32,"Enfermedad"
36,11.09,24.93,39.56,52.86,4.74,69.16,2.36,25.91,17.85,29.35,1069.36,5.38,11.84,950.47,"Enfermedad"
31,15.68,22.71,47.75,46.41,6.43,63.9,2.25,15.92,15.04,26.48,631.8,6.53,11.6,1276,"Enfermedad"
18,11.42,27.87,31.74,39.37,5.16,73.36,4.67,22.52,18.35,23.43,664.26,4.58,12.69,1090.79,"Enfermedad"
25,11.84,34.72,45.8,48.64,5.33,57.89,2.74,14.4,19.37,24.44,830.37,4.4,12.35,1117.51,"Enfermedad"
39,7.84,21.64,39.68,45.97,5.83,63.67,4.12,20.55,17.26,23.95,554.48,5.54,12.22,951.94,"Enfermedad"
38,12.96,32.27,40.01,21.9,5.59,46.19,3.17,13.94,11.79,17.06,644.51,6.48,15.8,1318,"Enfermedad"
32,12.32,20.92,38.44,31.74,5.66,57.55,3.47,20.32,14.71,24.33,853.39,5.96,10.5,969.94,"Enfermedad"
29,15.17,22.74,37.93,58.72,5.47,76.74,3.67,18.76,16.7,24.35,732.98,7.28,8.97,1094.48,"Enfermedad"
38,16.74,34.55,49.5,64.39,5.75,70.44,4.3,21.47,23.34,28.35,547.81,6.01,11.4,1374.78,"Enfermedad"
29,13.58,28.48,42.55,42.69,4.98,50.1,2.97,28.22,13.24,17.24,703.93,6.9,10.52,837.06,"Enfermedad"
22,3.65,33.15,27.61,43,6.24,61.19,4.68,10.17,13.15,24.53,671.26,5.69,12.28,1004.27,"Enfermedad"
19,12.46,24.15,41.37,35.67,5.34,67.57,5.02,20.46,17.06,26.45,493.78,7.03,15.6,1120.67,"Enfermedad"
12,10.13,21.54,46.71,39.97,5.7,50.51,3.68,21.86,10.93,24.87,789.35,5.21,9.14,1199.18,"Enfermedad"
27,11.62,27.46,38.81,36.34,6.47,49.78,2.22,15.17,20.3,27.8,990.54,7.1,10.69,1146.88,"Enfermedad"
22,15.42,30.22,49.81,47.74,5.54,56.51,4.3,16.45,12.28,25.78,889.57,4.51,14.85,1199.17,"Enfermedad"
12,9.02,21.9,26.49,45.43,5.42,73.8,2.92,21.69,17.09,35.14,625.6,6.23,12.83,1296.99,"Enfermedad"
11,9.48,25.87,49.54,53.69,6.56,64.2,3.07,25.4,7.44,25.17,817.35,6.26,12.73,1099.87,"Enfermedad"
27,19,23.07,42.11,51.65,5.64,44.47,2.65,24.17,18.07,22.16,758.03,4.72,14.07,1201.86,"Enfermedad"
34,11.21,34.34,38.44,35.39,5.62,72.26,2.45,18.53,16,28.39,535.82,5.08,14.33,1087.99,"Enfermedad"
26,4.33,18.9,37.77,41.79,5.76,83.37,4.2,27.64,19.37,23.7,517.88,6.37,14.96,842.45,"Enfermedad"
30,10.36,27.34,23.37,23.43,5.77,57.36,3.28,18.12,18.83,22.36,718.35,5.03,10.52,1007.64,"Enfermedad"
37,19.25,21.22,34.84,55.72,5.89,63.64,3.8,22.58,14.09,26.51,822.79,4.33,11.37,1066.14,"Enfermedad"
13,12.67,20.32,28.12,39.99,6.48,69.7,3.74,20.88,9.92,27.01,861.12,6.4,13.49,1266.27,"Enfermedad"
30,6.77,40.97,38.01,55.71,6.1,53.67,2.94,13.65,13.28,25.19,703.87,7.26,12.55,1102.12,"Enfermedad"
37,15.32,28.43,30.16,38.56,5.5,68.32,5.16,18.15,15.94,26.9,638.72,7.57,10.81,1334.24,"Enfermedad"
34,8.34,35.53,23.75,50.27,6,39.25,3.89,22.59,13.45,21.53,666.14,6.94,15.62,1254.04,"Enfermedad"
25,16.59,35.58,43.72,38.18,6.32,59.17,3.7,14.47,11.63,27.53,600.23,6.49,13.03,1247.43,"Enfermedad"
21,11.47,25.37,32.32,47.74,5.89,78.66,2.49,25.2,14.06,24.04,678.94,6.07,13.27,1192.77,"Enfermedad"
9,13.73,21.91,45.2,55.6,5.86,52.81,2.11,22.41,11.01,30.69,807.54,5.62,13.15,936.54,"Enfermedad"
13,13.46,26.85,32.92,47.3,5.53,71.77,4.36,22.47,16.55,23.94,615.95,6.17,11.18,860.5,"Enfermedad"
28,7.46,25.97,36.26,45.64,5.97,58.15,2.92,17.22,11.12,27.43,839.98,5.13,14.89,1143.13,"Enfermedad"
35,14.29,30.58,38.8,47.26,6.2,48.48,4.13,23.92,18.67,16.23,690.03,5.91,10.66,1090.69,"Enfermedad"
22,9.78,37.3,47.71,52.99,6.1,49.41,4.29,13.72,17.15,19.26,512.85,6.04,11.12,1113.84,"Enfermedad"
27,13.41,28.63,30.46,45.67,5.25,43.34,4.13,20.86,8.98,16.55,867.83,5.95,9.96,1002.42,"Enfermedad"
36,9.91,36.17,38.06,45.17,6.07,55.91,3.13,20.07,13.08,25.35,613.39,5.07,13.64,1079.72,"Enfermedad"
27,10.38,39.15,30.06,27.15,6.25,53.95,3.44,15.24,19.96,24.33,745.54,6.35,11.16,1010.59,"Enfermedad"
26,13.73,29.17,44.57,43.95,5.72,59.72,3.01,21.43,17.6,25.95,742.99,5.99,13.75,1342.87,"Enfermedad"
8,12.77,21.28,39.71,49.7,6.05,70.93,1.52,18.76,15.05,25.53,793.86,4.43,9.81,1137.25,"Enfermedad"
11,12.83,23.47,25.32,49.39,5.4,64.65,3.62,15.11,19.13,24.85,794.36,3.8,10.36,1136.69,"Enfermedad"
35,15.06,39.1,52.22,62.37,6.67,66.84,5.46,21.64,10.18,19.32,946.7,5.55,10.47,1307.4,"Enfermedad"
34,14.48,30.17,35.49,55.4,5.46,60.81,2.66,21.98,15.25,23.42,824.42,7.73,13.61,784.11,"Enfermedad"
28,10.7,24.96,45.62,38.71,4.72,46.32,6.35,18.89,15.66,23.17,739.6,6.89,10.02,1114.03,"Enfermedad"
36,6.62,34.85,35.11,62.72,6.5,59.76,2.48,13.45,15.84,24.8,532.26,6.75,8.35,1459.02,"Enfermedad"
32,7.49,35.19,36.03,50.48,5.71,63.11,4.6,18.98,20.97,27.7,626.42,6.41,11.98,1329.97,"Enfermedad"
13,13.63,35.76,33.31,40.01,5.9,57.5,2.26,26.51,10.81,25.51,754.8,5.49,11.74,1029.37,"Enfermedad"
21,9.01,28.86,42.21,39.29,6.17,45.1,4.8,19.38,16.96,22.39,578.85,5.25,11.58,1279.3,"Enfermedad"
13,12.07,32.2,52.31,54.62,5.87,72.6,2.68,12.23,15.09,25.83,648.38,6.23,12.3,988.12,"Enfermedad"
20,7.02,30.11,38.53,30.82,6.06,56.48,2.21,22.32,13.11,26.23,810.37,5.7,13.45,1273.43,"Enfermedad"
27,10.61,21.95,40.31,45.08,5,66.22,1.23,22.46,21.92,28.65,985,6.64,11.89,1107.28,"Enfermedad"
12,8.36,26.54,24.13,31.16,5.85,68.95,4.56,18.7,13.77,25.92,591.89,5.34,12.06,1079.66,"Enfermedad"
36,9.92,24.95,28.26,58.39,6.02,61.33,1.38,18.97,20.76,20.79,746.06,4.1,13.59,1079.78,"Enfermedad"
33,15.8,38.02,40.23,56.31,6.14,69.05,5.39,22.76,11.55,25.59,588.07,5.63,12.06,1039.57,"Enfermedad"
17,14.97,19.55,40.32,52.11,5.39,56.48,1.88,19.07,10.08,28.84,644.89,5.96,12.1,841.49,"Enfermedad"
25,10.52,27.87,57.18,50.46,5.65,36.15,2.76,20.53,16.31,24.33,857.8,4.63,11.13,974.62,"Enfermedad"
8,14.4,24.94,31.5,64.09,5.74,76.49,3.03,10.03,14.78,23.42,674.89,6.07,9.94,1203.56,"Enfermedad"
23,11.53,28.53,39.48,57.73,6.23,60.26,3.77,19.97,11.46,22.33,736.96,6.7,11.88,1392.49,"Enfermedad"
27,13.49,35.93,52.99,52.23,5.72,62.92,4.81,19.65,19.62,27.77,913.28,5.07,14.7,1161.71,"Enfermedad"
13,12.77,36.52,38.26,40.55,5.68,50.02,4.23,25.46,11.57,24.19,657.87,7.61,12.35,1203.92,"Enfermedad"
13,10.58,29.61,53.5,52.58,5.94,61.31,3.45,14.72,16.05,26.01,743.66,4.86,14.89,1303.56,"Enfermedad"
37,10.52,27.96,32.97,51.72,5.44,63.09,4.55,26.06,14.64,26.07,744.09,6.42,9.95,1243.02,"Enfermedad"
19,11.06,31.65,37.21,32.51,5.43,51.6,5.31,21.69,20.97,19.88,917.27,7.48,13,1220.86,"Enfermedad"
39,17.29,17.69,30.9,41.58,4.74,54.44,3.48,28.58,14.42,21.72,613.56,6.34,13.68,1317.52,"Enfermedad"
26,17.02,31.06,43.91,43.13,5.97,55.13,4.05,16.64,13.22,25.33,865.32,5.34,10.77,1108.09,"Enfermedad"
17,13.82,35.89,41.06,33.81,6.23,71.47,3.4,8.74,18.91,27.13,541.13,6.69,15.65,1119.33,"Enfermedad"
24,13.29,42.95,36.38,52.94,5.76,44.26,3.99,19.59,18.46,26.31,739.13,6.93,13.77,1306.07,"Enfermedad"
31,11.47,27.01,45.06,44.38,5.4,50.35,3.8,20.81,13.01,25.21,714.43,6.26,12.73,1242.72,"Enfermedad"
35,14.51,31.43,38.35,43.22,4.81,58.42,3.55,18.18,20,24.37,509.84,5.21,12.12,1058.43,"Enfermedad"
25,8.76,30.9,24.88,33.17,5.46,58.06,1.49,17.4,18.4,24.13,669.43,5.55,12.3,1091.75,"Enfermedad"
17,13.51,16.49,13.62,31.03,5.49,79.24,3.07,20.63,14.35,26.25,684.82,6.73,9.13,1180.99,"Enfermedad"
12,14.45,15.38,38.92,44.29,5.92,46.16,0.94,25.76,9.08,27.3,809.44,6.41,11.02,885.93,"Enfermedad"
39,12.95,22.72,51.44,34.21,5.66,65.29,4.18,17.99,16.06,21.63,637.28,7.37,9.42,1094.52,"Enfermedad"
26,6.98,30.44,40.78,46.78,5.44,64.8,1.93,19.76,16.04,22.88,622.61,6.22,12.16,910.87,"Enfermedad"
38,16.56,13.55,35.2,31.08,5.11,50.62,3.42,15.93,17.23,25.6,632.41,6.55,9.25,1206.85,"Enfermedad"
26,10.53,31.28,33.77,45.1,5.75,65.83,4.81,21.95,14.3,22.88,694.83,6.48,11.86,1219.4,"Enfermedad"
14,7.87,38.22,32.35,54.33,5.37,63.3,3.19,18.58,12.87,20.86,969.71,7.14,13.38,1455.85,"Enfermedad"
38,9.12,30.89,36.17,67.94,5.54,56.53,2.31,13.29,7.46,24.93,637.4,6.7,15.57,1013.56,"Enfermedad"
38,13.24,24.55,27.66,49,6.18,63.94,3.9,16.08,14.74,26.45,628.46,6.57,8.63,1191.13,"Enfermedad"
23,11.69,23.94,20.1,45.07,5.96,51.95,4.16,24.5,17.01,22.92,646.91,7.1,11.97,1397.06,"Enfermedad"
9,11.35,35.58,35.94,57.43,6.01,68.65,4.5,22.19,12.68,18.55,663.47,4.52,10.87,1222.02,"Enfermedad"
9,11.64,20.25,36.49,48.4,5.81,54.07,4.92,29.34,15.88,20.28,626.66,7.12,14.98,997.41,"Enfermedad"
33,12.78,29.28,45.22,51.76,5.63,71.69,0.47,13.15,12.37,24.25,785.05,6.49,9.06,839.53,"Enfermedad"
29,9.82,25.85,35.66,61.87,6.55,48.23,1.79,18.38,16.88,22.38,729.99,6.42,14.61,1127.75,"Enfermedad"
27,10.76,32.31,38.53,16.18,6.42,65.4,5.73,15.73,13.26,26.43,963.43,6.03,9.99,844.98,"Enfermedad"
25,6.41,26.82,44.5,35.53,5.53,69.39,4.12,16.04,20.33,26.93,875.57,8.09,11,1180.62,"Enfermedad"
19,11.29,30.49,34.98,55.91,5.94,61.52,3.13,24.33,18.21,23.18,850.79,6.98,14.24,1264.75,"Enfermedad"
19,18.77,37.19,37.12,40.04,5.55,50.86,2.78,16.97,19.13,22.23,399.45,4.53,10.33,899.51,"Enfermedad"
20,13.42,33.23,50.39,39.88,5.81,64.99,3.61,15.14,17.01,30.89,634.72,5.7,13.44,1221.93,"Enfermedad"
8,18.4,27.11,41.9,52.4,6.05,53.86,3.41,14.34,14.09,25.74,586.11,4.9,14.08,1146.4,"Enfermedad"
36,10.67,32.69,20.45,45.85,5.93,81.19,3.54,20.93,11.77,28.01,455,6.5,14.38,956.32,"Enfermedad"
27,10.83,28.43,46.44,38.89,5.62,59.67,3.9,17.83,10.47,23.43,662.49,5.35,14.51,1264.83,"Enfermedad"
20,11.2,32.91,31.16,30.14,6,58.82,3.99,22.33,14.62,20.68,772.63,5.41,11.65,1573.58,"Enfermedad"
21,9.21,25.98,34.23,51.86,6.08,43.3,2.88,26.48,10.5,22.46,580.3,7.13,12.72,877.37,"Enfermedad"
14,11.86,24.49,35.17,53.2,5.39,71.67,2.46,19.53,19.8,21.32,708.22,5.83,12.95,1265.11,"Enfermedad"
35,13.08,29.48,57.39,55.66,5.6,79.41,4.54,15.42,21.61,24.31,657.58,4.15,10.77,1301.26,"Enfermedad"
38,13.72,28.69,25.91,38.64,5.88,74.67,3.98,18.99,19.2,30.03,612.67,6.34,13.33,988.98,"Enfermedad"
8,19.73,22.31,49.98,41.2,5.79,54.01,2.27,15.2,11.43,24.54,686.84,6.93,11.38,1282.96,"Enfermedad"
16,14.77,23.08,34.05,49.51,5.72,79.46,2.51,21.45,17.91,32.29,887.48,4.47,11.4,1215.28,"Enfermedad"
34,13.46,26.44,30.37,34.2,6.08,72.26,4.13,23.32,11.8,25.62,716.29,6.28,8.82,1074.48,"Enfermedad"
24,12.34,32.2,37.91,19.16,5.43,53.63,4.53,34.46,14.75,19.76,407.17,6.57,13.86,1221.49,"Enfermedad"
29,15.27,24.97,47.87,47.82,6.32,60.16,2.87,24.43,11.33,21.55,587.49,5.7,12.76,1303.12,"Enfermedad"
36,8.74,29.31,41.45,46.22,5.35,53.14,4.47,22.91,13.37,19.22,866.26,7.62,12.84,1307.89,"Enfermedad"
31,9.87,30.02,39.65,62.24,5.3,74.5,0.73,15.84,11.51,22.33,761.64,6.14,12.46,1289.88,"Enfermedad"
18,12.96,27.87,25.65,35.61,5.98,55.88,3.79,26.67,16.03,24.01,624.31,4.88,10.03,1112.01,"Enfermedad"
8,13.96,20.83,37.78,47.58,5.95,64.48,4.25,25.5,22.3,27.34,741.6,7.53,14.86,1352.75,"Enfermedad"
26,13.88,13.65,52.24,49.41,6.26,64.33,1.14,24.38,13.71,24.95,802.99,6.63,9.09,1158.66,"Enfermedad"
28,12.61,20.12,46.88,39.17,5.27,58.81,3.19,23.62,9.91,22.08,819.81,7,12.22,1154.57,"Enfermedad"
25,4.78,22.35,52.27,43.45,6.09,57.16,3.93,22.53,13.59,28.06,811.84,6.7,11.55,1071.09,"Enfermedad"
13,12.96,28.22,43.86,29.13,5.12,62.29,2.94,29.23,15.18,22.07,795.84,6.9,10.17,1462.62,"Enfermedad"
30,12.83,28.27,44.93,33.55,5.58,64.22,3,19.7,20.64,21.8,668.98,5.44,15.56,1388.81,"Enfermedad"
38,14.84,31.48,37.23,42.03,5.94,63.41,2.8,23.1,12.97,22.09,750.87,6.01,11.72,1335.97,"Enfermedad"
16,14.28,30.83,45.04,54.6,5.68,57.66,4.31,15.36,13.49,20.7,717.62,5.19,15.06,1300.5,"Enfermedad"
33,7.32,34.44,35.95,43.33,6.09,72.35,3.68,10.97,10.78,26.21,746.44,6.81,10.19,1048.91,"Enfermedad"
34,10.46,28.38,46.65,45.41,6.68,50.47,2.8,23.9,14.91,22.19,829.49,6.59,9.55,1288.94,"Enfermedad"
33,14.63,25.03,46.87,43.76,5.71,38,3.88,15.69,13.75,20.85,735.53,6.76,12.75,1158.16,"Enfermedad"
28,15.62,31.62,36.58,37.71,5.93,63.01,3.44,17.9,12.4,24.84,863.65,5.92,10.43,1113.37,"Enfermedad"
9,11.04,31.13,24.33,51.02,5.66,63.85,2.63,21.07,14.29,20.34,569.72,6.53,11.71,1079.39,"Enfermedad"
20,11.62,17.75,36.28,48.08,6.02,67.13,3.2,27.09,22.55,22.15,418.18,6.6,11.59,1039.39,"Enfermedad"
20,11.45,27.97,31.52,29.41,5.57,51.62,3.64,20.59,19.77,22.72,705.89,7.37,11.12,1160.8,"Enfermedad"
16,10,25.35,39.45,40.91,5.62,68.96,3.94,17.25,21.05,25.54,585.71,6.27,13.45,1066.34,"Enfermedad"
33,11.68,29.14,48.26,64.73,5.68,79.6,3.15,23.56,12.33,23.03,725.05,6.93,9.76,980.35,"Enfermedad"
26,12.65,27.7,36.56,30.85,6.1,52.68,4.32,24.17,17.94,21.71,615.28,6,12.84,1008.99,"Enfermedad"
27,10.55,19.66,40.47,61.54,6,50.34,4.37,16.24,10.03,21.03,716.18,5.72,12.59,1314.46,"Enfermedad"
19,12.32,16.41,42.78,59.44,6.15,59.31,3.45,11.44,14.16,22.06,714.3,6.86,12.19,1071.82,"Enfermedad"
12,14.08,22.23,60.13,49.54,5.73,64.16,4.51,10.34,16.02,17.07,661.45,6.67,8.42,1220.73,"Enfermedad"
34,5,35.29,42.74,19.23,5.93,47.38,4.13,24.63,9.29,25.49,475.88,6.35,12.17,1345.74,"Enfermedad"
9,10.31,22.66,24.21,45.92,5.93,72.07,2.97,24.09,16.34,25.66,816.75,6.86,9.96,1062.84,"Enfermedad"
18,8.67,26.85,43.38,47.11,5.41,63.75,2.78,16.6,14.49,28.02,659.11,5.71,13.6,1426.48,"Enfermedad"
13,8.65,28.09,18.99,42.29,5.93,53.19,3.3,15.03,20.08,20.54,629.51,5.75,10.89,972.4,"Enfermedad"
37,10.13,27.92,39.62,40.24,5.52,57.82,3.2,14.8,14.33,22.25,831.69,6.63,10.94,1406.77,"Enfermedad"
34,13.59,29.49,42.83,43.8,6.38,55.17,2.18,20.9,14.1,23.65,697.52,5.78,10.86,1050.29,"Enfermedad"
23,10.59,22.54,32.08,46.48,6.02,67.5,4.63,26.85,20.58,25.68,610.14,5.48,12.34,1004.54,"Enfermedad"
37,12.43,24.77,30.07,49.22,5.8,60.57,5.42,19.6,14.13,22.09,701.02,5.61,11.02,1233.94,"Enfermedad"
15,12.08,34.71,52.3,42.69,5.26,46.07,4.36,20.56,19.53,27.56,668.14,7.26,11.27,1028.97,"Enfermedad"
36,13.94,33.46,37.95,32.39,5.73,59.96,4.27,19.89,16.21,26.43,663.11,5.72,12.72,927.32,"Enfermedad"
22,8.38,24.53,36.47,18.07,5.79,61.12,3.77,30.83,14.29,23.18,697.37,5.35,12.02,1238.07,"Enfermedad"
16,11.97,21.82,44.75,43.58,5.51,69.93,4.4,14.58,14.56,25.15,701.04,6.61,10.98,1106.66,"Enfermedad"
37,13.98,34.98,48.4,41.13,5.44,72.89,3.39,24.76,11.44,20.36,701.74,5.42,9.74,1358.56,"Enfermedad"
28,16.34,33.5,47.79,50.83,6.15,75.67,2.88,26.49,13.33,27.63,799,7.4,11.45,1313.27,"Enfermedad"
11,11.12,21.93,25.52,49.91,5.9,58.64,4.32,19.63,12.34,21.26,603.08,5.04,10.53,1108.39,"Enfermedad"
10,8.63,16.32,34.14,53.1,5.07,51.77,4.48,16.28,13,27.24,905.47,7.86,13.2,1498.96,"Enfermedad"
13,20.47,30.26,41.8,41.52,5.52,66.65,3.64,11.44,15.26,27.08,863.92,6.91,10.94,1095.64,"Enfermedad"
12,11.9,31.3,32.3,44.57,5.79,69.54,5.42,20.39,11.34,24.56,667.38,5.81,10.88,1288.1,"Enfermedad"
29,14.71,32.01,36.72,31.7,5.55,70.94,4.32,17.48,12.04,19.34,787.2,6.9,14.87,1302.27,"Enfermedad"
12,15.53,26.86,47.89,44.5,5.68,64.29,3.1,22.14,19.86,21.43,701.33,5.48,11.34,1056.63,"Enfermedad"
26,7.28,20.8,45.52,41.46,6.2,59.21,3.09,29.32,10.23,17.94,680.08,6.6,10.83,1269.38,"Enfermedad"
27,11.47,35.01,51.1,56.25,5.67,57.85,2.7,23.59,2.09,22.57,766.24,4.73,9.37,1395.75,"Enfermedad"
30,13.51,30.52,30.49,26.13,5.99,51.49,2.4,12.73,11.72,21.59,888.63,5.24,9.99,1395.43,"Enfermedad"
10,12.24,29.07,35.11,55.71,4.58,77.21,3.52,12.12,14.23,25.57,848.96,5.6,11.02,1478.08,"Enfermedad"
24,8.62,21.22,33.49,45.92,5.3,68.79,3.54,28.21,6.8,24.33,762.6,5.99,12.88,1287.74,"Enfermedad"
15,13.66,25.13,27.79,50.85,5.69,51.39,2.86,23.21,11.83,25.49,618.96,4.27,10.68,1201.23,"Enfermedad"
16,12.38,30.57,44.38,28.1,5.77,59.97,5.06,10.83,15.78,27.02,694.13,6.37,14.59,978.76,"Enfermedad"
14,10.88,22.5,40.89,55.88,6.22,72.54,2.83,17.56,13.02,23.11,1029.69,6.84,13.99,1315.26,"Enfermedad"
18,13.43,30.28,42.1,30.9,6.67,46.27,4.23,13.2,16.1,28.19,495.39,5.8,12.84,1311.63,"Enfermedad"
25,17.88,31.86,48.52,61.16,6.18,50.5,3.7,19.12,11.68,20.53,773.2,6.26,16.22,1266.16,"Enfermedad"
12,11.82,18.33,32.46,49.6,6.6,57.04,2.75,17.88,17.63,26.79,780.29,7.76,12.42,975.31,"Enfermedad"
18,9.8,43.34,27.85,63.34,5.33,76.63,3.12,29.11,16.44,27.86,716.56,6.62,11.78,1213.74,"Enfermedad"
12,11.47,31.38,35.86,36.04,6.03,46.68,2.95,19.82,12.45,23.31,855.79,5.67,12.38,1111.78,"Enfermedad"
10,14.28,31.63,37.22,44.87,5.68,73.74,3.58,21.65,9.46,20.33,627.45,6.41,12.69,1020.97,"Enfermedad"
35,13.54,32.25,39.66,56.76,5.56,72.68,4.51,17.51,13.38,23.38,775.28,7.06,8.41,985.95,"Enfermedad"
28,11.32,27.28,47.53,36.16,5.49,74.84,3.17,23.8,14.2,23.18,690.54,6.21,14.8,867.52,"Enfermedad"
8,11.89,16.95,44.3,21.87,6,71.22,2.64,18.7,16.16,23.28,773.12,6.31,10.68,1454.63,"Enfermedad"
19,10.2,16.78,36.97,46.28,6.09,55.88,4.47,22.33,12.34,30.58,782.66,4.74,13.57,1220.33,"Enfermedad"
19,10.26,36.52,43.32,48.07,5.71,57.85,2.85,24.36,11.74,29.47,693.41,5.73,10.6,1202.3,"Enfermedad"
20,8.03,25.59,43.94,20.08,5.95,61.53,3.48,22.37,17.88,17.65,830.21,5.54,12.72,1065.62,"Enfermedad"
34,10.8,32.03,51.85,40.19,6.5,47.99,3.4,20.9,17.87,29.22,662.63,6.67,12.37,1147.49,"Enfermedad"
38,10.05,28.86,32.7,41.61,5.48,65.06,3.15,22.66,6.56,19.17,826.09,6.52,13.34,1049.28,"Enfermedad"
34,11.96,30.15,46.55,46.86,5.47,60.25,4.12,12.61,8.97,26.81,499.23,5.55,12.76,1268.48,"Enfermedad"
13,14.71,19.09,28.47,55.33,5.82,48.11,2.5,21.17,10.61,28.05,519.66,6.14,10.3,1082.01,"Enfermedad"
8,16.39,27.92,41.16,55.98,5.9,51.14,4.26,19.7,14.2,28.77,769.16,5.77,12.17,974.88,"Enfermedad"
18,9.93,26.65,22.78,51.09,5.65,61.93,4.3,18.33,12.64,28.56,718.74,6.28,14.9,1180.98,"Enfermedad"
15,11.02,26.25,33.64,39.96,4.82,64.92,2.46,9.71,21.59,27.37,785.98,6.27,12.68,1065.9,"Enfermedad"
21,8.83,20.31,57.84,38.1,5.67,51.27,3.32,23.44,12.19,23.04,835.36,4.33,11.4,1152.3,"Enfermedad"
37,12.1,29.48,47.55,44.8,5.33,72.3,4.4,21.81,17.06,21.39,719.21,7.88,13.75,1013.68,"Enfermedad"
31,14.44,20.04,41.29,44.87,6.08,48.31,2.73,25.34,10.93,20.97,821.54,5.37,10.75,1152.01,"Enfermedad"
11,17.91,19.62,37.52,41.78,6,54.55,2.58,17.34,15.92,21.01,581.59,6.62,11.91,1299.73,"Enfermedad"
37,7.98,32.75,36.94,40.4,5.78,82.86,4.78,19.14,12.46,26.51,731.58,7.76,12.19,1245.66,"Enfermedad"
31,8.31,23.29,29.07,48.49,6.01,58.21,3.12,12.97,14.21,26.71,708.52,6.37,13.39,1276.28,"Enfermedad"
15,15.08,32.23,39.87,44.93,5.11,63.26,3.65,17.26,18.15,22.61,537.87,5.36,9.94,1009.54,"Enfermedad"
34,8.98,13.66,41.67,46.94,6.27,60.73,3.82,13.17,13.59,23.15,655.28,5.5,12.98,958.39,"Enfermedad"
32,9.75,34.93,44.3,51.29,5.94,63.62,4.98,25.06,14.9,18.62,579.77,5.63,15.45,850.33,"Enfermedad"
25,11.54,21.2,35,37.66,6.17,55.13,3.89,22.12,11.66,30.9,569.09,5.11,10.86,1193.55,"Enfermedad"
19,6.79,39.58,43.98,43.65,6.09,58.4,2.51,13.52,13.52,23.79,546.07,4.47,11.19,960.2,"Enfermedad"
16,12.73,24.51,51.74,43.01,6.06,72.21,2.88,26.6,15.84,26.88,687.98,5.75,11.17,1439.92,"Enfermedad"
34,13.28,27.88,26.48,32.1,5.77,67.74,3.42,21.21,12.99,31.21,794.08,3.89,10.96,1599.23,"Enfermedad"
14,9.62,29.53,32.22,44.75,5.97,48.04,3.56,26.95,17.19,24.31,597.45,3.97,8.45,1398.56,"Enfermedad"
29,11.12,23.38,32.11,63.74,5.56,55.09,2.76,25.15,12.31,26.65,695.42,4.48,12.53,1232.55,"Enfermedad"
35,16,25.58,44.74,26.76,5.46,40.36,1.41,19.81,16.05,26.14,756.4,5.81,13.27,1287.73,"Enfermedad"
26,12.01,30.39,29.35,55.88,5.33,54.3,3.6,32.54,15.21,25.51,698.74,5.34,10.81,993.92,"Enfermedad"
25,15.35,32.26,37.18,42.71,5.6,48.97,3.31,19.36,16.31,24.84,738.16,7.72,10.47,1099.33,"Enfermedad"
38,9.67,24.15,35.26,25.41,5.77,59.93,2.26,33.02,5.64,24.79,832.84,4.77,11.29,841.57,"Enfermedad"
18,15.92,28.11,37.76,34.52,5.39,76.24,2.45,20.46,18.72,25.15,624.18,6.74,11.95,1214.1,"Enfermedad"
14,13.77,36.24,27.72,53.61,5.5,70.82,4.42,17.54,19.79,27.72,798.87,5.58,14.61,1051.04,"Enfermedad"
17,9.79,33.95,25.86,36.18,5.71,55.76,4.19,19.07,7.38,25.54,706.4,6.5,13.12,1002.45,"Enfermedad"
38,13.31,31.7,26.09,52.49,5.75,56.8,3.66,18.92,5.2,21.15,454.87,4.31,12.36,1117.1,"Enfermedad"
10,7.03,22.97,30.43,47.88,6.02,53.87,3.01,31.42,15.87,19.45,895.59,5.87,9.32,1408.02,"Enfermedad"
29,11.56,20.71,32.83,45.57,5.2,66.75,3.84,23.16,14.09,18.04,739.92,5.41,13.89,1282.13,"Enfermedad"
37,8.61,31.14,29.27,50.18,5.58,69.68,5.89,14.59,14.03,24.99,817.57,6.83,13.11,1044.33,"Enfermedad"
