actividad_min,presion_sistolica
418,135
172,142
136,146
331,140
432,133
254,146
588,136
411,138
289,140
235,146
206,139
437,135
263,137
36,149
239,143
443,138
109,151
105,144
319,140
319,134
381,131
510,139
435,139
367,135
433,138
194,144
217,141
137,142
176,143
379,144
55,150
260,139
259,143
296,140
255,141
187,143
256,142
536,134
566,139
301,138
374,138
69,144
190,143
249,141
520,137
150,144
290,141
591,141
312,135
368,143
72,147
496,136
362,141
327,139
206,147
182,143
250,144
409,138
525,137
306,141
402,142
352,142
375,140
405,141
505,141
50,151
458,141
146,138
117,143
343,141
57,149
531,132
376,138
434,133
10,146
357,139
334,137
95,144
92,145
417,139
191,145
415,135
333,138
233,142
555,137
505,140
214,142
26,152
183,139
239,148
423,136
597,142
214,145
458,143
356,141
415,136
91,137
239,139
145,147
206,143
308,136
400,134
64,144
79,145
193,142
397,143
508,138
332,137
513,139
231,139
190,147
213,137
103,147
497,133
203,141
331,141
347,140
313,139
2,150
593,133
543,133
125,146
175,148
312,142
541,138
590,141
155,144
339,142
484,139
237,141
439,133
97,147
360,140
520,140
590,138
48,149
257,139
123,149
270,139
329,137
56,148
178,138
557,135
341,134
274,145
452,139
445,136
29,146
425,144
504,133
100,146
469,142
172,141
184,140
399,134
67,149
399,136
533,135
418,133
264,138
263,143
459,139
339,139
51,146
350,136
489,133
202,143
557,138
450,137
344,140
451,140
47,150
516,132
493,136
546,139
77,146
49,146
83,146
240,146
255,145
337,139
73,145
121,146
487,140
281,141
485,134
4,150
331,139
559,134
349,139
124,146
431,139
227,145
401,134
18,150
382,137
19,152
447,141
284,136
73,146
326,136
40,148
392,138
598,142
462,139
344,142
62,150
420,135
397,138
29,151
475,142
311,142
256,135
473,139
247,141
289,142
109,143
193,142
507,137
112,149
250,142
593,137
142,142
550,136
551,143
55,147
278,146
301,140
188,139
28,152
145,138
57,148
143,151
485,143
537,142
26,152
181,146
588,135
324,141
376,139
3,154
291,145
593,137
225,137
58,147
277,145
578,134
205,141
479,132
479,136
125,146
266,140
429,135
246,145
115,144
580,132
390,144
519,141
15,150
160,140
301,136
40,148
596,138
142,140
225,138
128,146
63,143
139,147
180,141
381,142
169,141
217,144
4,151
219,147
320,137
97,152
358,143
176,141
379,136
16,150
533,140
10,147
76,143
466,132
28,153
427,138
583,133
523,137
426,140
575,139
258,146
524,138
214,141
558,139
89,151
564,140
500,137
508,134
74,146
358,135
10,151
433,139
5,147
51,145
135,147
525,137
218,143
324,137
341,136
135,143
343,135
397,136
179,146
251,139
272,145
559,141
352,141
569,139
334,137
300,136
2,146
289,140
556,145
119,146
31,153
244,140
223,140
514,140
16,148
552,137
409,138
543,134
365,139
487,137
201,138
210,142
234,143
453,135
222,148
145,140
563,135
545,139
209,142
381,135
164,145
124,141
202,144
196,146
529,139
493,138
426,136
576,135
254,143
147,146
70,145
181,143
87,152
55,146
362,140
219,143
339,141
115,150
406,142
129,142
167,144
445,131
336,138
201,136
326,135
416,139
547,144
348,140
140,149
448,131
467,134
120,142
492,135
279,143
468,134
142,141
200,140
572,131
395,137
464,139
413,137
123,145
282,140
485,136
405,137
4,149
52,148
208,140
567,134
295,141
162,138
216,139
126,143
253,138
131,142
507,139
274,145
168,138
560,136
189,143
546,138
26,144
424,138
290,140
267,142
22,145
24,149
200,139
568,139
371,143
221,144
367,137
124,145
99,146
217,138
518,144
306,141
178,146
570,135
490,134
194,141
583,138
592,137
245,138
394,140
243,139
154,148
50,147
158,142
163,143
239,141
111,146
572,134
62,153
375,141
265,144
254,137
223,143
521,140
168,147
12,144
551,135
519,136
166,144
314,136
65,151
56,144
502,132
246,141
397,137
566,138
147,143
8,154
14,151
426,137
555,134
280,139
225,140
326,134
515,140
391,134
140,140
465,135
81,143
99,144
368,134
143,143
423,137
210,143
166,144
599,137
24,150
387,137
23,153
456,135
138,142
54,147
389,136
440,142
407,140
31,151
177,144
271,142
172,141
486,139
79,143
367,136
593,139
542,137
133,145
0,148
588,136
530,136
552,138
249,140
447,140
128,143
235,136
511,139
77,150
536,139
298,142
256,138
183,144
550,139
311,139
482,134
515,138
553,142
182,141
204,148
357,138
265,141
560,135
239,134
287,143
370,140
243,132
595,137
59,146
132,147
194,144
89,143
171,146
468,137
314,140
20,150
590,140
370,133
35,146
397,134
227,143
81,153
338,135
436,135
403,140
149,147
315,141
323,140
430,133
216,141
479,137
377,143
23,149
328,139
517,137
341,136
105,151
306,137
454,135
66,148
490,135
100,147
320,143
231,138
149,143
388,137
22,150
456,140
316,136
525,138
312,138
21,150
86,143
477,137
295,142
265,140
191,144
171,142
580,140
260,137
530,135
389,143
515,138
511,142
574,142
419,139
483,134
440,140
363,136
430,136
429,135
25,148
310,139
476,136
146,139
279,140
261,136
242,142
73,144
315,134
268,136
398,138
330,140
17,150
19,145
421,141
425,141
576,140
526,140
281,140
376,140
274,144
134,145
226,141
62,145
400,134
115,150
285,141
580,143
19,152
91,148
179,148
565,138
545,136
97,142
589,135
450,134
324,138
559,133
528,133
235,135
394,136
388,137
196,136
108,143
280,144
158,147
213,142
572,136
277,137
411,137
202,142
598,141
395,140
118,145
59,147
566,135
567,131
373,140
10,147
135,147
481,137
525,137
272,138
219,145
165,143
70,143
69,145
572,133
485,137
99,141
124,140
393,144
459,144
486,137
98,149
590,136
137,142
354,140
353,141
580,138
395,142
351,143
311,142
459,138
64,152
1,154
571,136
299,140
197,143
221,134
482,136
229,142
462,139
264,144
506,139
46,145
289,139
280,145
159,148
566,137
543,137
266,142
58,144
124,145
163,146
291,137
203,146
464,137
286,138
522,133
597,139
132,145
367,135
509,131
567,136
174,138
436,132
9,149
527,137
38,146
440,135
597,139
301,140
126,148
357,138
374,132
401,136
104,142
539,137
373,134
26,145
410,134
118,144
16,151
331,138
488,136
516,142
62,151
398,138
426,135
177,145
583,138
167,147
42,149
312,137
417,136
147,146
203,141
338,136
532,143
448,134
126,141
151,145
314,138
461,139
371,137
301,140
358,138
454,136
322,141
539,137
568,138
549,139
453,136
148,144
231,144
168,143
395,139
195,142
453,139
68,145
465,138
352,141
501,142
259,140
375,138
333,139
585,140
453,132
327,143
104,142
542,136
124,147
390,138
562,138
134,145
136,145
511,137
497,137
211,145
159,147
76,153
593,142
501,140
540,140
308,141
69,147
32,145
198,143
552,136
569,139
505,140
95,141
252,143
148,143
123,147
411,140
292,137
195,141
60,149
327,135
208,141
235,145
186,145
232,146
334,137
8,147
509,139
553,136
330,135
161,147
594,141
230,141
416,139
414,143
261,138
119,149
580,135
38,145
291,140
132,143
176,142
497,137
220,144
50,146
118,141
516,137
586,145
161,140
405,138
49,144
434,133
250,139
551,140
187,147
565,138
302,139
209,143
388,136
150,143
138,146
118,140
576,136
296,139
451,139
284,135
353,133
350,132
588,135
401,140
144,145
9,152
131,144
273,140
236,141
487,136
471,145
53,149
571,135
316,139
358,141
243,135
390,137
523,141
404,140
582,136
421,140
493,137
27,146
404,137
393,142
61,148
505,137
369,134
59,146
357,141
287,142
140,139
12,146
219,141
372,137
198,144
184,138
451,135
455,140
431,140
61,143
310,141
335,135
447,139
542,140
221,142
257,138
440,132
398,142
335,134
210,140
117,144
110,145
49,149
49,149
507,138
230,141
36,146
538,141
134,145
161,145
117,144
581,140
68,140
433,141
559,137
401,137
515,136
145,142
404,138
421,138
275,145
522,138
417,134
537,144
452,137
312,139
299,138
272,136
13,153
321,136
254,144
95,145
71,148
270,139
24,150
592,138
227,141
229,145
31,149
256,137
9,145
18,147
203,144
493,139
275,142
9,151
98,147
444,135
443,139
453,142
211,141
211,144
481,136
239,144
436,140
349,139
219,139
48,149
70,152
534,138
271,147
596,134
218,139
150,142
210,142
206,145
382,137
8,150
458,139
250,141
259,141
289,140
270,144
298,137
208,146
272,138
243,143
311,141
374,138
145,144
305,141
357,138
10,148
312,143
144,143
243,141
496,137
196,143
290,142
15,147
185,136
384,145
189,139
123,145
174,140
573,138
52,142
278,146
35,148
323,139
88,148
380,136
159,138
415,142
208,136
3,151
177,138
49,149
297,141
173,142
384,136
300,137
22,149
191,141
293,137
343,138
63,146
390,146
206,141
110,144
483,140
41,154
558,135
424,137
285,138
7,153
234,143
387,140
515,135
371,139
239,144
268,145
524,137
211,143
39,151
266,141
599,141
228,135
116,147
27,149
103,148
194,149
345,141
399,133
26,146
562,140
141,146
89,151
318,142
407,135
184,149
402,137
177,144
541,136
528,140
43,153
90,150
419,138
0,150
493,140
214,141
447,141
27,153
126,146
42,146
108,145
231,145
295,149
550,140
376,137
424,136
49,148
172,146
595,134
336,139
473,140
19,151
50,148
66,143
9,154
553,142
152,144
598,137
443,137
150,143
595,139
521,139
99,142
111,140
408,137
47,148
351,135
40,149
133,148
569,136
299,142
344,136
162,145
264,137
80,146
310,136
32,148
29,150
408,142
33,146
313,138
160,138
113,147
344,136
178,140
274,140
83,150
76,144
64,150
43,150
332,139
454,140
475,137
575,134
101,145
81,146
282,136
517,141
460,135
335,134
94,143
235,142
432,141
224,142
23,149
350,145
432,135
429,136
99,145
202,139
246,139
252,146
68,146
231,142
304,136
426,137
342,142
243,139
557,143
359,140
585,142
520,140
404,140
540,139
595,139
133,148
415,136
551,139
10,145
480,142
54,150
550,139
367,137
97,146
24,150
497,131
84,148
564,137
55,152
503,140
254,143
524,141
461,140
512,144
282,142
428,142
191,147
28,149
139,147
1,152
218,141
296,143
12,152
5,158
412,140
60,150
44,152
297,141
431,138
586,138
177,138
71,146
41,153
125,147
60,147
2,154
171,148
99,146
11,157
213,142
496,137
182,144
426,139
437,139
15,149
577,141
83,143
430,138
228,141
521,139
597,132
116,146
492,138
303,135
579,139
395,138
356,143
138,145
431,139
173,146
507,139
586,137
5,152
573,138
215,140
293,141
554,134
466,136
146,140
58,147
505,134
448,139
515,141
230,144
295,136
279,136
189,140
201,142
431,133
452,136
518,136
507,136
452,131
200,138
426,136
584,135
550,137
583,136
22,149
367,134
129,144
148,139
506,139
450,141
197,139
312,139
113,146
2,149
540,138
426,135
317,144
32,148
253,140
228,143
103,147
94,141
104,149
358,138
75,141
143,143
568,135
132,146
458,140
359,139
248,139
357,136
80,148
291,139
583,134
257,143
146,141
557,139
366,137
437,136
326,140
7,156
453,139
587,136
430,140
485,137
511,142
600,134
173,148
270,142
326,136
91,142
289,143
166,142
502,134
208,142
49,149
6,151
516,134
515,136
560,138
44,144
237,140
257,140
517,138
157,138
181,141
440,135
108,143
381,143
445,139
108,144
133,148
420,142
477,137
572,135
185,144
329,135
88,146
262,139
157,138
209,146
482,134
482,130
423,137
74,142
170,148
564,136
272,146
373,133
11,156
311,139
413,137
35,148
69,149
221,139
567,140
149,142
13,147
486,137
510,140
322,136
536,143
107,143
165,150
12,147
350,146
532,141
364,143
48,144
416,135
406,135
100,145
497,140
547,141
235,142
185,144
345,143
584,138
435,136
474,139
461,139
574,134
490,138
161,151
139,144
145,147
128,144
125,149
561,140
571,136
54,150
38,154
514,139
338,139
127,147
277,141
44,151
589,137
84,143
484,141
575,145
427,139
53,148
354,147
78,150
520,141
404,139
565,136
88,145
272,140
326,135
65,146
406,138
340,138
209,143
248,140
478,138
214,140
584,137
551,138
47,146
511,137
404,136
33,152
573,137
500,139
500,136
549,137
553,137
131,141
562,133
29,145
529,140
274,142
499,137
164,138
453,140
483,136
49,148
549,139
490,141
357,139
425,127
207,144
282,137
88,141
300,137
470,131
335,141
80,143
498,140
443,137
22,148
483,139
519,129
307,141
227,142
50,151
497,136
2,151
206,139
197,144
547,140
270,132
533,139
54,145
508,137
367,138
323,140
184,144
294,139
164,141
273,138
461,133
375,133
408,142
535,133
32,153
119,141
435,140
245,144
390,137
539,137
442,138
560,138
91,144
454,133
422,139
5,151
26,147
20,153
317,138
466,140
243,143
2,145
105,148
569,131
147,145
512,135
222,142
313,143
294,141
81,148
220,144
600,137
338,140
279,140
329,138
158,144
340,137
437,139
63,143
167,147
125,143
447,139
561,136
255,138
380,138
19,154
79,146
231,139
399,133
384,138
115,145
80,144
563,139
213,142
276,140
57,148
546,134
401,139
306,139
259,144
31,147
129,146
514,137
373,141
116,152
114,146
210,140
369,139
325,141
316,138
521,137
517,136
507,142
421,138
235,142
162,140
573,134
27,145
371,139
508,135
163,141
587,140
532,140
120,143
162,132
538,133
66,142
113,150
365,137
88,143
344,144
345,135
358,139
150,141
493,133
582,135
167,147
519,137
176,145
209,140
471,135
82,145
37,151
232,139
78,144
48,144
353,137
110,141
181,149
437,138
56,143
596,140
185,140
327,139
475,134
142,143
205,143
124,144
227,144
441,141
429,142
109,141
286,140
413,143
443,136
382,142
117,145
521,135
173,141
222,142
335,137
516,141
390,140
421,137
130,140
212,142
82,152
442,141
569,141
441,140
75,152
416,139
260,146
55,148
600,137
434,142
373,139
524,139
195,143
400,140
281,140
74,143
325,141
379,139
284,139
75,144
45,150
399,135
503,136
554,132
233,140
563,141
492,138
254,137
244,146
200,144
41,146
6,151
147,143
153,138
438,139
94,144
415,143
438,141
276,137
71,142
432,137
548,140
220,143
455,143
445,138
32,144
33,147
406,134
499,141
552,139
85,144
350,138
169,147
134,148
443,137
248,139
263,143
507,136
143,141
317,140
497,137
79,145
358,144
502,137
459,137
531,137
20,149
415,137
122,145
334,134
465,134
252,145
423,141
504,141
567,137
327,135
190,145
234,144
519,135
144,152
530,139
35,151
583,134
71,153
530,138
324,141
337,139
588,139
571,133
479,140
391,139
407,133
80,150
280,140
257,145
61,145
7,144
10,150
442,139
268,146
294,138
152,145
325,142
76,147
98,146
491,133
16,152
550,138
203,149
559,141
38,147
188,141
356,135
563,138
54,151
486,139
368,142
384,136
595,141
193,142
216,145
322,135
375,136
187,140
424,140
49,143
117,144
8,153
450,140
569,138
461,142
104,147
170,144
403,137
186,148
244,146
153,145
321,140
522,138
144,144
318,139
399,140
4,148
152,141
340,136
495,140
137,138
539,143
495,136
236,137
488,137
510,134
169,141
69,145
61,147
528,131
297,141
403,136
234,135
468,138
495,143
536,132
385,138
535,138
520,142
163,140
353,142
157,141
383,141
538,141
290,138
495,134
10,150
520,138
567,134
188,143
426,138
492,137
75,147
249,141
124,143
448,139
244,138
0,156
158,135
122,147
45,150
318,138
202,138
131,145
562,135
194,141
77,144
314,142
535,137
467,141
89,146
179,137
142,144
557,142
168,143
102,142
273,139
367,135
95,149
15,146
57,144
391,138
98,149
155,141
405,137
523,136
572,137
230,135
136,140
443,135
427,139
585,136
59,143
527,136
105,146
448,142
597,139
139,141
445,138
464,137
169,139
553,138
42,152
137,148
177,135
54,147
147,142
472,137
160,144
304,135
81,145
355,138
367,144
131,140
45,148
421,132
380,142
289,139
537,138
586,137
439,134
577,138
88,147
96,143
599,138
226,141
336,144
567,140
362,141
522,138
424,138
514,136
282,137
570,141
75,143
485,137
141,140
371,137
466,136
421,140
264,137
558,130
97,147
432,141
152,142
413,138
114,144
29,147
471,139
490,139
97,148
484,137
197,143
343,139
361,139
548,137
342,135
521,138
253,141
392,139
115,148
427,140
557,140
256,137
388,140
327,139
9,147
545,141
486,133
249,136
55,147
211,150
315,140
147,147
500,138
177,140
123,147
104,142
436,139
328,133
418,134
174,148
240,146
537,135
198,144
542,140
580,140
12,149
297,134
373,143
8,148
210,145
17,152
370,137
278,141
158,144
467,135
326,139
199,143
561,142
586,142
109,142
587,141
353,132
525,137
175,139
28,151
8,151
259,136
3,147
267,141
446,137
401,137
439,137
357,134
572,142
144,147
542,140
589,138
2,151
259,145
406,136
369,138
594,132
396,139
370,138
556,136
541,139
501,138
244,145
418,135
574,136
144,146
293,139
455,137
359,145
470,134
158,143
78,144
283,143
399,136
359,140
366,141
56,150
295,140
121,145
426,135
335,139
360,139
357,140
184,142
50,153
248,140
179,146
342,146
134,150
134,146
195,141
104,149
241,138
494,135
511,139
65,148
198,143
368,141
136,143
552,142
424,140
132,143
64,151
44,151
113,146
237,138
450,133
85,146
22,145
535,142
201,148
198,140
315,144
252,141
177,142
429,142
475,140
496,136
462,139
414,140
116,152
439,139
165,144
433,140
59,145
254,143
236,138
22,156
530,138
406,138
467,143
399,136
206,140
304,139
77,145
97,151
194,139
386,139
360,136
465,133
319,133
405,141
26,146
560,136
508,139
562,140
104,143
88,148
324,144
503,138
443,136
155,140
285,140
141,144
339,142
341,140
50,146
380,134
58,143
17,150
513,137
149,144
279,138
563,140
375,140
224,146
511,138
129,145
293,141
339,138
351,141
11,150
226,142
309,142
275,145
493,138
434,137
559,139
134,142
94,144
122,150
394,138
151,141
399,137
410,136
49,147
444,133
188,142
133,142
155,147
538,141
363,137
390,134
130,142
216,144
486,137
204,138
488,138
120,148
439,137
70,145
493,136
404,137
574,138
18,153
79,147
16,152
10,150
508,135
379,142
386,136
226,139
32,151
259,142
94,143
561,134
527,140
181,146
10,150
13,146
317,139
494,141
205,143
394,136
515,140
382,144
4,156
331,141
105,145
480,133
247,138
264,144
182,145
138,145
96,143
245,143
323,141
541,139
241,139
193,140
491,134
418,131
69,145
424,138
571,136
298,143
294,136
434,142
120,147
220,138
190,150
598,137
97,143
104,142
277,139
165,142
522,136
262,141
411,142
491,135
163,144
440,141
239,139
153,141
534,138
339,129
298,139
108,151
541,136
383,143
569,139
27,148
70,147
526,139
271,138
280,136
134,143
293,138
263,142
433,140
381,137
479,139
470,139
253,134
181,145
196,138
594,137
246,146
453,140
50,144
258,141
197,142
96,146
14,145
151,150
476,139
178,143
524,140
347,138
483,139
600,136
384,136
205,144
186,142
584,138
429,139
302,136
128,137
294,139
457,133
585,139
404,141
15,149
279,136
497,137
306,137
206,145
517,138
347,142
303,137
292,140
409,136
273,142
340,138
173,141
103,141
492,140
192,144
75,145
111,143
248,142
171,147
417,127
210,145
352,140
100,147
82,145
544,135
519,138
539,133
296,143
42,149
186,139
529,139
254,136
196,144
177,145
330,139
271,142
225,138
254,133
160,145
115,148
121,148
23,148
567,135
574,130
62,157
44,150
250,142
458,136
496,138
13,150
170,142
321,140
81,146
582,143
151,139
319,138
66,147
203,142
74,138
547,137
570,139
325,131
210,146
194,144
554,144
372,136
246,138
463,134
321,138
131,143
143,138
165,140
10,152
153,141
367,143
452,133
68,149
583,135
293,140
37,148
564,139
163,137
186,144
276,140
195,142
107,149
76,151
306,144
42,144
426,141
205,141
596,134
38,148
29,145
151,143
211,144
488,136
498,138
434,142
495,139
437,143
524,139
279,136
166,141
378,138
219,142
41,151
514,134
500,137
298,141
280,141
71,152
76,141
479,139
512,138
3,151
470,142
322,137
262,136
285,135
428,136
1,151
38,148
505,142
599,134
145,144
240,138
421,135
399,140
470,140
548,137
158,141
316,136
84,145
582,137
454,140
112,141
444,143
479,146
82,147
300,140
494,138
208,144
30,146
206,142
469,137
60,146
186,145
512,135
97,148
233,142
333,142
107,145
420,137
469,137
381,141
517,142
78,149
2,144
160,147
504,138
76,147
458,130
558,136
336,141
530,134
149,136
434,137
468,134
292,141
362,141
53,148
166,142
46,146
144,144
536,135
19,150
298,143
314,139
171,143
469,139
354,137
117,145
283,138
14,147
11,151
441,134
103,145
581,137
215,139
419,139
277,135
246,137
401,135
376,135
526,136
51,148
304,139
365,139
390,137
375,138
221,145
19,143
428,139
26,148
282,139
431,135
164,137
17,149
56,144
83,148
399,135
392,136
587,137
194,144
79,148
104,147
19,147
494,140
46,143
536,139
29,150
488,139
117,142
14,149
421,142
2,145
179,143
34,147
73,146
75,147
434,134
583,139
147,140
239,140
225,136
154,143
428,134
163,144
309,145
78,145
509,135
412,137
323,140
368,135
135,144
506,143
73,148
529,135
368,139
564,137
173,141
561,135
383,144
6,142
62,150
356,137
57,152
449,134
403,140
112,148
382,138
340,140
148,141
425,136
151,142
519,138
238,137
297,134
397,135
530,139
274,138
393,136
358,140
43,148
380,139
28,150
303,138
64,143
365,134
433,133
471,140
354,134
594,140
216,140
7,151
491,139
271,140
326,140
508,138
157,147
196,138
58,148
409,136
128,143
512,136
366,142
547,133
37,148
595,136
239,143
327,136
386,137
291,142
317,142
250,140
112,145
582,140
481,137
359,136
34,144
537,138
46,144
469,138
35,145
457,138
507,136
270,138
333,145
503,137
582,142
11,144
78,144
518,141
407,136
163,145
267,135
67,147
17,148
439,139
434,135
417,135
531,139
172,143
254,144
150,140
375,140
382,137
245,136
561,138
293,137
551,137
438,132
563,134
455,141
135,146
414,135
143,145
174,139
133,141
298,138
260,139
544,134
356,137
216,144
374,141
205,139
502,136
53,143
131,144
56,141
520,139
163,144
597,138
91,147
195,138
536,140
381,140
297,138
98,149
475,138
200,142
452,137
350,140
370,141
195,136
45,144
357,138
446,137
346,135
361,140
418,132
27,151
134,146
368,136
81,146
162,141
27,148
129,146
7,151
491,137
353,133
328,144
3,151
510,136
0,154
472,135
131,141
492,142
77,147
328,139
18,150
333,141
80,145
484,133
142,148
70,148
18,152
344,136
397,139
537,132
37,146
235,141
98,145
301,143
143,140
247,140
221,142
414,141
445,132
255,142
146,145
477,131
509,141
324,144
150,142
470,143
214,142
551,131
160,142
564,140
257,141
452,141
125,144
375,133
349,142
252,140
441,144
491,138
436,140
488,134
447,130
90,146
463,138
114,144
60,147
541,139
359,139
106,149
382,139
200,146
85,149
480,142
66,148
577,142
463,138
427,137
143,141
456,135
14,144
332,145
186,144
499,143
457,136
293,136
283,140
44,147
141,147
424,137
39,147
472,145
588,132
47,147
275,142
347,137
488,136
90,150
216,148
501,141
311,137
98,151
522,140
562,139
444,133
584,137
556,141
73,146
246,142
358,139
439,139
321,138
390,141
70,152
244,136
4,149
391,140
99,149
242,139
299,140
400,131
458,136
429,144
341,139
317,133
514,140
520,137
37,150
162,144
553,138
356,136
81,141
43,148
57,150
462,135
133,142
146,145
78,152
360,144
308,136
169,145
395,139
467,139
588,138
287,138
248,144
175,140
471,138
583,143
360,138
385,140
413,142
254,138
132,141
154,141
370,144
383,137
277,140
26,147
526,135
147,142
349,142
443,139
111,147
284,139
1,152
28,150
150,140
395,139
532,134
255,143
15,149
176,140
574,139
67,144
453,139
448,133
354,139
559,139
385,135
580,135
496,135
476,134
571,138
370,137
193,140
62,148
417,134
314,140
231,145
570,145
547,135
227,139
567,134
259,145
124,150
372,143
57,145
92,151
489,137
491,132
144,138
448,139
584,133
575,140
267,143
518,143
334,137
339,136
144,142
231,141
129,142
445,137
384,142
483,137
372,136
166,143
572,134
390,138
286,144
467,135
153,141
486,137
203,148
45,148
470,134
115,147
387,140
162,148
411,139
76,143
374,134
115,144
302,143
524,135
285,141
463,136
88,147
394,142
91,147
461,136
428,139
241,147
282,139
101,147
381,141
548,141
336,141
189,143
246,145
131,148
265,139
297,141
564,139
258,139
517,132
100,148
327,138
354,138
356,140
301,137
460,139
104,150
41,149
86,150
338,137
150,145
443,137
38,142
545,141
571,138
471,139
527,137
227,140
96,145
120,143
301,139
397,136
341,137
63,144
436,146
473,136
18,150
275,136
263,140
40,145
106,143
489,135
351,139
131,142
275,145
513,138
61,141
573,139
85,152
174,144
109,147
282,139
186,144
593,141
9,150
193,146
357,142
204,143
273,138
255,139
52,148
389,138
500,135
317,142
90,145
289,137
8,151
544,136
144,141
541,138
350,147
590,136
510,137
7,149
9,150
446,133
310,138
453,141
354,135
139,148
472,132
19,152
484,140
399,141
404,138
26,150
126,147
293,136
265,142
16,147
201,142
580,142
184,144
380,136
409,143
374,134
174,140
343,142
422,136
230,143
168,145
165,143
551,140
387,137
451,136
341,138
378,138
166,140
536,132
301,143
483,140
311,140
70,144
67,155
278,143
258,136
548,139
79,146
412,143
551,139
247,137
531,134
87,142
63,148
140,139
313,131
388,137
463,134
460,136
67,140
524,137
67,147
539,134
575,132
350,138
416,141
222,134
330,139
499,130
96,148
301,138
246,141
520,133
79,150
535,140
150,148
363,135
228,144
560,150
119,140
302,139
137,142
481,134
163,145
572,139
555,132
285,139
8,144
579,131
412,140
295,142
362,136
67,144
95,146
383,140
29,156
421,139
552,143
425,142
336,134
477,133
449,138
354,140
118,141
5,148
274,139
145,142
136,147
304,140
225,145
302,138
162,141
366,139
373,144
125,149
340,140
267,135
