deportista,edad,experiencia,entrenamiento,resistencia,fuerza,velocidad,agilidad,flexibilidad,concentracion,disciplina,motivacion,manejo_estres,promedio,competitividad,perfil_real
D1,21.5,5.2,19.7,69.8,75.7,80.0,79.3,61.9,76.5,85.0,77.1,87.9,88.5,76.9,Experto
D2,18.3,2.3,6.9,45.0,31.7,58.0,53.4,46.7,47.6,52.5,47.2,45.8,81.8,27.5,Novato
D3,18.2,1.1,5.2,32.6,33.5,53.7,35.2,57.1,48.1,62.6,54.2,39.5,82.3,41.9,Novato
D4,21.7,4.4,9.3,58.9,63.2,65.3,57.8,69.7,65.2,67.0,68.2,67.8,78.5,63.9,Intermedio
D5,25.0,6.4,15.7,68.0,79.3,73.3,77.7,77.1,71.6,84.9,86.8,69.9,84.0,69.0,Experto
D6,21.9,3.8,9.5,60.9,70.9,63.3,66.3,75.1,65.6,62.4,66.2,77.4,82.5,59.5,Intermedio
D7,24.0,11.0,22.1,87.1,84.7,84.8,90.9,80.5,99.4,94.2,86.2,97.1,88.8,95.8,Alto rendimiento
D8,22.4,6.9,18.6,79.4,72.4,82.2,86.1,74.5,85.3,86.5,95.9,77.2,84.5,79.3,Experto
D9,19.9,1.2,8.1,64.1,62.9,58.4,59.3,60.2,62.4,66.4,68.2,73.2,87.1,69.5,Intermedio
D10,20.5,2.8,12.9,59.8,63.2,73.4,64.6,65.0,58.1,73.4,65.1,74.1,81.1,47.3,Intermedio
D11,19.6,3.3,11.5,66.7,60.7,71.1,41.8,57.3,60.2,61.2,78.7,72.6,78.1,71.2,Intermedio
D12,21.6,5.9,14.9,73.3,81.8,83.9,81.4,61.6,83.8,87.4,81.0,79.3,76.7,72.6,Experto
D13,19.6,3.2,11.1,53.7,60.6,60.6,67.7,74.4,80.0,59.0,71.7,57.1,81.7,66.0,Intermedio
D14,18.6,1.0,8.0,47.8,40.8,45.2,52.0,53.5,48.6,39.8,47.3,51.3,70.0,40.8,Novato
D15,19.5,4.5,6.0,48.5,60.1,68.4,71.5,55.7,71.3,62.2,66.8,70.5,85.6,56.0,Intermedio
D16,22.1,3.7,16.4,71.2,74.2,72.3,83.3,79.9,77.9,86.3,86.6,78.1,96.8,75.0,Experto
D17,18.5,0.7,4.3,43.3,40.6,38.1,46.0,58.6,59.5,55.6,51.4,51.7,83.4,51.5,Novato
D18,18.9,0.7,4.6,48.2,48.5,30.9,50.3,54.4,44.9,47.9,51.2,43.9,70.9,44.5,Novato
D19,19.1,3.4,8.5,63.8,55.9,65.7,66.7,69.6,81.8,55.4,74.2,60.3,72.4,68.9,Intermedio
D20,21.6,3.1,10.6,61.6,66.0,70.2,66.4,65.8,76.8,68.8,78.5,59.4,90.0,68.2,Intermedio
D21,19.5,1.4,10.0,53.7,65.1,74.2,65.1,61.6,70.4,72.0,55.5,67.9,85.1,61.2,Intermedio
D22,22.8,6.3,19.3,91.6,78.4,68.3,78.0,63.9,85.7,91.9,89.2,81.2,82.8,89.5,Experto
D23,22.5,6.9,17.6,78.7,81.7,76.3,89.2,77.1,85.6,81.4,87.2,63.0,80.4,79.8,Experto
D24,18.4,5.9,5.0,64.4,74.6,67.4,61.8,58.6,72.7,64.4,71.2,71.5,80.5,63.6,Intermedio
D25,21.1,5.0,20.6,86.4,77.1,78.4,78.9,79.8,76.6,83.5,86.6,83.5,72.1,82.4,Experto
D26,20.4,4.5,8.4,58.4,71.4,53.1,75.4,83.4,71.3,75.7,61.6,60.4,87.3,65.5,Intermedio
D27,19.8,3.7,11.5,59.9,62.8,63.7,56.6,65.6,80.6,82.1,61.7,70.6,85.4,60.1,Intermedio
D28,17.5,0.1,4.1,44.8,41.7,40.1,35.0,51.2,60.5,46.6,62.0,33.1,74.7,47.8,Novato
D29,17.4,0.6,7.8,36.1,36.2,49.6,60.6,45.8,58.1,64.8,60.9,47.6,73.6,30.6,Novato
D30,21.3,3.7,14.0,68.9,58.7,55.7,66.9,57.9,70.6,64.9,66.0,64.9,86.7,65.1,Intermedio
D31,19.7,0.1,2.9,41.3,60.3,50.4,36.5,47.3,53.8,49.5,63.5,48.6,76.5,52.1,Novato
D32,17.9,2.5,7.5,56.1,57.9,67.4,71.7,70.3,60.9,69.2,75.2,67.9,88.5,58.3,Intermedio
D33,20.2,3.1,10.8,54.4,56.5,58.9,60.1,75.4,76.2,68.5,73.2,53.2,81.1,64.1,Intermedio
D34,21.4,3.8,11.3,64.1,64.9,54.2,61.1,74.5,73.8,73.5,72.5,71.3,77.3,51.9,Intermedio
D35,19.5,4.0,10.3,69.1,65.5,64.3,73.3,72.1,67.3,62.3,65.6,64.7,80.2,74.6,Intermedio
D36,18.0,3.4,6.8,62.8,65.7,61.2,67.7,61.4,66.7,67.1,76.6,67.1,89.9,71.9,Intermedio
D37,20.7,1.3,5.5,68.9,59.7,65.6,59.6,67.1,74.7,61.5,66.3,52.7,83.2,51.3,Intermedio
D38,21.0,7.3,23.2,80.2,86.5,81.6,81.9,74.5,79.7,91.0,87.2,81.4,83.0,77.9,Experto
D39,25.0,8.9,29.3,88.9,94.2,93.2,90.4,88.2,85.8,96.3,97.1,91.4,94.6,92.7,Alto rendimiento
D40,19.8,3.9,12.6,66.0,61.4,57.0,68.6,56.7,62.3,65.4,72.4,59.6,76.3,58.4,Intermedio
D41,19.8,4.0,10.2,54.4,64.6,66.3,60.8,56.6,62.4,66.3,87.5,58.9,83.3,58.0,Intermedio
D42,18.0,0.5,6.6,45.0,42.0,49.0,50.9,40.3,56.4,48.3,65.5,56.7,80.0,40.3,Novato
D43,19.4,3.2,12.3,57.2,63.3,51.8,65.8,54.7,58.8,73.6,73.5,62.5,80.5,78.9,Intermedio
D44,19.8,3.3,12.0,62.6,69.9,65.9,69.3,66.5,72.5,69.7,73.6,63.8,85.0,53.6,Intermedio
D45,22.4,8.0,19.2,77.4,82.0,75.3,85.0,68.3,85.6,87.2,87.4,75.9,89.8,69.0,Experto
D46,19.3,1.1,7.1,43.6,57.7,37.5,49.9,40.0,51.0,59.9,63.6,68.7,76.2,52.3,Novato
D47,19.7,2.8,5.1,63.1,59.4,69.9,60.3,59.2,70.5,82.0,64.4,74.1,86.4,61.5,Intermedio
D48,23.5,8.4,30.0,90.6,91.3,90.7,85.2,83.7,92.9,100.0,96.0,89.1,88.3,94.3,Alto rendimiento
D49,19.5,4.2,14.9,59.5,71.5,70.1,67.8,63.9,70.4,68.5,84.9,60.3,87.7,73.8,Intermedio
D50,19.6,4.7,10.4,62.4,62.5,52.7,67.8,74.5,63.1,75.9,71.4,57.3,87.0,74.8,Intermedio
D51,17.7,1.2,2.1,41.7,46.9,59.0,57.5,62.8,47.8,52.0,43.0,43.6,70.7,44.9,Novato
D52,20.6,4.8,15.9,70.9,80.9,81.7,78.1,70.9,74.0,87.3,86.4,82.3,84.5,78.7,Experto
D53,21.7,2.9,9.1,67.2,65.1,49.7,52.2,57.7,74.4,74.7,75.6,71.0,77.2,67.2,Intermedio
D54,18.9,4.4,8.5,64.0,49.9,54.6,71.6,68.5,59.5,79.0,64.4,66.2,79.6,56.5,Intermedio
D55,21.4,5.2,10.5,72.7,61.0,64.8,64.9,53.7,71.5,75.0,70.8,52.5,83.8,52.4,Intermedio
D56,19.0,3.6,7.7,63.8,61.4,52.6,65.2,67.7,75.1,67.4,71.6,54.0,91.8,73.5,Intermedio
D57,20.0,3.4,1.2,69.2,66.9,69.7,61.2,59.2,59.4,75.4,80.8,75.0,82.9,60.7,Intermedio
D58,20.1,5.4,18.4,76.3,88.8,86.9,76.4,67.5,78.7,90.4,81.9,82.8,83.2,82.1,Experto
D59,22.2,8.0,21.3,85.9,75.8,79.1,73.0,74.4,82.1,81.6,82.0,86.2,90.5,82.4,Experto
D60,18.5,3.7,8.8,71.2,50.4,60.1,59.9,59.3,74.7,53.5,70.5,72.8,86.9,59.2,Intermedio
D61,20.6,7.0,17.5,78.4,56.2,73.2,74.8,80.5,73.4,77.7,84.1,70.0,89.2,77.7,Experto
D62,22.2,2.9,8.3,67.6,58.4,74.6,67.4,60.6,66.9,90.0,75.4,67.2,81.3,70.3,Intermedio
D63,18.2,3.3,1.5,58.3,68.9,73.7,68.2,68.1,56.0,65.3,82.3,61.8,81.3,57.4,Intermedio
D64,20.3,5.8,15.0,83.7,80.3,86.1,71.7,84.6,82.1,95.0,84.7,68.5,92.4,79.2,Experto
D65,18.7,6.7,17.7,84.5,57.5,86.9,77.2,89.5,71.7,87.3,87.5,76.0,82.1,77.8,Experto
D66,18.2,0.1,7.0,33.3,51.2,30.7,43.6,46.5,51.9,61.7,56.2,45.9,77.0,49.8,Novato
D67,19.9,5.0,11.1,90.2,72.0,68.7,75.1,71.7,90.8,81.2,86.8,66.5,87.0,70.1,Experto
D68,18.2,0.5,5.1,47.1,32.3,35.9,46.5,54.2,63.3,50.2,44.6,51.7,74.0,34.6,Novato
D69,19.9,1.4,3.5,41.9,42.3,46.3,41.8,30.9,44.2,49.7,58.3,40.3,78.9,38.9,Novato
D70,19.1,2.2,11.3,65.0,68.6,67.8,68.4,66.1,55.7,68.0,62.0,77.0,81.9,71.9,Intermedio
D71,17.5,0.9,5.5,39.4,44.5,56.9,36.7,24.3,64.8,47.7,68.1,55.9,76.9,45.0,Novato
D72,20.0,6.6,18.8,73.4,76.7,81.9,87.9,76.0,79.4,83.1,92.0,74.5,84.5,76.2,Experto
D73,19.8,3.7,13.1,47.1,66.9,57.8,68.2,72.9,75.0,71.1,77.8,58.5,81.7,73.6,Intermedio
D74,20.5,6.8,15.9,76.8,81.4,78.4,80.0,72.5,71.0,85.2,87.6,88.7,85.3,71.6,Experto
D75,17.7,1.4,4.8,44.2,40.2,60.0,58.8,39.6,59.3,56.4,58.1,42.3,86.1,51.3,Novato
D76,18.3,4.9,9.9,57.8,56.2,70.6,66.8,56.0,62.3,67.3,68.4,70.2,83.9,58.6,Intermedio
D77,18.0,2.2,12.6,55.0,63.8,51.7,66.8,78.4,58.7,73.8,73.9,73.3,81.3,64.9,Intermedio
D78,18.7,1.4,3.3,43.5,49.5,54.3,49.0,37.8,39.6,57.3,48.9,57.6,76.6,50.1,Novato
D79,20.6,1.0,4.8,50.1,51.5,58.6,46.6,42.3,52.1,49.0,60.2,42.2,82.5,47.6,Novato
D80,21.7,6.5,16.4,85.9,86.1,80.9,74.9,67.8,83.7,80.2,87.9,76.3,89.9,81.2,Experto
D81,21.2,1.3,9.3,77.5,45.5,69.9,66.9,73.3,66.8,78.3,80.5,67.6,76.2,69.4,Intermedio
D82,20.2,6.3,19.8,84.6,76.9,83.8,70.7,72.7,90.8,92.1,89.0,78.0,90.2,79.9,Experto
D83,20.2,3.6,7.7,67.1,55.5,69.4,57.3,57.2,48.1,68.9,73.3,72.6,88.6,52.6,Intermedio
D84,21.2,3.0,9.8,61.3,59.9,57.8,66.0,69.5,59.2,69.9,67.6,74.8,84.5,73.6,Intermedio
D85,20.2,11.1,24.7,88.1,93.0,98.3,98.4,89.1,88.0,95.2,95.4,96.2,87.2,93.1,Alto rendimiento
D86,20.7,7.5,16.4,79.1,76.2,80.3,73.5,77.1,78.4,88.2,96.1,84.9,80.4,77.8,Experto
D87,18.1,3.5,4.7,53.6,70.7,70.0,53.4,59.4,71.2,72.7,60.6,68.1,79.0,71.4,Intermedio
D88,18.3,1.3,4.8,47.3,36.9,50.3,54.7,64.5,64.7,49.7,63.2,57.3,81.0,48.0,Novato
D89,20.5,3.0,10.6,67.9,66.2,56.3,57.9,59.7,66.6,71.1,65.2,72.4,72.7,66.7,Intermedio
D90,20.6,4.1,1.0,52.6,60.5,65.2,63.4,56.5,77.0,72.3,69.2,58.1,82.3,71.8,Intermedio
D91,21.5,6.5,17.2,78.7,77.6,74.2,89.2,80.5,94.7,87.0,83.6,72.4,84.4,73.1,Experto
D92,25.0,9.0,27.1,94.8,95.3,100.0,91.6,84.1,92.7,97.0,94.7,88.7,84.4,89.9,Alto rendimiento
D93,20.3,2.5,4.6,62.8,71.1,68.6,63.9,66.2,56.5,65.2,83.7,75.5,78.4,75.3,Intermedio
D94,20.6,5.3,21.6,85.8,75.5,79.7,77.9,79.5,91.4,87.2,84.3,69.6,89.9,72.7,Experto
D95,19.8,4.5,12.4,67.9,67.9,65.0,66.1,63.7,71.4,73.7,72.9,70.1,78.6,60.9,Intermedio
D96,21.8,9.4,18.6,77.2,77.7,84.5,79.4,80.5,85.1,76.5,87.8,82.3,90.0,75.0,Experto
D97,19.6,0.9,9.0,56.0,38.1,34.0,50.6,40.6,61.2,58.2,44.9,57.0,78.7,45.3,Novato
D98,21.8,3.4,12.3,57.8,59.0,62.5,59.7,67.5,58.7,75.8,66.7,69.0,76.1,66.3,Intermedio
D99,19.6,1.0,8.1,40.9,46.3,37.6,48.5,42.9,46.2,66.6,46.6,49.0,81.6,43.9,Novato
D100,17.8,4.1,5.9,58.9,61.3,43.6,63.3,68.3,66.8,71.3,87.8,75.0,82.3,81.1,Intermedio
D101,19.2,4.0,5.3,64.8,62.2,64.4,66.6,65.2,60.5,67.3,72.0,54.6,86.0,76.2,Intermedio
D102,21.9,5.7,10.1,68.9,81.0,87.6,78.7,65.6,76.8,80.6,73.4,76.8,90.5,69.9,Experto
D103,17.9,0.0,3.4,40.8,51.2,48.6,35.5,48.8,49.3,53.9,56.2,52.8,78.9,48.9,Novato
D104,18.6,2.2,6.0,53.8,48.8,39.6,54.9,58.7,29.0,49.6,71.0,59.5,70.7,48.9,Novato
D105,22.1,4.1,5.6,56.5,65.8,62.5,72.9,68.8,81.7,77.1,75.9,63.5,89.0,63.0,Intermedio
D106,20.2,6.6,16.7,72.0,84.0,79.2,82.4,70.5,81.0,88.6,83.5,76.4,96.9,81.9,Experto
D107,22.5,7.6,17.3,81.2,73.2,88.7,87.5,77.3,82.0,76.6,91.2,77.2,89.0,71.4,Experto
D108,20.8,3.3,10.0,52.1,67.8,59.7,63.7,69.4,67.4,83.9,65.7,67.9,84.1,55.9,Intermedio
D109,21.6,6.2,17.7,80.7,87.4,81.7,83.3,86.5,72.5,82.4,85.2,68.1,86.4,65.9,Experto
D110,20.8,2.0,6.2,65.7,51.3,78.4,64.8,62.2,76.4,69.4,73.7,64.8,79.5,65.6,Intermedio
D111,20.6,2.2,7.4,57.4,62.8,66.4,79.1,65.2,66.8,65.0,78.9,65.9,83.7,63.0,Intermedio
D112,20.7,4.0,11.1,62.0,63.7,66.7,50.5,62.7,74.9,66.6,57.4,54.9,82.4,58.0,Intermedio
D113,18.6,1.0,4.1,34.7,44.6,45.6,44.0,55.9,53.6,49.2,54.8,49.4,78.6,52.7,Novato
D114,23.7,5.8,13.9,74.7,81.5,85.0,77.6,69.6,84.3,87.7,91.2,74.5,87.6,70.2,Experto
D115,19.9,4.2,14.5,64.1,61.3,54.2,65.6,68.1,75.1,71.7,65.3,70.4,90.4,61.2,Intermedio
D116,19.0,3.2,10.0,58.3,67.9,67.0,61.7,62.8,57.2,72.2,62.2,63.8,79.7,66.3,Intermedio
D117,19.5,3.5,14.5,51.0,63.8,70.0,59.6,63.2,58.5,58.7,77.1,63.4,75.4,59.7,Intermedio
D118,20.7,4.1,13.1,58.5,58.6,66.3,71.0,60.0,74.7,67.7,86.3,52.2,89.7,52.5,Intermedio
D119,19.7,1.1,4.1,34.7,35.6,50.5,48.7,46.3,51.8,47.0,56.8,58.0,73.5,46.2,Novato
D120,21.8,5.9,28.2,85.5,89.1,96.3,88.9,89.7,90.2,93.6,100.0,95.7,88.4,90.4,Alto rendimiento
D121,22.5,12.0,30.0,88.5,96.8,85.7,94.4,86.9,96.2,90.7,94.6,80.7,84.8,92.9,Alto rendimiento
D122,18.7,3.0,4.0,42.2,33.8,29.9,52.2,56.1,41.0,40.5,52.3,65.0,70.6,47.5,Novato
D123,18.6,0.8,3.8,44.0,40.5,41.8,43.3,58.0,53.7,54.6,70.4,47.6,85.2,36.6,Novato
D124,20.6,3.2,9.8,57.5,60.9,59.1,66.8,56.4,71.8,86.4,61.1,47.0,77.1,68.2,Intermedio
D125,21.4,10.2,27.8,90.0,94.5,82.9,95.3,89.0,91.6,98.0,99.8,99.7,97.7,93.2,Alto rendimiento
D126,22.3,8.8,13.3,93.8,100.0,94.3,86.3,80.0,88.2,100.0,96.0,93.2,89.8,88.6,Alto rendimiento
D127,17.6,1.5,5.2,27.1,49.3,56.3,45.1,45.2,62.9,52.4,52.5,36.2,75.5,56.9,Novato
D128,21.4,3.6,10.0,68.9,63.7,55.2,65.0,64.4,68.1,71.8,67.1,67.2,74.0,56.6,Intermedio
D129,21.2,7.4,16.1,80.6,85.1,94.5,78.2,71.5,82.2,85.2,88.3,84.7,84.6,84.4,Experto
D130,20.1,4.7,9.2,63.0,64.9,71.9,64.0,54.7,56.1,77.2,76.5,79.3,82.5,63.6,Intermedio
D131,21.7,5.7,14.9,80.6,86.1,83.6,77.1,79.0,83.1,80.6,77.7,73.2,92.0,81.5,Experto
D132,17.9,1.1,6.2,37.7,36.9,30.8,53.7,53.3,57.4,58.5,39.8,51.0,80.2,42.6,Novato
D133,17.2,3.4,9.2,69.3,62.3,60.4,60.4,68.8,72.7,68.5,69.2,47.6,71.8,57.2,Intermedio
D134,21.3,5.3,12.5,77.8,78.9,87.9,77.8,74.4,77.7,99.6,88.9,73.2,76.2,72.3,Experto
D135,21.1,6.3,23.5,86.9,84.6,94.6,85.8,72.2,95.7,100.0,94.2,93.4,91.4,100.0,Alto rendimiento
D136,17.5,0.7,4.1,42.4,41.3,44.3,46.1,65.8,54.2,60.6,64.0,53.2,76.7,48.4,Novato
D137,17.9,5.0,12.0,62.7,62.9,65.5,69.7,66.7,77.6,82.0,79.7,54.1,79.4,69.8,Intermedio
D138,20.6,0.6,6.2,51.8,43.8,35.3,60.6,40.2,46.1,56.1,58.5,41.7,86.4,46.2,Novato
D139,21.1,3.5,10.0,71.3,59.4,61.5,67.3,70.2,74.4,63.4,64.4,59.2,86.4,69.2,Intermedio
D140,20.4,3.8,5.0,64.2,52.0,69.8,61.8,64.9,66.5,69.4,64.2,64.6,81.7,64.4,Intermedio
D141,19.0,1.3,5.5,36.8,32.6,37.0,38.5,55.6,60.6,47.6,47.6,35.4,74.9,45.3,Novato
D142,17.4,1.8,5.7,50.5,36.6,50.7,36.1,54.2,63.5,65.4,53.2,42.1,77.2,54.6,Novato
D143,20.5,6.0,15.8,91.4,84.2,96.8,98.6,84.3,100.0,94.9,92.0,87.4,95.2,96.2,Alto rendimiento
D144,17.6,1.6,5.6,57.9,53.9,58.6,58.2,54.0,82.8,79.9,84.5,79.4,81.6,63.8,Intermedio
D145,18.9,3.6,7.0,50.8,57.6,70.1,64.7,67.8,68.1,63.6,75.6,66.8,88.6,72.5,Intermedio
D146,21.1,6.7,14.3,72.8,75.5,83.0,76.9,86.8,84.8,82.4,91.1,73.9,82.8,88.1,Experto
D147,19.8,6.3,15.9,73.6,84.9,85.2,84.1,76.2,85.8,72.0,82.6,79.3,83.1,81.1,Experto
D148,20.9,1.1,5.8,43.6,33.4,33.1,32.0,50.5,35.7,59.1,56.2,54.1,71.4,54.4,Novato
D149,21.4,3.7,20.7,70.4,71.7,72.8,78.1,80.1,85.3,99.1,81.0,75.8,79.2,73.4,Experto
D150,23.0,5.7,18.4,78.2,72.7,75.1,68.7,74.6,82.5,82.2,91.0,69.7,86.2,74.0,Experto
D151,18.9,0.4,6.6,47.1,45.7,47.1,47.3,51.0,56.3,51.2,47.9,49.6,80.6,46.1,Novato
D152,23.7,5.8,12.8,74.7,76.5,75.2,73.8,75.0,81.6,77.8,78.1,81.6,88.4,75.1,Experto
D153,18.3,1.3,5.3,54.5,32.3,32.5,50.8,51.2,47.6,62.7,52.2,54.6,77.1,35.8,Novato
D154,19.5,4.7,8.8,72.6,64.1,62.2,57.0,68.4,69.4,69.5,72.7,65.0,76.0,67.6,Intermedio
D155,23.9,9.0,17.3,76.5,79.5,76.3,81.7,78.6,74.8,82.0,90.2,85.3,79.7,86.6,Experto
D156,18.2,1.0,4.7,25.1,46.4,32.1,51.6,36.3,60.5,55.8,63.5,43.5,70.0,34.2,Novato
D157,21.9,7.2,14.4,86.0,78.9,70.2,81.6,70.6,86.9,85.3,85.9,77.0,91.6,74.5,Experto
D158,21.9,6.6,13.9,77.5,73.3,92.2,86.1,64.6,79.3,87.7,92.0,85.1,95.5,80.8,Experto
D159,23.2,4.8,19.6,76.7,78.1,88.3,85.8,74.8,97.3,91.6,82.3,62.0,87.4,77.7,Experto
D160,19.2,3.0,10.5,71.2,56.1,63.5,62.6,56.4,70.0,82.4,76.3,66.6,79.8,63.3,Intermedio
D161,17.9,3.4,9.4,65.3,69.6,69.2,63.1,58.9,63.6,64.5,67.7,65.0,75.9,66.1,Intermedio
D162,21.4,5.2,15.1,83.0,84.4,94.3,83.4,71.3,77.7,86.3,89.8,88.9,81.6,80.6,Experto
D163,18.6,3.9,7.0,72.2,57.6,68.3,65.1,63.4,55.4,69.4,65.1,61.3,84.4,82.0,Intermedio
D164,20.4,1.4,5.8,39.2,35.0,48.5,41.4,63.8,69.2,71.1,52.3,45.4,71.9,47.2,Novato
D165,19.0,2.9,7.3,58.1,74.6,46.7,67.7,56.5,84.4,75.8,64.9,61.1,79.2,71.1,Intermedio
D166,23.7,6.7,16.6,84.3,79.2,82.8,81.3,70.5,90.2,80.4,96.6,87.3,87.0,72.5,Experto
D167,22.0,3.8,12.7,72.3,55.2,66.5,61.4,65.6,71.2,58.4,70.4,66.7,75.7,57.9,Intermedio
D168,22.7,10.4,23.4,88.2,87.0,90.6,88.8,88.0,93.0,91.4,94.9,100.0,91.8,94.0,Alto rendimiento
D169,22.4,8.4,12.4,75.4,75.3,76.1,92.7,79.6,88.7,85.8,100.0,64.9,83.6,77.4,Experto
D170,19.6,4.4,10.3,66.6,70.3,65.6,69.1,59.5,63.5,63.8,72.6,58.4,76.7,67.6,Intermedio
D171,20.3,7.4,16.0,74.5,84.5,86.0,81.3,85.9,71.9,90.5,80.2,77.4,87.8,75.8,Experto
D172,18.5,0.7,4.5,58.8,28.1,43.3,48.1,37.8,50.7,56.4,61.2,57.4,83.5,39.4,Novato
D173,21.6,4.4,16.8,69.3,79.1,84.9,82.5,76.6,86.8,90.4,80.0,87.3,82.2,77.3,Experto
D174,22.4,6.8,16.9,79.0,86.9,80.4,84.5,81.0,94.5,92.3,89.2,84.0,86.8,79.0,Experto
D175,22.5,9.0,22.2,89.3,90.7,90.7,91.2,84.2,95.6,97.2,98.1,96.2,84.4,93.1,Alto rendimiento
D176,18.8,1.3,6.0,53.4,38.6,46.8,35.3,51.8,39.3,56.9,69.2,55.6,72.7,35.8,Novato
D177,19.1,0.9,1.0,53.3,44.5,33.6,46.9,67.9,50.8,52.7,52.2,55.8,79.3,48.5,Novato
D178,17.8,1.5,2.6,46.0,36.7,45.3,32.5,48.9,51.8,41.8,73.6,55.6,72.6,33.9,Novato
D179,19.7,2.9,9.7,46.8,74.8,59.0,72.5,61.7,85.1,76.0,79.4,75.6,82.4,64.1,Intermedio
D180,19.8,3.9,10.2,64.5,57.4,61.1,67.9,63.2,71.4,74.7,78.2,70.0,80.8,56.9,Intermedio
D181,21.4,2.8,10.0,73.3,57.4,62.1,64.8,48.7,60.5,78.8,75.2,72.6,83.3,49.3,Intermedio
D182,17.5,0.0,6.3,63.7,30.5,53.6,53.7,49.7,41.0,47.1,39.8,48.9,79.1,48.6,Novato
D183,18.3,0.4,3.6,40.9,45.4,56.1,61.4,47.9,43.4,63.8,81.0,43.2,75.5,41.0,Novato
D184,21.5,5.5,12.8,81.7,78.2,86.8,83.3,83.1,82.4,88.2,80.6,82.5,91.1,88.0,Experto
D185,19.6,4.1,13.9,51.1,60.5,68.1,62.0,57.8,71.1,66.7,72.6,53.7,79.7,65.0,Intermedio
D186,21.4,6.4,18.0,84.6,77.6,79.9,80.5,72.7,77.4,89.1,78.1,83.2,85.0,78.0,Experto
D187,18.8,1.3,2.9,41.8,39.5,39.2,28.4,55.7,59.2,44.7,57.1,39.1,76.3,37.0,Novato
D188,21.6,2.1,4.7,59.6,61.0,77.8,58.7,74.8,71.6,81.6,74.0,53.1,77.4,66.8,Intermedio
D189,21.2,12.0,16.7,88.5,92.9,92.1,90.1,92.3,92.3,98.3,92.3,95.2,89.2,86.5,Alto rendimiento
D190,18.5,4.6,10.0,70.0,68.1,56.2,55.7,62.2,69.2,65.1,75.6,64.3,78.2,64.8,Intermedio
D191,17.9,0.0,8.1,26.3,29.7,51.6,47.1,42.9,67.5,50.8,57.0,50.1,81.1,47.5,Novato
D192,23.3,5.8,16.9,76.2,71.0,78.0,82.0,76.8,90.6,85.2,79.1,75.4,81.9,76.4,Experto
D193,19.9,4.3,12.6,55.6,65.9,63.5,61.5,57.7,62.9,66.3,79.3,73.5,86.1,47.1,Intermedio
D194,23.1,7.0,19.6,77.0,80.1,88.0,86.1,69.5,77.2,86.7,86.2,72.8,85.7,75.9,Experto
D195,19.1,2.6,3.2,45.5,46.4,43.4,42.0,44.9,40.3,38.2,50.2,44.6,81.7,33.2,Novato
D196,19.4,4.6,12.4,65.3,70.7,82.6,63.3,67.9,67.1,68.7,65.7,79.5,83.0,73.7,Intermedio
D197,18.9,0.4,5.0,47.2,44.7,30.5,45.1,44.5,48.7,43.0,75.0,58.9,73.9,40.2,Novato
D198,23.2,4.1,21.7,80.2,81.9,79.0,82.6,89.7,82.7,79.9,81.9,86.3,87.4,81.4,Experto
D199,19.3,4.9,10.4,56.4,50.8,55.4,66.9,56.0,53.8,64.1,71.0,70.7,70.0,62.6,Intermedio
D200,19.4,0.4,3.8,43.6,35.1,37.7,44.1,49.6,56.6,54.1,58.0,52.2,73.6,25.2,Novato
D201,18.9,3.0,7.5,54.0,70.4,58.2,61.4,67.6,71.1,64.9,65.8,65.5,78.5,62.1,Intermedio
D202,17.6,1.3,2.2,40.3,45.3,47.3,64.3,45.9,53.2,53.3,75.1,59.1,87.7,37.4,Novato
D203,21.7,6.6,13.5,80.1,73.1,86.3,78.7,65.4,78.6,84.3,95.5,85.1,86.5,85.3,Experto
D204,22.8,7.2,25.7,94.4,100.0,93.2,90.1,89.7,94.8,100.0,97.0,81.5,87.7,98.2,Alto rendimiento
D205,23.7,5.3,16.4,81.9,76.5,78.5,85.5,83.1,88.9,87.0,78.9,78.0,81.1,77.0,Experto
D206,20.7,3.7,16.6,63.8,65.9,63.8,69.4,76.3,69.2,80.7,71.3,74.6,81.6,62.3,Intermedio
D207,17.0,0.0,4.8,48.0,42.7,38.2,37.3,54.8,43.8,60.7,64.3,63.5,90.3,40.0,Novato
D208,21.4,8.7,16.9,68.6,74.4,82.3,72.7,90.1,89.8,78.4,79.9,80.0,83.9,79.4,Experto
D209,22.4,6.2,21.3,83.2,85.1,73.1,71.4,75.9,92.7,91.3,89.5,87.7,80.5,71.4,Experto
D210,19.8,0.6,3.4,46.9,41.0,44.0,47.7,49.6,39.0,50.2,64.5,43.8,76.4,39.7,Novato
D211,18.2,6.7,15.2,81.5,80.6,75.2,82.8,72.6,77.9,75.2,87.6,77.9,83.4,70.6,Experto
D212,21.3,3.2,11.0,64.1,53.4,68.8,62.2,61.4,54.4,78.6,72.7,64.3,78.5,62.6,Intermedio
D213,20.8,3.4,11.4,54.3,50.2,58.5,61.5,54.7,67.5,68.1,58.8,71.9,80.9,54.9,Intermedio
D214,19.5,9.9,15.5,65.2,70.3,80.5,75.6,74.3,81.7,83.8,84.8,77.8,94.1,77.8,Experto
D215,21.3,3.7,12.9,65.9,71.0,81.8,63.4,66.6,81.3,71.7,53.5,62.4,80.2,63.9,Intermedio
D216,19.2,5.8,16.6,50.6,56.5,71.4,58.3,59.7,62.5,79.9,71.5,76.0,79.1,68.6,Intermedio
D217,18.2,1.1,4.1,39.9,42.3,47.0,51.3,39.4,41.4,64.1,76.4,58.7,84.5,39.0,Novato
D218,20.7,3.9,10.5,56.1,51.7,72.7,69.5,57.7,70.5,66.8,78.5,70.2,89.8,63.9,Intermedio
D219,21.4,6.6,25.4,82.1,79.7,85.4,78.6,78.5,88.1,68.5,77.1,70.3,84.3,77.9,Experto
D220,19.0,1.5,7.9,39.5,39.9,41.2,37.9,49.8,42.2,63.2,60.4,57.4,86.1,23.9,Novato
D221,19.8,2.9,11.4,67.9,66.0,65.0,62.8,70.4,68.2,81.9,68.4,80.6,76.1,64.9,Intermedio
D222,22.6,7.6,18.6,94.7,91.0,95.8,99.1,88.4,95.9,92.5,99.7,97.7,90.9,92.1,Alto rendimiento
D223,18.6,1.1,5.9,42.0,40.7,43.7,45.0,59.1,44.6,38.5,44.4,52.1,79.4,51.4,Novato
D224,25.0,8.7,28.3,88.7,95.4,93.2,87.2,86.6,94.1,95.6,92.9,97.4,93.7,95.8,Alto rendimiento
D225,21.5,8.2,27.3,97.8,95.2,91.3,92.7,91.2,86.8,88.4,98.2,90.7,83.3,92.3,Alto rendimiento
D226,18.2,1.4,4.8,45.5,55.7,46.6,44.2,43.5,48.3,53.2,67.3,57.2,70.6,57.0,Novato
D227,19.3,3.0,9.5,76.4,67.5,65.6,59.9,64.5,84.0,76.1,68.9,63.3,85.0,69.8,Intermedio
D228,18.6,3.9,12.2,70.8,54.6,80.1,61.2,59.5,64.5,74.1,65.5,79.9,79.7,63.9,Intermedio
D229,18.7,3.0,4.0,61.8,62.3,51.7,62.7,67.0,77.5,63.6,59.3,65.0,91.0,60.8,Intermedio
D230,18.0,1.8,4.2,39.1,37.6,45.9,44.9,49.5,52.8,41.5,63.8,37.5,76.5,52.0,Novato
D231,19.1,2.1,4.0,37.6,52.4,46.2,61.6,39.7,57.9,59.1,68.7,55.6,81.6,43.4,Novato
D232,19.5,0.7,6.9,57.1,37.5,50.7,48.5,39.6,52.9,61.3,65.0,42.3,79.4,45.8,Novato
D233,19.4,1.0,3.9,51.0,34.4,39.9,51.2,51.0,53.2,47.6,66.3,55.2,87.8,47.6,Novato
D234,19.7,6.7,16.7,77.1,77.8,81.0,75.6,64.9,84.5,90.6,87.8,81.1,82.2,85.2,Experto
D235,18.9,9.6,15.3,82.3,76.3,80.6,77.9,62.0,85.8,77.6,78.1,75.6,84.6,82.1,Experto
D236,18.0,2.9,1.9,39.4,46.9,53.7,50.0,55.6,46.5,58.8,69.7,54.4,90.0,41.5,Novato
D237,19.6,1.8,8.7,65.6,69.3,73.8,65.5,58.4,58.8,68.7,64.8,64.4,75.1,60.5,Intermedio
D238,21.6,11.0,19.3,84.3,94.1,98.0,95.1,84.3,88.6,93.2,92.4,84.0,88.1,98.2,Alto rendimiento
D239,21.0,3.9,9.8,55.1,70.6,53.9,49.0,62.5,65.0,67.5,77.1,70.3,85.3,70.6,Intermedio
D240,18.5,5.2,7.4,64.2,76.1,75.4,73.9,62.8,57.8,62.5,69.8,60.5,78.4,61.3,Intermedio
D241,17.9,0.6,5.2,34.1,48.7,52.6,41.3,48.1,64.1,60.4,72.6,56.9,83.2,37.5,Novato
D242,20.0,2.7,10.3,65.8,64.6,53.5,58.5,53.6,70.2,67.3,73.9,49.4,82.5,55.9,Intermedio
D243,23.6,10.5,26.2,94.8,94.2,89.9,86.2,88.6,93.3,84.9,87.1,83.5,87.6,87.4,Alto rendimiento
D244,20.8,3.0,14.6,65.0,62.1,67.0,57.5,74.6,75.4,71.7,85.5,54.3,86.0,71.4,Intermedio
D245,19.0,0.9,1.0,50.7,39.6,44.4,52.9,56.9,42.8,46.1,51.6,56.2,83.4,46.0,Novato
D246,19.5,3.4,14.2,54.1,68.5,63.3,67.4,63.2,75.2,73.7,72.5,84.1,88.3,64.9,Intermedio
D247,23.7,9.2,21.2,84.1,99.3,90.2,94.4,91.3,90.2,92.9,96.1,92.6,88.2,88.8,Alto rendimiento
D248,21.5,4.3,10.5,67.6,40.3,64.4,61.0,47.3,71.8,63.1,81.9,64.9,85.3,58.9,Intermedio
D249,22.6,8.6,12.3,81.7,69.1,79.3,81.6,68.4,80.0,93.0,90.4,86.2,94.2,78.1,Experto
D250,22.8,5.6,20.7,71.2,74.0,90.5,83.7,78.3,80.9,81.7,84.6,78.4,89.4,90.2,Experto
D251,17.7,1.1,6.6,39.8,49.6,34.0,63.4,51.1,51.6,48.3,55.6,56.7,90.0,31.6,Novato
D252,19.9,2.4,6.4,62.6,59.5,66.3,68.9,53.0,64.3,68.1,56.8,63.9,75.6,61.4,Intermedio
D253,21.4,3.7,13.7,80.4,84.3,91.4,82.1,71.4,76.5,76.4,91.2,69.5,82.1,79.2,Experto
D254,21.5,4.1,9.6,66.4,76.5,61.6,72.0,67.9,76.7,71.0,67.2,57.6,81.0,55.9,Intermedio
D255,17.1,2.6,3.1,38.1,44.0,59.4,50.3,60.5,53.4,54.3,59.9,61.1,73.5,37.3,Novato
D256,23.9,11.8,18.2,89.1,93.0,94.4,96.8,92.2,90.3,98.4,90.5,95.3,87.1,94.8,Alto rendimiento
D257,22.5,7.8,18.1,80.0,71.5,82.7,76.1,72.6,84.5,93.5,90.9,78.5,85.1,75.7,Experto
D258,21.6,3.0,16.6,74.1,78.0,70.9,77.5,86.5,83.1,77.3,82.3,79.9,74.6,94.2,Experto
D259,18.8,1.2,6.6,46.5,54.5,58.6,38.5,30.5,38.4,71.6,48.3,63.5,72.7,52.4,Novato
D260,19.8,1.2,3.7,51.2,38.6,57.5,40.3,60.5,46.5,48.1,64.3,50.2,81.2,64.3,Novato
D261,18.9,3.2,10.4,54.6,51.4,57.6,69.2,57.3,63.1,73.4,64.9,73.3,91.7,65.0,Intermedio
D262,18.9,0.5,5.6,45.9,32.9,37.3,38.5,49.9,47.8,55.5,53.6,59.9,77.1,33.9,Novato
D263,24.9,12.0,27.1,92.9,90.9,93.8,87.7,79.2,94.3,89.3,100.0,86.1,90.7,88.0,Alto rendimiento
D264,18.5,1.3,4.1,37.0,40.8,55.4,53.1,58.0,60.3,66.2,65.3,29.5,81.2,45.6,Novato
D265,19.7,2.0,8.0,59.7,69.1,69.0,55.9,67.9,54.6,67.0,71.9,72.0,80.7,66.9,Intermedio
D266,18.8,1.3,6.3,39.7,50.0,57.4,43.7,27.6,57.3,54.2,62.3,42.8,75.7,42.5,Novato
D267,18.3,1.0,4.0,41.0,48.5,49.3,34.9,49.9,46.2,57.0,68.7,57.4,74.7,42.7,Novato
D268,18.9,1.3,3.3,46.2,45.6,37.4,47.9,44.0,44.8,50.8,49.4,43.5,85.4,31.6,Novato
D269,20.9,4.0,14.6,76.0,62.0,66.2,64.5,54.2,64.9,89.4,75.0,53.6,85.2,70.4,Intermedio
D270,20.9,2.0,10.8,50.6,61.3,44.5,51.1,65.7,75.7,69.2,76.8,81.1,76.9,67.4,Intermedio
D271,19.8,1.1,5.8,46.0,39.5,55.1,34.8,44.4,53.1,61.5,48.0,58.4,77.4,50.1,Novato
D272,22.6,4.4,11.0,64.5,67.5,68.3,58.1,65.0,71.9,63.4,71.2,54.9,70.0,61.6,Intermedio
D273,18.2,2.1,2.1,46.8,44.5,53.6,41.6,53.4,44.1,57.6,59.3,45.6,83.7,43.1,Novato
D274,20.8,5.1,14.0,69.5,61.6,66.4,67.9,69.8,72.1,66.1,70.3,64.4,80.1,68.4,Intermedio
D275,17.9,2.9,9.1,70.8,56.1,67.6,64.8,57.7,82.5,75.0,68.5,75.4,82.2,54.7,Intermedio
D276,17.0,1.5,5.8,35.0,31.1,39.0,40.9,52.1,54.2,50.7,42.3,38.9,86.0,38.4,Novato
D277,21.5,4.4,5.0,67.4,55.7,57.5,69.6,58.7,57.2,61.9,69.2,71.3,74.5,63.2,Intermedio
D278,20.1,0.1,3.9,38.1,35.3,51.5,44.1,47.2,63.8,56.2,57.3,49.4,74.1,51.7,Novato
D279,19.5,3.5,3.8,66.5,72.9,72.7,56.7,67.8,68.4,65.7,75.7,71.3,84.2,66.5,Intermedio
D280,18.4,2.2,3.3,45.2,32.3,44.2,47.0,49.6,57.5,47.6,50.7,38.6,73.8,36.5,Novato
D281,20.4,4.4,18.0,76.3,79.9,77.6,92.9,62.2,78.4,74.9,89.2,74.6,87.3,72.5,Experto
D282,18.5,0.9,3.9,66.3,45.3,30.0,62.4,46.4,42.9,48.3,66.5,59.7,80.4,36.1,Novato
D283,19.2,1.2,5.4,42.7,41.0,46.2,40.8,53.9,53.9,69.5,47.3,61.2,73.5,37.4,Novato
D284,21.4,8.8,14.4,84.3,85.0,87.3,76.3,81.8,82.2,86.9,82.5,65.4,87.0,84.8,Experto
D285,19.4,1.3,4.3,36.0,49.6,52.3,44.7,50.3,53.5,50.1,66.0,63.2,70.0,46.2,Novato
D286,22.0,6.3,14.1,88.5,77.9,90.5,85.3,76.4,81.0,85.1,88.2,80.3,84.0,86.6,Experto
D287,25.0,9.0,24.6,94.0,89.6,83.6,92.6,90.4,86.8,85.4,96.4,85.0,81.0,88.3,Alto rendimiento
D288,21.9,8.5,12.9,79.3,80.8,81.3,83.8,75.8,73.4,85.4,91.3,77.2,81.9,84.8,Experto
D289,20.8,6.1,19.5,81.4,93.2,77.6,86.8,69.9,94.7,92.7,89.6,69.6,88.7,75.9,Experto
D290,23.6,9.3,23.3,98.8,87.7,90.0,95.0,82.1,89.9,97.8,97.7,99.8,91.2,97.4,Alto rendimiento
D291,20.1,3.3,10.6,58.3,71.2,58.5,69.6,79.7,67.5,79.1,74.7,66.8,86.3,67.8,Intermedio
D292,22.2,6.6,15.0,88.1,80.8,85.2,92.9,83.1,75.9,77.5,97.2,67.5,82.5,84.2,Experto
D293,20.4,2.0,10.4,76.2,56.9,53.2,59.5,64.0,65.2,77.2,80.2,77.0,86.8,61.4,Intermedio
D294,21.7,9.1,28.2,87.5,92.3,96.2,96.6,88.2,87.7,93.1,93.7,80.6,83.6,98.7,Alto rendimiento
D295,18.1,0.0,6.0,51.5,28.9,43.6,38.0,40.7,44.2,55.9,57.2,62.5,72.8,54.1,Novato
D296,22.5,9.2,20.7,92.7,96.5,88.5,96.5,81.6,90.2,95.1,93.8,89.5,87.9,100.0,Alto rendimiento
D297,21.7,4.9,13.3,76.2,90.4,95.4,85.7,67.4,76.4,76.9,79.5,62.2,88.8,76.3,Experto
D298,23.9,7.1,19.2,67.2,76.0,72.7,70.1,80.1,82.4,74.7,92.9,83.3,82.8,83.3,Experto
D299,18.7,0.6,3.5,47.7,45.6,33.0,51.1,36.7,47.7,60.7,56.6,58.1,87.6,36.2,Novato
D300,20.7,4.4,13.8,62.9,56.7,53.3,69.2,71.2,74.9,74.6,64.7,73.6,72.4,68.4,Intermedio
D301,17.4,0.2,2.2,27.1,50.3,34.2,47.6,61.6,42.9,59.1,47.8,45.0,73.2,36.1,Novato
D302,22.3,6.7,12.8,70.2,87.1,70.4,88.9,70.5,82.3,85.3,82.1,83.0,84.8,74.7,Experto
D303,17.7,0.8,8.2,42.1,38.1,35.2,44.7,43.1,34.4,58.1,65.0,54.8,87.2,45.3,Novato
D304,18.2,1.4,6.7,41.3,45.2,44.1,56.1,59.6,50.2,47.8,57.2,35.2,81.9,49.2,Novato
D305,17.5,1.6,4.6,57.2,61.9,43.3,32.9,59.6,66.3,60.3,58.4,60.2,72.3,50.8,Novato
D306,20.6,6.2,20.9,85.6,78.1,76.2,80.8,69.8,89.3,80.0,78.9,85.1,87.8,76.4,Experto
D307,19.4,3.3,7.3,63.2,61.6,52.5,61.1,74.4,61.5,65.9,69.2,65.1,75.1,57.5,Intermedio
D308,19.8,4.1,11.5,63.7,64.7,57.2,50.6,51.7,70.5,73.3,65.1,79.4,90.2,57.0,Intermedio
D309,20.1,4.6,14.5,63.6,59.6,68.1,67.6,76.8,73.4,73.5,71.7,70.3,71.2,64.9,Intermedio
D310,19.1,0.0,2.9,26.9,47.3,51.6,33.6,45.3,44.0,58.4,49.3,42.0,80.1,60.6,Novato
D311,19.0,2.8,9.1,66.1,64.3,59.5,60.8,58.6,60.3,77.0,69.4,70.1,78.9,63.7,Intermedio
D312,22.9,8.7,19.9,72.6,70.2,79.8,83.0,88.0,81.5,88.8,86.7,70.5,89.2,79.2,Experto
D313,19.4,0.0,6.6,41.0,38.9,57.6,51.6,55.2,50.9,44.7,46.4,47.1,71.0,38.2,Novato
D314,19.9,3.2,10.6,45.9,68.5,63.2,68.0,60.0,67.0,62.2,73.7,60.3,83.3,69.0,Intermedio
D315,20.2,5.5,11.3,61.6,64.4,65.2,68.5,58.3,70.4,63.5,73.0,71.3,86.4,60.4,Intermedio
D316,24.3,8.6,19.2,91.5,93.9,89.2,86.5,85.0,91.6,90.9,99.3,94.1,93.0,87.8,Alto rendimiento
D317,19.7,3.0,8.9,69.2,59.0,59.5,71.2,77.4,77.1,63.7,57.7,59.8,81.4,65.3,Intermedio
D318,21.7,11.3,26.3,91.0,85.3,96.6,91.8,76.1,96.9,100.0,93.1,84.9,93.6,98.7,Alto rendimiento
D319,20.9,1.4,8.1,55.7,67.0,74.3,64.1,61.8,57.6,60.7,72.0,77.5,79.5,58.9,Intermedio
D320,18.7,2.2,12.9,60.2,68.7,51.1,61.5,75.0,59.9,62.8,71.1,65.9,83.4,62.2,Intermedio
D321,18.6,1.0,3.2,38.4,32.3,46.5,37.9,52.9,56.2,37.2,65.5,56.1,78.5,24.5,Novato
D322,17.7,4.3,8.5,64.0,43.2,67.3,58.8,56.9,74.8,67.5,74.5,59.2,91.7,57.3,Intermedio
D323,23.7,7.9,24.6,90.2,90.0,90.8,88.4,86.9,92.9,93.7,99.3,94.1,84.5,93.5,Alto rendimiento
D324,19.6,0.9,5.0,38.8,39.2,51.9,46.8,53.7,53.3,50.3,48.5,46.9,80.8,45.5,Novato
D325,17.0,2.3,3.7,41.3,44.7,58.3,38.3,40.7,44.1,55.8,63.0,51.6,87.2,39.3,Novato
D326,20.3,1.7,2.9,65.6,66.7,55.9,63.5,67.8,65.8,64.3,71.5,82.0,86.0,59.9,Intermedio
D327,21.1,3.8,10.2,64.4,65.4,54.8,65.8,60.2,67.7,63.5,74.7,67.6,81.9,64.9,Intermedio
D328,22.0,7.9,12.7,88.1,79.4,77.7,85.4,75.6,92.0,85.2,90.9,79.3,84.3,84.2,Experto
D329,20.0,1.9,6.3,48.8,51.2,53.3,54.0,30.3,46.6,60.3,64.6,32.0,76.7,29.3,Novato
D330,20.6,9.1,21.5,89.0,89.3,93.0,95.3,80.3,91.3,95.2,92.8,93.7,88.2,97.8,Alto rendimiento
D331,20.1,10.2,15.2,86.4,85.8,90.1,84.8,71.1,64.2,79.5,91.5,80.7,80.9,72.7,Experto
D332,20.8,8.0,23.4,97.1,92.1,89.6,93.5,81.0,98.0,88.0,96.4,83.3,85.9,95.6,Alto rendimiento
D333,20.5,3.3,10.3,51.1,52.5,67.8,76.5,69.7,69.8,77.0,73.0,73.2,84.0,63.8,Intermedio
D334,19.4,7.1,18.1,82.6,78.2,82.0,77.0,87.0,78.9,80.6,85.3,67.3,81.6,70.3,Experto
D335,22.0,3.9,8.4,55.2,77.5,52.7,64.1,73.6,63.6,63.1,62.8,72.7,78.4,56.3,Intermedio
D336,17.9,2.8,12.4,66.3,62.6,60.0,59.0,51.1,70.5,70.8,71.3,68.4,85.9,67.1,Intermedio
D337,17.6,3.2,10.9,61.5,58.8,62.4,76.4,73.6,68.6,67.2,75.6,73.5,83.8,55.6,Intermedio
D338,21.6,6.7,13.7,78.9,82.7,83.4,88.0,66.6,83.5,81.0,90.2,86.1,79.3,77.8,Experto
D339,18.8,3.4,9.8,71.1,66.5,71.4,70.7,54.6,68.4,76.7,81.7,72.0,73.4,66.1,Intermedio
D340,18.4,1.5,3.6,42.7,40.5,55.2,49.9,45.8,47.0,50.6,73.1,48.2,88.1,43.5,Novato
D341,20.8,11.3,15.8,91.4,100.0,98.8,97.7,89.8,96.8,90.7,97.2,91.9,94.9,99.7,Alto rendimiento
D342,21.8,6.1,24.2,97.0,85.3,91.1,84.2,81.7,93.5,93.9,90.6,97.4,85.9,85.4,Alto rendimiento
D343,22.3,4.6,10.9,55.2,55.6,64.9,65.1,51.5,61.0,73.4,63.2,74.8,80.1,71.0,Intermedio
D344,19.3,4.2,10.7,73.8,58.4,78.6,74.1,57.7,63.9,72.5,77.3,58.2,75.9,50.9,Intermedio
D345,20.0,1.0,1.5,39.8,49.5,48.2,60.1,49.8,49.6,56.3,71.7,55.9,77.4,33.6,Novato
D346,18.4,0.1,5.8,45.3,35.1,38.6,51.7,47.6,56.4,49.3,50.8,47.3,72.1,37.4,Novato
D347,21.1,2.9,14.7,68.6,69.2,66.4,59.0,54.3,60.0,71.4,88.8,69.8,89.5,62.0,Intermedio
D348,19.3,4.3,8.5,60.0,63.7,56.5,65.8,61.9,58.9,70.3,77.0,59.5,93.6,54.1,Intermedio
D349,20.4,7.4,17.2,72.2,83.3,73.0,84.5,84.6,85.9,85.2,81.1,72.4,89.8,84.6,Experto
D350,20.7,6.8,23.1,75.6,81.6,82.3,84.0,88.2,89.5,78.9,86.3,63.7,84.2,68.5,Experto
D351,19.7,7.0,23.6,80.9,89.6,66.8,72.9,70.4,77.6,89.9,78.7,72.4,82.5,66.5,Experto
D352,21.8,9.8,23.0,91.1,91.7,89.9,90.3,83.8,92.4,91.9,89.1,91.6,79.9,90.1,Alto rendimiento
D353,19.4,2.5,7.5,65.9,75.1,52.9,61.0,63.6,68.7,58.4,72.7,66.0,84.5,54.8,Intermedio
D354,18.4,0.4,5.6,55.4,49.5,41.2,47.1,49.7,41.4,71.1,63.2,58.9,74.0,32.1,Novato
D355,18.0,1.1,4.7,33.7,49.0,40.3,56.3,46.3,49.1,52.6,57.1,52.6,72.2,56.9,Novato
D356,20.9,4.8,6.4,64.8,69.6,74.4,51.8,55.9,65.6,72.5,64.1,75.8,77.0,49.3,Intermedio
D357,18.7,0.7,5.1,40.9,54.2,50.3,44.2,35.9,48.4,50.3,44.3,57.0,71.1,30.9,Novato
D358,17.8,0.2,4.2,30.5,40.0,42.7,48.0,50.4,50.2,56.7,55.6,62.3,74.3,37.5,Novato
D359,20.0,2.7,13.9,66.4,67.9,67.7,69.0,57.4,71.5,62.5,65.4,69.0,81.8,64.8,Intermedio
D360,19.3,2.8,8.9,62.4,60.6,69.8,61.8,50.2,71.0,78.1,75.2,72.8,77.8,65.3,Intermedio
D361,20.7,3.4,6.3,62.8,72.6,60.5,79.0,61.6,70.6,62.9,56.8,73.3,85.0,42.9,Intermedio
D362,18.3,0.7,6.8,47.6,35.3,52.8,44.7,48.9,55.7,60.9,42.2,41.8,71.2,46.4,Novato
D363,24.4,4.8,14.5,82.3,86.0,83.1,81.9,65.8,80.0,83.5,95.4,78.2,85.4,78.7,Experto
D364,17.4,2.4,3.3,34.5,45.6,37.8,48.3,60.8,42.4,51.1,53.5,52.6,81.9,33.9,Novato
D365,18.5,0.6,5.6,34.2,42.0,50.8,44.6,54.4,50.5,60.7,48.1,41.5,86.4,42.5,Novato
D366,23.6,8.6,17.9,71.6,83.0,76.1,76.4,69.5,80.4,82.9,81.0,68.7,85.4,71.9,Experto
D367,20.6,2.8,4.5,53.2,63.1,66.6,66.0,53.3,74.4,77.4,78.0,72.4,82.7,67.4,Intermedio
D368,21.7,3.7,9.3,57.1,53.8,76.2,66.3,76.7,73.8,74.9,84.0,66.4,79.9,55.3,Intermedio
D369,19.0,2.3,9.3,51.3,51.6,50.4,59.3,61.1,54.3,66.0,82.5,76.6,82.7,59.6,Intermedio
D370,20.2,6.3,16.7,83.3,82.0,80.7,79.7,69.8,67.6,87.9,81.0,85.4,84.4,78.9,Experto
D371,21.4,11.5,24.4,86.3,88.9,85.9,91.9,78.0,85.9,100.0,100.0,89.8,93.9,90.9,Alto rendimiento
D372,19.3,4.1,12.2,61.3,72.0,74.2,70.8,62.8,80.0,79.3,68.8,67.9,83.1,46.2,Intermedio
D373,18.1,1.1,6.3,50.8,46.4,36.5,43.8,64.5,63.7,51.4,57.1,56.3,73.3,42.8,Novato
D374,22.8,5.0,21.1,77.6,75.8,70.0,82.2,78.3,74.4,70.0,82.5,68.5,76.3,79.8,Experto
D375,21.1,5.2,13.9,79.8,79.9,87.2,79.0,62.0,77.8,78.1,83.9,69.4,79.1,72.4,Experto
D376,18.2,1.4,4.1,38.9,54.1,55.4,43.9,40.3,57.4,54.0,70.1,52.7,74.6,36.7,Novato
D377,22.6,5.9,14.5,88.8,72.2,72.2,82.6,72.6,84.0,82.0,85.9,78.6,83.1,84.5,Experto
D378,19.6,3.6,11.4,57.3,62.7,71.1,63.4,66.7,66.7,73.1,68.3,66.2,86.6,72.4,Intermedio
D379,21.3,6.4,16.7,82.6,67.6,87.5,72.6,72.8,87.8,83.9,85.3,80.2,87.4,78.6,Experto
D380,18.4,1.8,7.2,60.3,55.0,50.5,51.8,53.2,53.4,44.1,60.9,44.0,80.4,49.5,Novato
D381,18.2,4.4,9.4,68.4,68.8,57.5,61.1,66.6,58.0,68.9,81.9,73.5,89.9,59.1,Intermedio
D382,21.4,10.0,21.7,86.2,96.3,96.0,91.2,87.5,98.5,91.0,99.7,84.7,82.3,93.7,Alto rendimiento
D383,20.9,6.4,16.3,83.7,76.5,72.5,79.4,92.8,75.1,85.0,77.4,68.2,82.9,85.0,Experto
D384,23.3,6.7,16.5,81.1,75.4,79.3,84.3,64.9,78.5,82.9,87.7,67.7,76.9,67.6,Experto
D385,20.4,7.6,18.4,83.3,78.0,79.0,79.2,72.6,97.2,86.3,79.8,77.5,90.5,68.4,Experto
D386,18.2,1.8,6.2,38.4,49.9,44.2,37.2,46.2,62.6,57.6,57.8,36.4,76.3,48.3,Novato
D387,21.1,1.8,6.8,60.2,60.4,68.4,53.1,57.3,73.8,76.4,61.8,70.9,74.9,67.2,Intermedio
D388,22.4,6.8,14.1,66.1,87.6,71.2,76.0,74.1,82.2,87.2,87.6,80.5,85.0,74.5,Experto
D389,22.8,7.1,19.1,76.7,83.4,65.3,86.5,74.6,79.3,80.8,81.2,79.1,87.1,89.6,Experto
D390,18.5,0.2,9.5,41.7,41.7,40.7,33.8,59.0,42.5,62.1,55.4,55.2,76.5,44.6,Novato
D391,18.5,1.0,7.5,42.1,34.3,32.2,40.4,53.8,56.8,60.4,61.7,53.5,74.2,46.6,Novato
D392,21.8,3.4,12.0,58.0,70.4,68.7,64.9,55.5,70.5,81.6,72.9,84.3,75.6,57.8,Intermedio
D393,21.5,9.0,27.7,88.9,91.1,94.3,92.6,85.4,91.7,99.7,90.9,97.8,85.1,95.7,Alto rendimiento
D394,20.7,3.5,10.2,65.2,61.6,59.7,71.9,60.6,68.4,68.6,74.0,71.9,78.5,47.0,Intermedio
D395,20.7,0.2,5.5,34.5,42.6,30.4,61.2,46.2,50.9,60.6,51.7,34.6,84.7,25.6,Novato
D396,20.3,2.0,11.2,66.2,61.9,60.1,58.5,62.8,65.0,63.4,70.0,62.5,95.9,60.6,Intermedio
D397,18.0,1.5,8.8,35.4,41.7,39.4,54.8,54.6,57.2,47.4,59.0,60.0,86.0,39.7,Novato
D398,20.7,4.5,10.9,69.9,49.5,68.4,64.5,69.6,83.2,75.4,60.8,58.0,85.6,68.4,Intermedio
D399,20.2,1.6,3.1,60.2,40.4,47.3,39.7,54.7,64.4,65.7,58.6,50.0,81.9,40.2,Novato
D400,22.8,8.6,18.2,74.9,78.8,88.4,98.0,81.7,78.6,79.9,85.4,85.6,79.6,80.9,Experto
D401,20.8,4.3,10.3,52.0,73.6,74.2,65.3,59.8,66.9,68.1,73.5,69.4,75.7,52.3,Intermedio
D402,18.3,1.1,2.3,44.5,51.7,41.2,52.9,40.4,55.8,45.3,56.2,39.0,77.7,46.5,Novato
D403,24.5,7.4,22.3,83.9,93.3,88.4,88.5,84.4,96.9,90.3,98.6,93.7,88.2,96.6,Alto rendimiento
D404,20.0,2.4,10.0,61.0,54.9,71.2,58.5,50.3,61.7,72.7,79.8,68.1,82.8,78.9,Intermedio
D405,21.2,7.9,22.9,86.4,88.5,99.1,91.4,86.7,87.9,93.3,98.8,87.3,97.2,94.6,Alto rendimiento
D406,20.0,1.7,6.6,46.0,46.2,55.2,39.7,52.2,41.2,67.1,65.3,54.8,75.3,42.0,Novato
D407,22.1,3.1,18.5,75.7,87.2,84.7,84.0,84.3,87.3,97.8,88.3,89.1,94.2,79.9,Experto
D408,21.2,4.2,9.4,69.1,68.0,82.9,69.9,71.0,77.6,73.7,73.6,67.0,74.8,60.7,Intermedio
D409,22.1,4.2,9.5,71.4,73.8,65.8,81.3,65.2,66.6,72.3,74.2,70.5,82.4,70.5,Intermedio
D410,17.4,1.1,4.7,46.0,27.1,48.7,46.1,33.7,55.2,54.1,70.8,52.0,80.8,51.2,Novato
D411,19.2,0.7,6.7,43.3,39.7,47.4,34.3,43.1,41.4,53.7,46.2,53.1,83.2,48.7,Novato
D412,18.4,2.1,8.2,61.3,52.5,59.3,59.3,59.6,53.0,59.8,68.2,59.5,81.1,59.7,Intermedio
D413,22.7,5.9,23.1,84.7,93.2,95.9,88.5,84.4,93.8,92.6,94.4,85.9,95.8,92.6,Alto rendimiento
D414,19.6,4.3,11.8,50.5,70.6,62.4,51.3,60.9,61.0,73.0,77.7,66.0,79.0,56.2,Intermedio
D415,20.5,3.4,6.0,67.2,57.6,68.1,60.3,57.3,69.2,84.4,75.0,59.8,86.1,61.0,Intermedio
D416,21.8,2.0,15.0,66.8,56.6,55.8,70.7,59.1,59.8,71.3,75.7,70.1,76.2,58.6,Intermedio
D417,18.6,0.2,4.6,42.0,43.1,29.4,41.2,41.4,46.5,65.5,62.2,45.3,84.8,53.6,Novato
D418,18.3,0.5,6.1,30.4,44.3,41.8,31.1,60.2,43.6,35.2,55.5,36.3,86.2,36.8,Novato
D419,22.5,1.6,16.6,60.3,59.9,62.7,69.6,55.6,73.6,65.1,67.2,63.6,85.4,56.3,Intermedio
D420,24.0,5.6,23.5,72.4,93.0,86.3,89.9,66.4,76.6,78.1,84.7,83.9,91.0,83.0,Experto
D421,20.7,4.9,10.0,59.0,67.5,67.5,54.3,64.3,85.8,70.4,79.4,64.5,90.3,67.4,Intermedio
D422,17.9,1.7,8.8,47.0,43.8,50.7,47.4,56.0,49.5,46.3,67.9,70.2,80.3,42.4,Novato
D423,25.0,11.3,28.1,92.3,89.0,90.5,91.2,78.0,91.1,94.6,92.9,91.6,87.6,93.7,Alto rendimiento
D424,20.7,6.0,17.0,73.6,78.4,76.3,86.5,74.3,85.1,80.6,83.7,78.3,79.7,70.1,Experto
D425,18.4,4.2,11.5,60.0,51.0,69.2,59.9,65.0,70.2,78.5,72.2,36.5,85.1,57.0,Intermedio
D426,20.2,7.1,14.9,93.9,86.4,95.2,91.5,84.1,94.4,82.6,96.6,90.9,93.1,91.3,Alto rendimiento
D427,23.1,7.4,26.5,94.1,80.4,93.3,88.1,84.0,91.0,94.8,95.8,88.7,85.0,90.4,Alto rendimiento
D428,18.3,1.6,13.8,52.0,74.2,56.3,68.7,72.4,65.2,69.4,73.4,67.3,78.2,52.0,Intermedio
D429,21.8,7.1,15.0,85.2,75.7,84.6,84.4,64.4,86.9,69.7,86.5,73.5,86.6,87.1,Experto
D430,20.7,4.1,13.0,58.6,66.8,64.9,60.7,65.6,62.7,74.1,62.5,76.9,80.2,66.2,Intermedio
D431,18.1,0.5,4.8,54.4,43.2,38.3,30.8,48.6,52.9,47.3,63.2,51.8,78.3,44.6,Novato
D432,17.3,1.2,4.9,50.9,38.4,50.2,44.9,56.6,71.8,56.5,52.9,51.6,80.5,37.8,Novato
D433,18.3,0.8,8.0,42.5,46.8,36.6,34.8,36.6,53.8,47.6,50.1,55.3,82.9,36.7,Novato
D434,17.0,0.0,1.6,54.6,40.5,36.1,58.6,35.9,53.3,47.3,44.7,40.9,83.8,40.4,Novato
D435,21.0,2.9,7.8,59.1,70.3,59.7,57.4,52.0,64.1,59.9,86.8,68.1,74.5,66.8,Intermedio
D436,17.8,1.0,2.6,40.3,45.4,42.6,52.2,57.3,64.2,43.0,60.1,64.0,75.3,51.4,Novato
D437,22.8,7.2,21.9,91.9,88.8,96.5,94.8,83.1,86.6,94.4,100.0,95.4,93.0,96.1,Alto rendimiento
D438,20.3,1.2,8.9,43.8,40.6,57.3,45.7,51.2,54.4,59.6,58.9,39.7,81.7,44.4,Novato
D439,19.6,2.7,12.1,55.5,58.9,50.4,61.9,70.5,68.1,62.6,83.7,70.3,78.3,65.2,Intermedio
D440,19.7,1.7,11.6,57.7,75.0,72.7,57.1,51.4,65.1,75.6,76.6,79.3,82.7,52.9,Intermedio
D441,19.6,2.2,13.1,65.6,58.9,63.3,73.5,73.9,66.6,67.0,79.0,60.8,77.5,64.7,Intermedio
D442,19.8,3.0,15.1,61.1,61.3,61.7,64.9,60.8,68.2,58.3,63.9,78.2,87.3,71.1,Intermedio
D443,21.3,4.7,19.9,83.3,74.1,96.6,83.5,81.8,74.9,96.5,85.9,83.0,85.5,82.8,Experto
D444,17.1,1.6,5.9,29.5,51.9,45.0,57.1,41.4,38.1,56.1,62.1,67.6,74.9,45.7,Novato
D445,19.6,1.2,5.4,31.2,50.7,44.8,63.4,59.2,48.1,49.2,46.5,49.8,83.2,46.0,Novato
D446,24.4,7.8,28.5,90.8,96.1,86.0,89.2,81.6,95.2,87.6,93.5,95.8,91.6,93.1,Alto rendimiento
D447,23.5,7.1,17.8,76.4,89.9,89.7,82.2,78.6,83.3,84.4,84.2,82.7,82.3,75.3,Experto
D448,17.7,1.6,1.1,56.0,38.2,35.3,44.6,38.4,47.0,50.2,57.2,31.3,80.1,37.1,Novato
D449,17.7,3.6,15.5,49.8,61.6,64.7,73.3,54.4,75.0,64.8,77.7,74.6,80.0,54.3,Intermedio
D450,18.8,1.1,2.6,44.9,42.4,44.6,45.8,47.8,47.5,58.8,48.6,67.5,70.0,48.4,Novato
D451,19.4,0.8,2.6,42.6,35.3,42.4,37.9,56.8,51.4,63.3,57.6,34.1,78.8,53.1,Novato
D452,21.3,4.7,16.0,71.2,84.7,73.1,74.0,75.5,89.6,78.2,83.7,75.8,84.2,66.9,Experto
D453,18.3,2.7,10.9,58.0,52.1,61.6,66.2,75.5,70.3,63.1,72.0,63.7,74.8,63.2,Intermedio
D454,23.3,8.5,8.8,77.0,76.4,78.4,80.6,66.7,80.3,82.4,95.8,70.0,86.4,69.1,Experto
D455,24.5,8.2,24.8,89.7,85.4,92.9,93.2,80.2,92.5,93.4,100.0,94.6,92.0,93.9,Alto rendimiento
D456,18.6,0.6,3.1,49.9,34.0,44.2,35.0,45.3,48.1,58.9,47.3,26.7,79.9,49.9,Novato
D457,17.9,1.1,4.5,39.0,47.8,49.1,50.5,47.9,53.3,54.3,61.0,48.6,71.2,43.0,Novato
D458,18.8,1.1,7.3,47.2,49.8,35.9,50.2,46.6,44.5,62.3,45.1,35.4,76.6,63.7,Novato
D459,21.7,7.9,17.4,73.0,84.0,73.0,83.1,61.1,75.2,93.8,94.8,72.5,89.7,85.8,Experto
D460,23.3,8.9,16.2,97.6,88.3,95.8,96.3,83.3,93.2,94.7,90.4,89.8,90.0,98.8,Alto rendimiento
D461,21.8,2.4,13.1,47.5,61.2,55.7,70.6,66.9,56.8,64.4,73.1,65.2,80.3,61.0,Intermedio
D462,18.1,4.9,13.3,67.5,63.0,66.3,73.8,58.6,67.0,56.1,73.1,66.3,79.6,66.9,Intermedio
D463,20.4,4.8,6.9,58.1,68.6,63.0,63.7,81.4,59.3,69.4,66.7,73.8,79.0,65.4,Intermedio
D464,22.5,7.6,17.7,77.8,74.3,79.9,81.1,79.6,81.1,94.9,84.0,87.2,98.8,90.8,Experto
D465,22.5,6.1,21.0,71.7,74.0,82.4,81.8,77.5,87.8,81.3,93.5,83.9,83.5,87.4,Experto
D466,19.6,1.2,2.7,30.5,43.3,34.4,57.4,67.5,46.0,68.0,60.6,49.3,84.7,48.8,Novato
D467,20.9,7.3,19.5,92.3,82.5,82.4,85.4,71.7,86.4,78.0,99.3,80.9,85.8,91.4,Experto
D468,17.7,0.6,4.6,38.4,56.4,36.6,48.5,39.9,40.5,36.5,67.7,41.0,75.0,44.9,Novato
D469,19.2,0.4,6.1,55.1,45.1,39.7,34.9,49.4,51.9,61.2,62.5,44.9,70.7,30.8,Novato
D470,20.1,3.5,10.1,57.9,67.5,67.5,74.8,64.9,68.3,73.1,69.4,73.3,83.5,65.7,Intermedio
D471,19.5,2.2,5.4,39.4,46.9,40.4,41.5,63.2,50.8,45.8,55.0,44.1,76.2,28.7,Novato
D472,21.3,5.6,20.7,84.1,75.8,71.1,76.0,82.5,81.1,76.4,85.1,86.2,84.2,76.7,Experto
D473,19.2,3.2,10.6,71.2,64.7,69.7,65.8,55.6,77.4,63.9,67.7,71.5,84.1,55.7,Intermedio
D474,17.2,1.6,7.0,42.9,35.1,45.1,55.5,50.9,46.9,60.3,75.6,69.1,80.6,41.6,Novato
D475,20.3,7.5,29.1,94.1,91.7,88.7,95.0,88.1,94.1,91.0,91.3,83.5,77.0,90.9,Alto rendimiento
D476,18.7,0.7,7.2,31.7,53.5,51.7,35.0,71.2,50.2,45.9,49.3,45.7,76.2,37.3,Novato
D477,20.4,4.7,8.0,63.9,70.6,60.4,59.1,64.4,45.6,69.5,86.2,62.5,90.3,65.9,Intermedio
D478,18.3,1.2,5.9,36.9,31.3,42.8,39.4,53.5,57.4,50.5,62.7,53.8,70.0,49.7,Novato
D479,19.7,6.2,21.8,83.0,71.0,80.4,80.3,77.9,73.8,97.1,87.6,79.9,90.7,78.9,Experto
D480,19.1,0.5,3.7,46.4,43.1,44.6,47.9,37.5,31.1,51.9,45.7,53.2,83.5,40.5,Novato
D481,17.1,0.9,3.3,51.2,43.1,54.6,38.5,47.8,45.9,57.9,55.3,43.5,70.9,48.7,Novato
D482,20.7,2.9,7.7,65.4,71.8,38.9,71.9,65.5,71.5,67.0,65.0,68.5,73.8,72.1,Intermedio
D483,22.1,5.0,18.8,69.0,82.7,84.7,80.3,80.1,76.1,68.9,89.3,86.1,92.3,79.0,Experto
D484,20.2,2.9,26.9,82.1,81.5,76.1,81.2,77.4,79.5,86.0,85.0,90.2,77.7,77.5,Experto
D485,18.6,1.0,1.0,40.4,47.3,22.8,55.5,54.2,70.0,46.6,50.0,39.3,76.3,39.1,Novato
D486,17.0,0.3,6.6,35.7,55.7,33.1,50.0,40.5,54.1,54.4,62.9,31.5,81.3,42.8,Novato
D487,20.0,4.9,14.7,72.9,53.4,71.1,61.2,53.2,66.9,60.7,70.4,71.8,79.7,65.3,Intermedio
D488,19.8,1.2,8.7,45.2,32.8,40.1,44.7,50.2,59.8,45.9,55.7,53.0,79.7,56.7,Novato
D489,19.2,7.4,17.9,79.7,88.6,76.3,71.7,65.3,78.7,85.7,85.3,90.6,79.7,80.3,Experto
D490,17.6,0.4,6.0,49.7,42.6,38.9,36.0,45.4,50.5,60.5,46.5,66.8,92.2,43.4,Novato
D491,20.3,3.7,11.7,56.0,64.1,62.9,61.0,70.9,62.4,76.7,74.9,74.3,81.5,60.1,Intermedio
D492,22.4,11.0,29.9,94.4,82.6,96.5,92.1,85.2,82.3,91.2,96.7,84.5,75.2,92.7,Alto rendimiento
D493,20.9,10.0,27.7,91.5,89.9,89.6,92.3,81.2,92.6,98.2,93.3,90.9,90.4,90.8,Alto rendimiento
D494,18.6,0.5,3.3,47.2,33.9,44.8,42.7,40.6,54.8,41.9,48.0,41.7,71.8,37.2,Novato
D495,18.5,1.0,5.3,39.1,43.0,55.4,29.9,50.4,50.0,50.8,50.3,31.9,77.9,32.0,Novato
D496,23.5,7.3,21.4,89.3,93.1,94.8,94.5,81.9,94.7,88.2,96.3,91.8,90.6,89.8,Alto rendimiento
D497,21.2,8.4,12.3,79.2,76.4,79.1,81.7,68.3,85.2,77.5,83.5,67.3,85.9,72.0,Experto
D498,23.0,12.0,22.4,87.1,89.6,92.9,87.2,84.1,99.7,96.4,90.1,90.7,86.3,90.6,Alto rendimiento
D499,18.9,5.4,2.8,68.2,59.3,73.9,55.1,67.3,75.4,70.7,74.0,59.2,78.8,60.3,Intermedio
D500,21.8,4.4,11.2,72.7,82.1,75.8,76.4,78.4,82.0,85.3,87.6,76.2,80.0,70.8,Experto
D501,17.0,1.5,1.7,47.6,38.7,48.3,48.9,46.6,55.0,56.4,67.6,37.5,78.9,37.9,Novato
D502,19.3,3.0,13.8,52.2,61.8,59.3,70.0,54.9,66.1,76.5,78.6,64.6,82.0,67.3,Intermedio
D503,21.4,5.3,12.6,79.1,72.2,81.4,73.6,77.5,78.4,79.6,97.3,76.9,92.6,69.3,Experto
D504,17.7,1.8,3.9,47.0,29.3,44.3,40.8,52.4,43.9,46.4,62.5,49.6,83.6,32.2,Novato
D505,22.1,6.1,12.1,78.0,73.8,78.0,68.6,66.5,87.8,87.5,80.2,82.0,80.0,72.8,Experto
D506,19.4,3.2,6.0,59.6,68.6,71.1,57.7,59.3,58.7,68.4,56.9,69.7,83.2,63.3,Intermedio
D507,20.6,2.2,12.9,65.2,59.8,71.7,66.0,63.9,67.3,72.2,77.1,49.0,75.2,62.9,Intermedio
D508,19.9,2.4,11.3,48.9,69.0,69.1,59.4,61.7,63.8,67.4,76.7,70.2,82.0,49.7,Intermedio
D509,25.0,9.8,22.6,97.0,87.0,88.2,98.4,86.6,92.2,95.5,96.2,87.5,80.9,98.0,Alto rendimiento
D510,20.3,4.3,7.2,64.4,49.4,58.4,62.8,62.2,77.2,59.9,71.2,68.1,87.1,50.5,Intermedio
D511,22.2,7.3,10.3,84.3,89.0,76.8,90.2,77.4,69.5,82.2,88.9,81.3,91.9,79.3,Experto
D512,19.2,8.4,16.0,91.1,79.6,83.6,73.1,59.0,83.0,84.8,83.9,79.3,88.6,80.4,Experto
D513,24.6,9.5,29.1,95.2,97.3,93.0,97.6,85.0,90.5,89.8,90.4,80.7,97.9,95.3,Alto rendimiento
D514,22.1,3.0,6.2,62.6,60.8,71.9,62.5,60.4,84.3,57.3,70.0,71.5,79.4,59.5,Intermedio
D515,21.5,5.7,13.1,57.4,75.3,69.3,68.1,50.1,65.3,78.0,69.7,70.0,82.7,65.8,Intermedio
D516,19.7,4.5,15.2,51.1,61.0,69.2,73.0,57.0,69.2,53.6,68.7,82.2,82.0,49.3,Intermedio
D517,21.1,3.4,11.6,64.8,64.6,58.3,52.6,63.7,74.3,64.3,66.6,69.8,91.5,75.2,Intermedio
D518,20.9,10.3,24.7,92.8,90.7,90.0,96.7,80.4,93.2,100.0,94.0,93.0,94.2,89.6,Alto rendimiento
D519,18.7,2.6,16.1,59.3,63.6,59.8,58.5,59.7,76.2,72.3,75.6,62.6,85.7,65.8,Intermedio
D520,18.4,4.0,6.9,68.6,62.9,57.7,67.5,55.5,70.6,59.2,73.8,69.7,77.1,56.0,Intermedio
D521,18.9,2.3,10.3,58.3,56.8,65.2,54.3,65.1,76.9,86.2,65.9,58.9,75.3,74.8,Intermedio
D522,22.2,5.2,8.1,74.1,61.3,51.6,51.4,67.1,57.7,76.0,79.2,80.5,79.7,56.6,Intermedio
D523,21.3,8.8,21.4,90.3,95.6,91.2,88.5,85.2,87.2,93.9,99.2,86.5,83.7,92.3,Alto rendimiento
D524,20.6,1.0,2.5,46.7,47.8,56.7,47.4,37.0,41.3,51.2,69.4,42.3,80.0,37.3,Novato
D525,18.9,2.0,5.5,37.0,46.5,62.7,41.7,51.3,59.7,62.0,64.9,53.4,85.4,51.5,Novato
D526,19.5,4.0,11.1,59.3,49.1,70.2,60.6,60.5,70.3,63.7,75.2,77.1,83.1,71.4,Intermedio
D527,17.8,1.4,4.9,25.4,52.2,44.7,48.5,46.2,50.0,51.8,54.0,47.3,75.1,36.8,Novato
D528,17.3,2.9,3.7,44.1,33.1,44.3,37.5,41.7,46.4,55.9,51.8,64.2,78.6,26.9,Novato
D529,22.0,9.3,17.9,81.0,77.2,83.7,85.8,77.7,90.0,91.8,87.7,73.2,83.5,81.7,Experto
D530,19.9,2.7,12.6,58.8,55.8,67.5,59.6,55.4,68.7,89.7,68.5,65.8,80.1,63.2,Intermedio
D531,17.1,0.8,7.1,31.4,55.0,31.3,52.2,56.8,60.7,54.9,60.9,56.6,71.2,46.5,Novato
D532,21.3,9.0,29.6,93.3,87.7,98.3,86.9,80.8,95.9,91.1,96.8,93.3,88.6,95.6,Alto rendimiento
D533,19.4,2.8,9.6,61.9,56.5,50.4,72.1,70.4,68.7,64.3,90.9,74.6,74.6,67.2,Intermedio
D534,18.2,2.2,6.1,33.0,33.3,34.3,46.4,33.1,30.2,50.1,47.0,46.7,70.0,41.1,Novato
D535,21.5,4.8,11.3,77.5,85.9,65.1,80.0,57.7,85.7,80.2,84.8,69.4,91.9,85.1,Experto
D536,21.8,2.4,12.3,90.5,52.7,63.1,59.9,53.8,72.3,72.9,59.8,63.5,73.0,46.3,Intermedio
D537,19.1,1.6,3.7,34.0,43.6,49.8,65.5,51.4,66.6,65.4,44.3,35.8,79.0,44.6,Novato
D538,18.4,2.8,8.7,57.9,69.1,65.9,71.8,60.3,61.7,72.1,85.5,78.2,84.8,50.9,Intermedio
D539,20.5,5.6,20.0,94.8,74.3,77.3,84.3,80.4,77.6,86.8,96.2,68.7,84.9,79.5,Experto
D540,23.7,7.1,15.7,68.3,74.9,75.3,72.8,69.3,84.6,83.6,79.3,77.5,87.3,74.6,Experto
D541,17.7,1.2,5.9,36.1,42.4,50.6,48.8,36.1,50.2,49.2,51.6,42.7,70.2,59.9,Novato
D542,19.9,4.8,10.5,43.5,65.8,78.4,63.9,58.9,64.8,68.3,81.9,61.9,75.9,66.5,Intermedio
D543,21.9,2.3,17.2,59.0,73.4,65.9,70.1,66.0,67.1,54.5,51.6,67.5,80.9,67.3,Intermedio
D544,19.2,5.4,16.4,84.8,84.7,71.4,74.2,78.9,83.7,85.6,93.9,82.3,89.9,85.4,Experto
D545,19.5,2.1,16.0,63.6,57.7,58.0,69.3,50.1,54.0,62.9,87.9,73.3,87.4,60.9,Intermedio
D546,22.1,7.0,16.5,77.7,77.9,77.3,80.1,72.1,80.5,80.9,82.8,82.9,90.9,78.4,Experto
D547,20.5,3.8,11.4,62.1,61.3,61.4,63.2,63.0,59.2,64.8,60.9,58.8,82.5,66.1,Intermedio
D548,17.0,1.6,6.1,62.7,53.3,32.9,40.8,70.1,33.1,58.5,72.4,57.8,77.0,48.7,Novato
D549,20.6,3.2,11.8,60.2,71.5,67.5,60.3,69.8,57.2,67.4,88.4,67.3,84.7,65.2,Intermedio
D550,21.1,5.8,15.0,82.5,76.4,84.2,89.0,76.8,81.3,83.2,82.2,76.0,89.1,74.0,Experto
D551,20.7,2.6,10.2,46.8,68.7,76.4,60.0,60.6,71.2,81.4,77.5,54.7,81.9,72.1,Intermedio
D552,20.1,1.2,4.7,42.6,44.9,47.1,39.9,42.3,64.4,44.5,51.7,60.5,73.4,37.6,Novato
D553,20.0,2.1,20.7,50.3,70.4,74.9,59.8,60.9,62.3,64.0,78.0,60.4,73.2,64.0,Intermedio
D554,21.7,7.0,11.3,92.6,84.2,74.2,73.2,73.9,89.8,88.9,80.9,80.5,93.6,80.4,Experto
D555,17.0,0.6,2.9,36.0,45.2,53.6,40.4,52.0,60.0,52.8,42.1,39.8,79.6,34.4,Novato
D556,19.5,3.5,23.2,68.2,82.2,89.8,84.3,80.6,77.6,77.0,91.1,79.7,88.1,77.9,Experto
D557,18.6,2.1,1.7,52.0,43.4,57.3,51.8,43.1,63.0,62.8,56.1,39.2,75.3,43.3,Novato
D558,19.4,4.7,9.1,76.4,73.4,74.5,67.0,69.6,73.0,65.1,80.0,74.9,93.6,66.6,Intermedio
D559,20.6,4.3,4.0,65.4,65.6,60.6,62.2,50.3,53.7,69.0,82.5,58.0,86.8,61.7,Intermedio
D560,18.5,1.5,4.3,40.3,34.9,51.9,48.0,62.8,49.1,63.4,51.6,68.7,77.4,41.3,Novato
D561,20.4,5.4,12.9,71.4,69.9,70.1,65.2,57.9,77.8,75.4,70.9,59.0,72.8,55.6,Intermedio
D562,17.6,1.0,2.4,34.2,43.9,50.6,28.2,41.2,44.6,53.8,70.0,48.8,71.9,41.3,Novato
D563,20.6,8.8,16.0,79.8,71.0,70.3,68.8,75.0,75.5,95.0,81.8,82.1,83.6,82.7,Experto
D564,19.7,2.3,7.4,61.3,54.9,60.4,69.8,59.9,68.5,68.3,64.4,55.1,86.2,69.9,Intermedio
D565,19.9,7.8,17.2,80.8,91.2,67.6,77.2,78.1,87.1,77.5,88.9,80.1,93.5,76.7,Experto
D566,20.8,3.5,7.4,57.2,58.2,63.2,65.4,58.6,74.3,67.8,80.5,67.8,82.7,60.2,Intermedio
D567,19.4,0.0,6.0,47.9,49.9,46.5,69.1,49.5,36.3,54.0,59.9,42.9,86.1,39.8,Novato
D568,17.5,1.1,5.3,45.9,21.9,38.4,48.1,58.5,54.4,47.6,56.7,58.7,81.8,47.9,Novato
D569,23.2,8.8,13.6,74.0,86.7,70.7,85.9,65.5,88.8,84.7,86.0,81.7,81.4,88.0,Experto
D570,21.4,1.5,15.7,55.5,53.4,55.3,68.9,36.5,64.3,65.9,69.0,54.4,81.8,63.5,Intermedio
D571,19.4,4.6,7.0,60.4,65.7,52.8,49.0,64.6,74.1,82.5,71.4,66.3,78.4,65.4,Intermedio
D572,18.5,4.1,9.7,56.2,66.3,68.8,79.8,64.3,66.2,72.1,74.2,66.3,94.6,72.3,Intermedio
D573,19.5,1.1,5.4,37.9,30.5,44.6,45.0,44.2,60.8,57.2,59.7,54.2,72.0,39.6,Novato
D574,21.0,11.0,21.5,85.8,92.2,97.0,86.7,90.3,91.3,91.3,99.9,96.0,82.1,97.9,Alto rendimiento
D575,20.3,3.8,7.6,59.4,74.3,59.5,74.0,85.2,63.1,74.0,79.5,67.5,73.9,63.8,Intermedio
D576,22.4,7.8,14.1,80.4,81.3,89.8,86.7,78.8,91.2,88.3,82.3,82.6,86.2,83.4,Experto
D577,22.6,3.0,12.4,73.1,79.0,71.6,61.8,55.7,62.0,53.1,75.0,64.1,81.6,60.3,Intermedio
D578,21.6,5.8,16.8,77.0,81.0,89.6,83.6,77.4,74.9,83.0,93.6,78.0,95.8,86.3,Experto
D579,20.1,6.1,18.6,83.9,77.8,77.3,87.1,81.6,92.2,80.9,77.0,87.0,89.1,78.5,Experto
D580,21.0,7.3,21.7,83.6,95.4,94.9,89.9,80.9,91.8,100.0,95.5,91.2,83.4,89.6,Alto rendimiento
D581,23.6,5.8,18.1,77.2,77.3,77.3,84.4,67.7,87.9,84.0,76.2,72.5,83.8,74.2,Experto
D582,19.9,7.1,22.1,79.1,75.0,77.7,79.0,78.0,93.7,86.4,92.0,81.4,87.0,77.4,Experto
D583,21.0,8.3,19.7,85.0,80.3,77.5,87.9,69.3,77.8,85.3,86.5,71.6,84.9,75.2,Experto
D584,23.4,3.5,14.5,63.4,66.9,61.2,70.1,77.9,73.3,67.2,66.9,75.3,77.2,59.0,Intermedio
D585,22.6,7.3,13.2,77.0,79.8,86.1,79.8,68.1,93.8,91.5,80.7,80.8,92.1,71.5,Experto
D586,22.2,5.7,14.6,76.8,77.9,77.1,70.4,71.8,80.4,79.6,83.2,82.5,91.7,76.1,Experto
D587,18.5,0.9,7.3,39.4,46.1,40.7,32.9,50.4,38.9,60.5,57.4,41.9,76.4,30.6,Novato
D588,18.7,3.4,16.6,57.5,69.2,52.1,66.9,54.8,76.3,59.7,81.8,70.8,70.0,57.7,Intermedio
D589,20.8,4.7,19.1,88.6,88.0,95.6,67.8,64.6,81.0,90.4,89.9,78.7,87.3,82.0,Experto
D590,21.2,2.1,5.3,35.2,26.0,50.9,44.3,59.6,59.3,50.4,70.8,74.5,71.4,42.8,Novato
D591,20.2,4.3,15.7,57.5,66.4,46.7,67.7,65.5,72.1,66.8,82.6,67.2,74.9,58.6,Intermedio
D592,20.8,4.3,8.5,61.5,59.8,50.4,63.8,54.9,61.9,67.3,65.7,57.5,86.1,52.4,Intermedio
D593,19.0,2.7,12.5,67.8,76.2,61.5,63.3,56.4,62.8,82.6,65.0,67.6,83.0,63.6,Intermedio
D594,18.0,2.0,7.1,38.7,58.7,52.5,46.3,34.3,56.3,59.5,60.0,49.2,78.2,44.4,Novato
D595,20.4,4.2,6.5,63.0,60.3,67.6,51.5,65.5,69.5,74.0,87.5,51.6,83.7,57.7,Intermedio
D596,21.8,3.6,11.3,58.3,56.1,66.5,68.0,52.2,69.7,69.9,73.1,64.1,79.9,54.9,Intermedio
D597,20.9,7.2,22.8,81.0,68.1,86.7,82.2,84.9,93.6,91.5,87.0,79.0,91.2,77.9,Experto
D598,19.9,4.5,12.9,58.3,68.7,57.7,60.3,68.0,83.3,77.9,73.7,52.7,79.6,64.3,Intermedio
D599,18.9,0.8,1.6,37.3,41.9,38.6,49.2,39.0,50.4,50.4,40.3,46.3,77.5,50.2,Novato
D600,19.1,1.1,4.4,45.5,45.3,29.9,34.2,27.8,60.4,32.0,77.3,56.0,77.4,47.8,Novato
D601,20.3,5.3,18.1,75.3,78.2,75.8,77.0,76.3,90.4,84.8,81.5,82.9,82.2,78.2,Experto
D602,24.5,5.1,18.1,76.1,75.6,78.1,67.9,68.3,86.2,82.4,77.1,66.2,83.5,78.2,Experto
D603,22.3,11.5,21.3,90.7,91.6,84.5,95.0,82.3,93.1,92.8,97.9,90.6,91.5,94.8,Alto rendimiento
D604,21.0,5.0,12.7,61.9,81.4,74.4,87.6,76.9,89.4,89.0,85.3,75.7,88.4,78.4,Experto
D605,18.3,2.8,9.7,64.3,54.4,58.8,71.1,55.4,61.0,79.5,74.1,57.2,85.0,61.0,Intermedio
D606,19.9,2.9,8.9,69.6,71.2,81.9,56.3,71.9,68.9,73.0,68.2,71.8,77.8,72.2,Intermedio
D607,18.6,3.1,9.8,53.3,68.7,74.5,67.2,56.4,57.9,86.8,93.0,73.9,87.2,68.5,Intermedio
D608,17.8,1.2,4.4,43.0,60.3,41.0,39.8,36.6,53.5,48.8,42.9,45.9,77.7,42.5,Novato
D609,19.8,2.7,10.3,62.6,56.2,64.6,69.3,57.7,63.7,65.8,77.2,52.5,81.6,52.6,Intermedio
D610,19.0,0.9,7.1,36.0,50.1,39.8,40.0,40.8,49.2,53.3,49.0,45.6,82.6,42.4,Novato
D611,23.3,7.3,18.0,78.3,83.1,80.3,82.6,80.6,77.7,95.7,89.1,69.6,92.9,73.1,Experto
D612,19.4,0.2,2.4,42.7,53.9,45.6,41.2,37.7,61.1,58.0,53.1,48.6,84.0,53.4,Novato
D613,20.6,3.4,8.2,57.5,74.7,65.1,66.3,76.9,54.2,83.5,65.4,54.7,75.8,52.6,Intermedio
D614,23.8,10.2,28.1,86.8,93.3,93.4,91.2,90.5,89.1,84.9,98.2,93.8,85.6,93.0,Alto rendimiento
D615,18.4,0.7,5.7,42.8,40.7,44.2,33.5,41.8,46.7,53.1,58.9,56.6,77.1,36.8,Novato
D616,19.4,1.5,4.8,34.5,53.6,40.2,48.6,40.1,56.7,51.4,63.4,46.5,86.4,41.7,Novato
D617,18.7,1.4,8.2,40.2,36.1,44.8,31.9,35.5,67.3,55.0,58.3,43.4,70.0,51.3,Novato
D618,22.8,6.9,21.9,88.3,92.6,97.6,86.6,86.5,90.2,89.5,90.5,98.6,80.0,92.2,Alto rendimiento
D619,22.3,8.0,27.2,93.5,95.3,98.7,96.5,87.4,85.1,91.8,96.3,92.6,81.9,91.0,Alto rendimiento
D620,19.2,0.8,5.6,44.4,41.9,50.9,41.1,47.3,51.0,43.8,41.7,45.6,70.0,54.2,Novato
D621,23.7,9.4,25.1,85.3,100.0,96.0,91.7,87.7,86.9,92.2,94.8,83.7,82.2,89.6,Alto rendimiento
D622,21.0,8.5,18.2,80.3,69.4,77.0,71.9,78.0,79.3,91.3,84.1,73.5,91.9,79.8,Experto
D623,18.6,1.8,9.6,65.1,63.8,59.2,63.9,55.2,61.8,56.8,69.8,71.1,81.2,62.3,Intermedio
D624,25.0,12.0,21.6,91.6,99.8,87.0,85.5,81.3,90.2,99.9,90.3,84.6,100.0,91.1,Alto rendimiento
D625,22.0,7.0,19.6,78.7,73.7,81.0,83.1,75.4,80.8,90.9,78.7,84.3,87.5,84.5,Experto
D626,19.5,4.3,11.1,58.3,52.0,48.8,63.1,56.3,64.7,64.5,70.9,65.1,86.7,56.8,Intermedio
D627,22.1,4.8,8.9,80.5,72.8,87.1,75.7,73.3,73.0,87.9,88.7,81.3,89.2,72.3,Experto
D628,20.2,2.6,13.8,58.6,68.0,68.1,54.7,54.3,68.0,78.1,72.3,73.5,80.7,60.3,Intermedio
D629,21.1,4.2,7.0,68.2,69.3,54.5,68.5,62.4,76.9,85.6,80.9,56.7,70.3,58.1,Intermedio
D630,20.1,1.6,3.0,42.7,47.3,41.6,46.8,33.4,35.4,52.0,62.4,41.9,74.9,50.3,Novato
D631,18.8,4.4,13.4,60.3,61.0,54.2,68.4,57.8,63.7,59.5,80.5,70.0,81.1,65.5,Intermedio
D632,17.8,1.7,4.6,39.4,37.0,50.5,51.7,40.1,57.3,54.3,43.5,66.0,79.7,37.1,Novato
D633,17.9,2.9,9.8,60.9,66.7,63.1,54.8,61.4,68.7,77.0,72.2,60.8,81.8,54.2,Intermedio
D634,22.4,9.1,27.8,98.2,92.7,92.6,92.5,85.5,89.8,96.1,93.5,87.8,91.2,89.9,Alto rendimiento
D635,20.7,2.4,6.9,55.9,56.0,65.9,70.8,58.5,72.4,48.2,60.2,63.4,81.0,75.3,Intermedio
D636,22.0,8.0,18.6,84.9,80.0,76.7,80.3,74.7,80.3,83.9,91.4,90.5,93.1,93.5,Experto
D637,20.2,3.7,11.9,56.6,53.2,57.9,52.2,64.8,64.7,74.5,80.5,58.3,83.8,62.0,Intermedio
D638,22.0,7.3,26.4,89.8,92.4,92.5,90.7,93.1,95.3,87.5,96.9,83.8,91.1,95.3,Alto rendimiento
D639,21.0,6.6,20.8,78.5,82.0,89.7,74.5,69.3,87.1,78.0,86.0,82.9,89.9,83.9,Experto
D640,17.0,1.2,2.7,30.9,49.9,49.8,58.8,36.5,49.1,53.9,42.6,30.3,73.9,51.6,Novato
D641,18.0,0.9,4.1,39.1,37.8,40.5,33.9,41.8,70.1,57.2,65.9,48.1,75.5,43.9,Novato
D642,20.8,12.0,21.1,94.8,87.5,94.5,93.3,82.4,95.6,91.3,86.3,93.5,87.1,91.8,Alto rendimiento
D643,22.7,8.2,21.3,88.8,90.9,83.4,93.1,88.3,89.7,97.6,96.7,86.0,97.0,90.7,Alto rendimiento
D644,20.2,1.8,8.7,64.1,64.9,65.3,87.7,74.7,73.0,72.8,66.6,66.0,86.9,64.2,Intermedio
D645,19.0,1.5,8.3,35.3,45.6,52.3,34.6,37.7,47.6,45.7,65.5,58.4,76.0,39.1,Novato
D646,19.5,2.2,8.7,47.3,54.5,51.9,49.6,55.8,65.2,66.0,71.4,57.9,70.0,39.1,Novato
D647,20.4,4.4,17.0,76.1,72.4,85.1,76.5,76.6,94.2,80.7,76.0,88.8,80.8,81.9,Experto
D648,19.9,7.3,12.4,83.1,71.5,85.7,73.1,81.2,81.0,79.2,88.7,74.6,86.4,83.1,Experto
D649,17.7,5.3,13.7,50.6,64.3,66.1,72.7,60.1,76.3,86.5,70.8,64.6,81.4,57.5,Intermedio
D650,18.0,3.5,13.2,73.3,70.4,63.2,58.2,72.8,73.6,65.6,74.6,61.6,78.6,57.2,Intermedio
D651,18.9,1.5,4.2,41.8,39.4,38.4,39.7,28.6,44.9,63.7,54.0,65.6,78.5,39.9,Novato
D652,18.4,0.3,5.9,22.8,57.7,44.6,36.4,50.0,51.7,54.8,54.3,53.8,78.9,39.5,Novato
D653,19.9,0.3,4.2,70.6,54.4,40.7,36.9,46.4,51.8,60.7,51.4,43.3,73.0,32.4,Novato
D654,23.1,6.1,23.6,84.7,95.2,82.8,91.4,82.9,87.9,99.5,88.8,90.4,85.2,99.3,Alto rendimiento
D655,20.9,7.0,18.5,85.7,74.8,79.6,81.7,70.7,90.6,82.0,89.8,76.5,79.5,79.4,Experto
D656,17.9,1.1,4.8,48.0,37.9,51.8,40.3,48.8,51.2,50.7,62.4,56.3,85.0,30.6,Novato
D657,21.3,1.6,5.6,47.2,47.5,56.8,41.8,33.0,41.2,53.1,62.9,45.2,72.7,31.7,Novato
D658,22.9,9.4,18.9,74.4,70.6,77.2,83.5,82.8,74.6,82.1,79.9,95.6,89.3,81.3,Experto
D659,20.9,4.9,17.0,75.8,79.1,85.6,78.9,63.9,80.4,88.3,74.5,65.7,92.4,81.2,Experto
D660,22.9,5.5,12.8,76.9,87.4,71.9,78.4,89.5,80.0,80.4,86.2,82.5,97.5,84.1,Experto
D661,19.0,0.8,4.4,40.6,52.4,49.5,37.0,59.7,68.1,65.8,63.4,45.2,85.8,32.0,Novato
D662,23.4,8.3,16.7,92.3,96.8,92.2,94.0,79.5,91.0,87.4,94.7,91.8,82.4,91.7,Alto rendimiento
D663,19.4,2.1,2.6,54.8,46.7,56.3,38.6,36.1,57.6,54.9,48.1,58.0,79.0,40.1,Novato
D664,17.9,4.0,11.7,59.9,56.7,64.7,79.3,73.1,63.8,72.8,69.8,70.4,86.4,76.6,Intermedio
D665,20.3,1.5,9.9,54.4,62.5,66.8,71.6,75.7,77.0,66.3,66.3,66.8,84.9,71.8,Intermedio
D666,21.9,8.8,22.4,87.1,93.7,93.2,95.1,85.9,92.7,98.0,86.5,85.7,90.4,94.6,Alto rendimiento
D667,21.0,5.1,21.2,72.5,82.8,69.6,77.3,80.2,71.8,86.0,91.4,83.8,81.4,75.9,Experto
D668,20.9,3.8,13.7,52.4,53.5,59.4,57.1,60.0,68.0,59.6,69.5,67.6,78.4,61.5,Intermedio
D669,20.5,3.8,12.3,69.2,65.4,61.5,65.0,67.4,75.5,84.4,73.9,66.3,76.9,49.4,Intermedio
D670,24.0,9.3,21.4,80.3,85.5,84.8,79.3,70.6,80.6,84.8,74.3,84.4,86.4,70.5,Experto
D671,18.9,1.1,8.3,36.3,21.0,38.3,48.2,49.2,46.6,57.4,54.9,33.1,75.7,58.0,Novato
D672,19.0,0.8,3.4,41.4,46.5,49.5,44.0,57.6,43.1,47.3,60.7,35.9,71.1,49.1,Novato
D673,22.9,8.2,21.5,87.2,86.6,85.4,89.2,91.3,92.5,90.8,91.8,91.3,87.7,93.2,Alto rendimiento
D674,17.0,4.7,10.6,62.5,71.5,55.4,57.7,74.0,64.7,65.4,66.4,58.3,83.0,71.5,Intermedio
D675,19.4,3.8,10.9,62.4,68.7,70.9,73.1,69.9,80.6,59.9,70.4,60.6,77.9,65.9,Intermedio
D676,20.1,6.1,6.7,47.6,72.8,69.9,61.1,58.7,62.5,75.5,88.5,65.7,75.0,58.0,Intermedio
D677,19.8,5.9,13.3,79.4,86.1,77.4,75.7,80.3,76.5,77.2,82.4,79.8,88.1,84.5,Experto
D678,20.8,5.0,13.9,67.5,73.2,45.2,62.8,63.1,66.4,69.1,72.8,73.0,86.2,69.7,Intermedio
D679,23.5,8.2,14.8,74.4,74.1,78.0,86.9,72.1,85.2,77.7,83.6,78.7,95.2,67.2,Experto
D680,20.7,4.8,7.3,56.4,54.8,73.0,60.1,75.2,76.2,74.2,72.2,59.9,85.2,60.0,Intermedio
D681,22.9,5.4,14.0,81.0,74.2,69.9,79.0,86.5,85.2,88.2,84.7,70.6,96.9,87.5,Experto
D682,17.9,2.2,5.5,44.5,43.4,40.8,46.5,41.3,36.2,54.4,53.5,53.8,75.8,41.1,Novato
D683,23.1,4.4,14.6,59.5,63.2,58.6,68.3,57.9,77.3,87.4,68.5,66.9,81.4,70.1,Intermedio
D684,20.1,5.5,10.5,52.8,64.8,59.8,56.6,64.1,72.0,71.8,62.4,61.3,84.0,59.7,Intermedio
D685,20.1,1.3,1.4,42.1,37.5,45.8,51.7,31.0,43.1,50.7,62.5,62.9,84.2,31.4,Novato
D686,23.2,9.7,23.4,93.5,88.2,90.7,97.1,88.1,81.7,94.3,89.9,98.4,92.9,91.9,Alto rendimiento
D687,24.0,7.8,27.7,92.3,94.0,86.1,93.3,81.0,90.2,92.8,92.9,87.7,88.3,93.9,Alto rendimiento
D688,19.1,3.1,10.5,71.5,59.6,72.0,56.2,56.6,70.4,73.8,65.4,57.1,91.6,64.1,Intermedio
D689,17.7,1.4,7.7,51.9,32.4,39.5,38.7,50.6,51.6,44.6,51.9,44.4,71.1,52.2,Novato
D690,18.3,0.7,7.8,30.9,47.4,56.7,51.0,67.6,48.1,51.3,58.5,51.9,74.0,48.1,Novato
D691,18.0,0.6,2.1,54.0,46.3,42.4,33.5,61.2,48.6,51.3,58.4,59.9,82.7,40.6,Novato
D692,21.1,3.8,6.5,56.9,62.4,60.7,64.5,62.9,89.1,67.6,78.2,60.2,83.5,55.5,Intermedio
D693,20.8,3.0,8.6,60.7,57.2,79.3,74.0,72.4,79.3,69.2,82.1,64.0,75.7,44.0,Intermedio
D694,25.0,6.0,15.5,69.5,88.0,79.0,83.4,77.0,84.4,87.8,86.4,80.4,85.0,80.7,Experto
D695,20.5,3.6,6.3,63.0,69.7,59.1,55.8,71.3,65.3,60.5,69.1,63.8,81.8,56.8,Intermedio
D696,22.5,6.0,15.0,81.1,71.3,87.5,75.7,77.4,87.1,89.8,82.3,82.5,87.1,79.7,Experto
D697,23.6,12.0,20.1,86.8,91.8,95.1,98.4,92.8,92.3,96.2,95.8,83.4,100.0,92.3,Alto rendimiento
D698,19.8,1.9,5.1,43.9,31.5,63.0,41.7,60.3,39.7,53.5,59.5,33.3,73.5,23.1,Novato
D699,19.9,3.8,7.3,60.2,62.7,70.2,66.6,72.6,68.4,68.0,80.2,72.8,73.8,57.9,Intermedio
D700,19.4,7.2,15.7,89.6,80.8,87.7,83.4,67.6,88.8,91.9,86.4,80.5,89.6,74.1,Experto
D701,24.2,11.8,23.4,94.1,91.5,90.6,92.3,85.3,89.7,88.8,95.5,97.6,82.9,92.0,Alto rendimiento
D702,19.8,1.0,7.3,48.3,46.5,38.8,45.1,42.7,47.2,55.8,58.2,38.9,89.6,41.0,Novato
D703,20.8,5.3,20.0,79.3,91.1,84.7,67.5,80.6,71.4,77.0,79.2,83.8,88.4,71.5,Experto
D704,18.2,2.0,5.6,35.7,38.7,48.8,47.2,59.4,53.8,46.7,67.5,57.2,87.7,50.5,Novato
D705,21.4,7.8,14.3,76.8,84.1,78.6,78.6,72.2,78.9,88.6,79.4,71.4,81.2,88.3,Experto
D706,18.1,1.3,6.8,39.1,54.9,40.4,48.2,58.5,69.9,59.9,63.0,44.4,82.7,41.2,Novato
D707,21.3,5.1,17.4,79.6,79.7,69.3,74.8,79.1,76.7,88.0,71.7,89.8,86.8,86.6,Experto
D708,24.6,10.3,12.2,94.0,91.0,92.6,93.4,76.5,87.9,82.1,93.9,98.5,85.1,94.9,Alto rendimiento
D709,21.1,2.1,10.8,67.6,63.1,59.7,67.7,55.3,78.5,69.4,85.8,72.9,77.9,68.2,Intermedio
D710,18.1,0.5,4.3,44.3,28.8,49.5,39.4,63.0,65.9,65.5,69.1,32.1,89.2,45.0,Novato
D711,22.1,6.1,11.0,50.6,62.4,70.0,62.8,56.3,77.8,71.3,70.5,66.6,82.1,69.7,Intermedio
D712,21.5,4.5,8.7,69.8,60.9,67.5,66.1,55.2,70.2,72.1,79.5,81.7,94.1,61.7,Intermedio
D713,20.0,7.1,16.6,77.2,80.0,80.2,74.5,72.0,92.0,82.9,84.3,94.1,85.3,80.3,Experto
D714,17.4,2.1,8.3,32.2,43.5,47.5,43.4,57.7,51.6,57.2,62.4,51.5,70.0,36.8,Novato
D715,20.3,6.9,16.7,76.6,80.3,80.0,72.8,67.8,89.1,84.9,84.9,84.7,85.4,80.9,Experto
D716,20.4,4.6,14.2,57.0,71.7,61.8,69.2,58.3,59.6,77.4,85.3,64.2,88.4,59.9,Intermedio
D717,18.9,1.1,4.8,41.2,34.8,55.2,39.9,60.0,47.5,50.1,64.7,60.1,85.3,30.9,Novato
D718,20.6,9.0,14.1,79.4,75.7,76.5,65.1,81.8,73.2,84.4,78.3,82.7,86.6,68.7,Experto
D719,17.5,0.2,5.4,31.1,43.2,48.9,43.7,55.3,35.2,46.0,64.9,63.1,72.5,57.8,Novato
D720,19.9,1.7,6.5,39.0,39.1,58.8,49.5,56.4,63.4,51.0,53.9,48.9,80.7,39.0,Novato
D721,19.3,4.6,6.5,57.4,63.6,80.1,65.0,55.4,55.3,57.9,75.8,62.0,77.6,60.1,Intermedio
D722,20.7,4.0,18.7,79.2,87.2,84.0,71.7,68.8,88.2,86.0,86.5,65.1,85.0,86.1,Experto
D723,19.6,7.8,17.7,67.1,80.0,75.4,76.7,78.7,75.6,85.2,82.8,71.3,79.6,83.7,Experto
D724,18.4,1.3,8.0,46.2,51.0,48.4,34.6,46.3,38.4,47.6,67.1,54.9,78.1,50.9,Novato
D725,22.7,5.5,19.1,67.4,76.2,81.9,77.8,81.1,84.5,85.7,90.8,78.1,93.6,85.3,Experto
D726,23.2,7.6,11.5,80.8,80.6,81.2,77.3,91.8,91.0,81.0,75.9,69.2,91.6,74.7,Experto
D727,19.2,0.9,6.3,42.2,40.1,53.1,51.5,51.3,56.4,52.6,49.5,54.3,79.4,32.9,Novato
D728,23.3,10.2,21.7,95.9,92.0,86.9,92.6,90.2,93.3,91.2,93.9,90.8,83.3,81.6,Alto rendimiento
D729,21.0,1.1,5.7,37.9,43.0,55.8,48.9,36.4,67.6,53.5,54.4,46.7,75.5,40.2,Novato
D730,19.6,1.2,6.4,46.0,59.5,37.0,48.0,57.5,53.3,47.5,53.0,43.0,80.4,29.7,Novato
D731,21.4,4.3,5.6,51.2,80.4,66.7,67.3,81.9,59.6,62.5,69.4,63.2,84.8,69.3,Intermedio
D732,24.6,7.7,17.5,73.7,93.4,84.4,70.4,74.7,87.7,79.9,95.5,76.5,82.7,82.0,Experto
D733,17.3,1.7,5.5,48.4,46.2,46.1,57.1,45.5,59.2,57.2,60.3,48.7,73.2,45.1,Novato
D734,18.7,1.7,11.2,51.7,73.6,59.8,65.0,58.4,69.4,75.5,79.0,62.0,79.0,43.5,Intermedio
D735,21.8,3.0,10.6,69.0,77.5,54.9,60.0,59.0,57.0,70.2,69.8,63.9,78.0,63.6,Intermedio
D736,21.9,6.8,15.5,82.1,81.8,76.7,78.4,73.1,75.1,81.9,79.3,79.5,86.1,73.5,Experto
D737,22.2,4.9,16.4,69.5,75.7,76.7,93.3,66.5,81.3,77.2,92.9,92.5,84.3,90.0,Experto
D738,18.8,0.8,4.3,30.9,40.8,42.3,45.2,49.0,58.5,64.2,75.6,55.7,73.9,31.9,Novato
D739,18.3,1.3,3.2,39.2,43.2,38.1,54.1,29.3,60.5,72.7,59.5,46.4,78.2,41.0,Novato
D740,20.6,3.7,7.8,67.8,56.5,63.6,68.7,72.8,68.1,76.4,70.8,72.2,83.7,67.9,Intermedio
D741,22.5,7.3,15.0,73.6,78.3,75.1,92.0,71.9,80.4,85.9,81.2,71.6,88.0,80.2,Experto
D742,20.8,4.0,16.7,65.4,52.2,62.6,69.1,65.6,67.1,56.4,72.0,72.8,87.2,58.9,Intermedio
D743,21.7,3.6,10.8,63.6,62.6,55.5,58.0,54.4,64.9,72.8,78.2,51.8,73.5,64.9,Intermedio
D744,20.9,3.3,6.5,55.1,56.8,59.2,76.0,63.6,69.9,61.9,78.5,63.9,83.1,62.8,Intermedio
D745,20.5,6.4,17.8,66.0,76.0,75.8,75.8,77.7,75.3,82.5,82.9,80.4,98.6,80.8,Experto
D746,21.3,5.2,5.3,63.4,62.6,55.3,66.6,62.3,55.0,80.1,75.4,69.1,84.6,57.5,Intermedio
D747,23.2,6.1,19.4,70.7,86.3,75.6,80.1,76.7,93.0,79.1,87.8,74.8,97.5,81.1,Experto
D748,25.0,12.0,18.1,95.1,91.4,89.8,87.9,75.5,96.1,97.6,95.5,86.6,81.8,91.1,Alto rendimiento
D749,22.2,8.8,25.5,99.4,92.4,91.5,93.8,89.6,96.9,93.1,87.4,89.3,78.7,87.2,Alto rendimiento
D750,20.7,6.9,17.1,73.9,78.5,82.5,83.0,73.1,74.2,77.3,69.5,97.4,77.9,76.9,Experto
D751,19.3,0.3,6.2,48.0,56.6,52.4,31.0,49.8,61.3,52.0,65.7,50.8,81.2,57.1,Novato
D752,20.4,4.7,11.3,63.3,59.7,53.8,77.9,73.0,62.0,55.5,71.2,64.4,81.0,69.2,Intermedio
D753,18.2,1.0,6.7,44.8,43.6,44.2,41.7,57.8,46.2,40.6,49.1,46.0,81.4,39.1,Novato
D754,20.0,5.2,16.0,79.3,99.3,88.8,85.3,74.3,88.1,92.3,87.5,78.5,77.7,77.2,Experto
D755,19.2,3.2,12.2,64.3,56.1,39.4,73.9,70.4,71.4,79.7,69.5,68.5,78.5,67.4,Intermedio
D756,20.8,6.7,18.8,76.2,75.8,73.9,75.7,86.8,76.4,81.9,88.0,80.6,79.6,77.4,Experto
D757,19.0,0.3,6.3,34.7,59.6,47.1,48.5,38.1,54.4,66.8,64.1,45.9,78.0,40.7,Novato
D758,21.9,6.0,12.1,85.9,81.0,91.6,83.4,87.1,83.1,84.0,88.7,84.5,90.0,87.1,Experto
D759,21.4,1.9,7.4,61.0,67.7,69.0,56.1,77.6,73.2,66.3,54.3,53.9,78.4,58.2,Intermedio
D760,23.0,8.4,20.0,75.8,88.5,67.7,66.2,66.4,83.2,83.2,86.0,73.9,83.2,81.4,Experto
D761,19.7,4.8,11.2,52.5,59.8,65.3,60.2,71.4,61.2,63.7,69.9,70.8,87.6,73.1,Intermedio
D762,19.8,2.4,10.3,52.1,69.6,67.7,64.7,48.4,62.1,74.5,74.3,71.8,76.4,70.8,Intermedio
D763,20.4,3.4,7.8,58.0,71.0,71.3,70.4,51.3,68.2,76.7,71.0,65.1,91.8,75.6,Intermedio
D764,21.6,9.6,22.9,92.7,85.7,100.0,95.6,82.7,92.1,96.3,94.1,93.5,92.4,99.9,Alto rendimiento
D765,23.1,6.7,15.8,81.1,81.7,78.1,88.6,69.6,97.9,79.9,84.1,87.6,85.9,74.9,Experto
D766,21.5,3.6,9.8,64.0,62.8,62.8,62.1,67.3,66.1,69.7,77.5,59.6,81.3,65.2,Intermedio
D767,18.9,0.0,5.1,36.5,40.3,41.9,43.1,41.5,52.3,55.7,71.3,38.3,79.3,30.1,Novato
D768,21.5,6.0,26.2,89.0,89.7,90.9,87.3,87.0,93.0,90.9,96.0,94.9,88.8,93.6,Alto rendimiento
D769,17.5,1.5,4.2,33.2,41.2,44.5,53.5,52.3,40.7,53.8,74.1,55.6,79.1,44.0,Novato
D770,20.8,9.2,18.5,80.2,79.7,83.2,75.5,78.2,80.4,71.4,82.9,72.3,83.3,83.3,Experto
D771,21.5,9.1,18.9,95.0,97.7,95.6,98.0,84.0,97.1,100.0,94.2,87.6,84.3,93.7,Alto rendimiento
D772,17.0,2.2,6.5,45.7,56.7,52.6,36.0,43.2,55.9,62.1,60.9,48.1,71.5,31.3,Novato
D773,17.7,0.8,4.8,26.8,47.9,61.4,54.9,57.6,52.5,57.4,68.0,32.7,82.2,40.8,Novato
D774,21.4,4.5,14.5,80.4,78.2,75.0,82.2,72.9,74.7,97.7,81.5,87.9,79.9,82.1,Experto
D775,22.1,8.4,16.1,78.8,76.4,86.4,70.8,74.7,83.4,91.3,75.7,72.3,88.9,77.0,Experto
D776,22.2,3.4,5.4,69.9,70.9,55.3,59.6,56.7,67.2,71.0,83.4,52.5,82.0,54.6,Intermedio
D777,19.4,0.7,4.7,49.0,36.8,54.0,50.0,51.6,38.8,54.4,42.4,44.7,79.2,32.2,Novato
D778,17.3,0.5,6.0,48.7,46.1,52.5,57.1,31.7,49.7,59.2,64.7,55.5,81.4,42.2,Novato
D779,21.8,9.9,18.0,95.4,93.8,94.4,96.0,84.0,95.6,93.0,89.4,88.7,87.0,87.9,Alto rendimiento
D780,22.9,4.6,22.7,76.4,77.6,77.4,86.2,83.1,93.9,76.9,85.8,82.4,87.0,74.0,Experto
D781,21.3,5.7,17.1,74.8,76.8,86.3,69.9,71.5,87.2,80.1,82.1,81.8,87.7,81.5,Experto
D782,20.2,3.4,11.9,57.4,65.2,64.9,74.5,53.5,62.7,61.5,79.0,71.2,75.8,59.2,Intermedio
D783,20.0,2.0,4.0,37.5,52.6,45.8,43.2,48.0,52.4,44.3,46.9,43.4,74.5,39.2,Novato
D784,18.7,1.2,8.0,42.6,32.1,43.6,44.6,45.7,51.9,55.9,59.8,50.2,87.1,33.8,Novato
D785,19.7,2.8,11.6,51.9,65.3,55.4,61.3,71.7,68.9,75.9,71.2,73.4,92.7,61.8,Intermedio
D786,24.4,7.7,15.8,91.8,92.2,96.2,94.8,83.1,89.3,100.0,99.0,92.2,89.5,91.3,Alto rendimiento
D787,21.5,6.1,21.7,86.7,94.5,93.5,92.9,85.0,95.1,93.7,90.4,87.5,91.8,100.0,Alto rendimiento
D788,21.9,7.7,15.5,70.1,75.0,86.5,85.3,74.8,80.6,76.5,83.2,71.8,81.4,81.6,Experto
D789,19.3,1.1,6.0,53.7,47.8,50.4,44.4,35.7,37.8,66.6,67.6,54.6,84.7,45.6,Novato
D790,20.6,1.8,6.4,57.1,65.4,60.0,62.7,73.0,71.7,71.8,62.6,78.9,77.8,69.5,Intermedio
D791,19.9,0.1,4.3,43.9,38.3,48.8,36.2,54.9,41.8,46.5,51.4,36.6,73.1,46.7,Novato
D792,18.5,1.1,2.5,50.8,56.7,36.8,40.0,54.1,52.3,50.2,64.8,37.1,82.7,28.1,Novato
D793,22.4,7.8,15.3,77.7,71.1,93.9,78.5,67.8,78.6,83.2,87.8,82.2,87.4,82.7,Experto
D794,20.1,3.6,4.2,68.4,56.4,64.6,68.7,55.4,62.3,60.3,64.3,84.5,90.2,74.0,Intermedio
D795,19.5,4.2,9.4,63.7,62.3,61.3,61.2,77.8,67.9,68.9,71.0,72.9,81.9,50.8,Intermedio
D796,18.2,2.0,6.2,31.7,36.8,60.2,41.8,41.2,52.6,63.9,51.4,53.6,79.6,35.9,Novato
D797,20.4,4.1,4.8,60.7,62.4,61.7,63.6,54.5,70.3,70.4,75.1,56.1,79.0,60.9,Intermedio
D798,18.5,3.8,7.0,47.7,58.2,57.0,77.7,73.5,69.6,69.7,74.9,62.0,86.2,60.5,Intermedio
D799,19.9,4.0,6.8,59.4,60.2,61.2,70.5,64.4,82.5,91.4,82.4,67.1,76.7,57.5,Intermedio
D800,20.3,2.9,12.7,63.1,64.1,69.4,51.7,55.3,71.5,67.3,66.7,53.5,84.2,66.3,Intermedio
D801,19.3,2.6,14.2,45.3,60.5,53.7,54.5,58.2,76.0,62.3,68.8,63.8,78.4,59.1,Intermedio
D802,20.7,3.2,9.6,75.1,76.3,57.2,69.7,58.8,82.6,81.0,60.2,74.8,80.0,74.7,Intermedio
D803,19.3,2.3,4.4,41.9,48.3,34.8,48.3,53.1,46.4,32.4,59.9,59.8,79.6,42.1,Novato
D804,21.6,7.5,14.8,72.9,79.4,89.0,76.3,70.4,92.6,86.8,75.5,86.6,86.9,85.2,Experto
D805,20.6,8.0,30.0,92.1,88.5,98.2,93.4,72.7,93.6,92.6,98.5,95.7,94.3,97.4,Alto rendimiento
D806,20.9,4.2,7.5,64.9,58.9,81.4,61.2,52.8,54.6,62.1,65.2,63.1,79.9,60.0,Intermedio
D807,18.9,0.8,4.9,51.2,38.1,43.6,39.8,59.9,54.7,56.6,47.6,52.9,83.5,34.1,Novato
D808,21.7,6.9,18.9,89.1,93.6,90.2,100.0,82.3,93.2,92.6,92.2,82.0,88.0,96.1,Alto rendimiento
D809,20.7,3.8,13.0,60.6,65.9,60.5,67.1,68.5,70.4,79.5,83.6,57.6,86.5,58.5,Intermedio
D810,20.9,4.5,17.2,69.9,88.8,83.8,82.7,71.9,91.7,78.1,81.7,73.0,83.7,74.6,Experto
D811,21.2,6.1,19.3,87.0,78.1,89.7,84.6,78.8,87.7,93.9,80.2,88.5,89.3,83.6,Experto
D812,20.6,3.9,12.6,67.5,75.3,59.6,55.4,50.4,61.9,71.1,70.3,61.0,87.0,49.9,Intermedio
D813,17.0,1.3,7.7,47.0,42.1,47.7,50.6,49.1,45.8,61.2,42.7,52.9,79.4,38.8,Novato
D814,23.7,9.9,20.5,83.1,89.0,92.7,91.2,88.4,96.0,97.4,91.0,87.7,94.2,98.0,Alto rendimiento
D815,19.1,1.8,6.1,57.0,65.5,42.1,51.6,26.4,51.4,58.9,41.2,65.5,77.1,49.9,Novato
D816,17.0,2.4,13.6,62.1,67.4,67.4,64.9,82.0,72.6,75.0,63.5,77.2,88.5,42.3,Intermedio
D817,18.9,1.1,3.6,56.0,38.2,49.4,35.0,45.8,44.6,62.6,61.4,37.3,78.8,49.8,Novato
D818,17.5,0.6,4.7,44.9,45.1,57.8,39.7,58.5,55.5,65.7,65.1,49.5,76.6,49.3,Novato
D819,22.7,8.2,15.9,70.1,79.5,85.7,75.2,75.6,91.7,77.6,86.6,74.8,83.5,79.4,Experto
D820,20.9,2.2,10.4,74.2,74.8,67.6,65.3,35.9,48.7,70.1,67.9,43.0,84.9,66.7,Intermedio
D821,18.7,0.7,3.5,52.4,48.5,43.2,38.2,37.7,55.3,60.3,58.8,41.9,72.5,40.5,Novato
D822,18.4,1.5,3.4,44.5,62.5,50.1,38.2,41.0,45.7,48.5,61.2,56.6,73.9,55.3,Novato
D823,21.3,9.2,23.5,70.1,89.9,74.5,79.9,69.7,86.9,80.1,86.2,77.5,82.0,76.4,Experto
D824,25.0,8.0,28.3,86.3,91.5,93.1,93.9,83.5,94.1,97.7,91.4,95.3,84.9,83.3,Alto rendimiento
D825,20.1,0.0,6.3,36.6,39.7,54.1,53.7,52.2,48.0,71.6,73.1,35.5,84.9,23.6,Novato
D826,21.9,7.9,12.8,74.9,68.1,78.6,90.7,76.6,79.8,72.3,90.4,82.0,74.4,84.0,Experto
D827,18.9,0.1,3.1,28.2,36.2,44.6,52.4,43.6,44.9,63.9,53.3,38.8,81.3,51.0,Novato
D828,22.6,8.0,21.4,74.9,82.0,79.0,81.2,84.3,81.1,88.9,90.3,83.6,90.9,83.3,Experto
D829,19.3,2.9,10.0,64.8,74.5,61.5,64.2,57.5,65.9,77.8,70.6,66.0,90.8,54.4,Intermedio
D830,23.8,10.2,28.1,89.2,85.7,98.7,84.1,84.4,90.1,96.1,87.2,83.7,81.8,94.5,Alto rendimiento
D831,18.1,1.8,13.7,68.0,66.6,47.4,51.4,53.7,58.2,72.8,69.1,68.9,78.2,47.2,Intermedio
D832,20.4,9.4,29.6,93.7,89.7,93.5,92.8,85.3,89.0,93.0,92.3,88.7,80.5,92.6,Alto rendimiento
D833,18.8,2.7,8.6,72.6,78.2,70.3,68.3,67.8,73.7,70.2,78.5,77.4,81.3,69.9,Intermedio
D834,21.4,5.0,14.8,67.8,57.5,62.5,74.7,49.7,67.8,76.3,73.1,55.8,79.2,72.0,Intermedio
D835,21.7,1.8,9.3,51.7,63.9,57.0,64.7,55.5,74.0,65.7,66.6,58.1,75.1,53.3,Intermedio
D836,17.4,0.8,2.4,35.6,51.3,54.7,32.8,60.4,53.4,58.9,75.5,53.8,70.0,40.4,Novato
D837,19.0,1.1,4.8,29.0,54.9,37.6,40.0,46.6,50.6,54.1,45.5,44.9,75.7,38.0,Novato
D838,18.8,1.0,6.6,48.4,38.0,44.2,35.6,50.0,45.9,58.8,42.5,35.7,77.6,47.0,Novato
D839,24.5,8.2,20.6,90.4,89.4,88.1,90.8,85.1,85.1,100.0,93.5,89.8,85.0,92.1,Alto rendimiento
D840,18.5,3.4,11.5,57.9,63.0,60.6,54.9,65.0,79.2,67.4,75.9,63.8,86.2,58.7,Intermedio
D841,21.8,8.7,18.1,71.4,80.4,78.1,80.3,80.3,84.1,84.5,81.8,84.7,86.0,80.9,Experto
D842,19.8,3.5,8.5,46.4,66.5,73.3,70.1,64.2,71.1,73.0,80.9,58.3,86.7,69.2,Intermedio
D843,19.2,3.2,1.8,51.4,58.8,60.2,61.5,68.6,71.1,59.9,73.2,62.2,82.7,64.9,Intermedio
D844,20.6,4.1,11.3,68.7,67.4,59.8,71.9,64.5,74.6,72.4,75.1,69.5,76.3,59.4,Intermedio
D845,21.8,11.7,30.0,85.9,92.0,87.2,82.3,88.5,85.7,96.3,90.5,88.0,86.0,98.4,Alto rendimiento
D846,20.5,4.1,16.2,75.2,79.1,79.9,99.6,68.0,76.6,83.0,95.1,98.2,85.6,90.1,Experto
D847,17.0,0.9,2.8,53.7,46.1,55.9,28.3,61.7,61.8,57.9,53.6,45.2,83.7,31.9,Novato
D848,19.3,1.2,4.3,40.7,59.6,36.2,49.9,40.0,54.3,54.5,50.7,46.1,79.3,43.9,Novato
D849,17.9,0.5,3.6,44.4,38.3,47.0,42.2,64.0,55.5,57.3,66.6,49.8,78.5,41.6,Novato
D850,18.9,3.8,9.8,67.4,70.0,74.7,63.8,74.2,62.4,74.6,73.9,52.5,96.4,65.7,Intermedio
D851,19.9,3.4,11.4,76.1,65.6,72.5,63.6,81.0,58.9,90.7,73.6,61.6,80.6,66.1,Intermedio
D852,22.9,6.4,16.8,85.4,77.6,90.2,76.5,83.7,84.2,88.3,100.0,71.0,85.6,76.3,Experto
D853,22.5,7.2,14.2,71.3,82.8,82.9,70.0,81.2,84.8,85.2,84.6,76.9,81.7,81.7,Experto
D854,19.0,0.0,3.5,49.1,50.2,38.5,40.0,43.3,56.3,49.0,54.1,61.2,75.7,36.3,Novato
D855,21.9,11.3,21.2,89.8,95.4,89.3,93.4,83.2,89.5,89.5,88.2,91.9,92.4,82.2,Alto rendimiento
D856,22.3,3.3,11.4,61.3,66.9,55.0,60.0,57.2,62.2,69.5,80.8,76.0,82.3,57.6,Intermedio
D857,20.3,3.5,8.0,60.1,63.6,67.2,53.9,58.8,87.6,68.5,72.5,65.4,87.1,57.3,Intermedio
D858,18.7,4.0,10.1,64.5,57.5,73.6,67.8,65.2,75.4,84.6,87.1,58.3,81.7,63.7,Intermedio
D859,20.2,3.8,13.4,57.9,65.6,69.1,63.4,55.0,66.2,89.0,89.0,56.8,82.3,62.3,Intermedio
D860,23.9,6.0,18.2,73.3,81.1,80.4,87.7,73.4,87.3,76.9,80.8,83.8,92.5,84.4,Experto
D861,21.1,8.6,19.5,79.4,94.8,76.0,88.8,65.9,70.3,84.8,82.0,93.9,86.4,73.9,Experto
D862,21.2,11.6,30.0,94.4,88.8,97.5,87.6,77.1,92.0,91.8,94.8,83.9,83.9,94.6,Alto rendimiento
D863,21.3,3.8,19.2,84.8,82.3,93.9,94.9,79.7,85.0,78.5,87.5,78.8,79.4,70.5,Experto
D864,22.1,5.2,15.5,64.8,74.1,86.1,76.9,82.3,80.5,72.8,86.4,89.0,91.0,87.0,Experto
D865,18.1,0.0,6.5,28.3,36.7,40.8,40.8,61.5,60.9,42.6,70.0,34.8,84.3,39.6,Novato
D866,22.6,8.1,19.7,81.7,85.4,83.3,69.8,85.0,92.2,86.1,79.4,85.7,87.9,73.0,Experto
D867,22.8,4.9,12.9,77.1,85.9,85.1,82.5,77.7,86.9,93.0,83.9,83.7,86.7,75.2,Experto
D868,18.3,1.7,4.6,41.6,46.1,51.7,46.3,40.0,36.3,59.9,57.9,44.5,75.9,50.1,Novato
D869,21.1,6.6,16.5,80.1,60.5,88.7,76.2,78.8,83.2,75.7,82.2,88.6,88.0,86.7,Experto
D870,23.8,3.9,8.9,57.4,63.6,67.2,59.8,78.3,64.0,65.1,73.2,67.7,75.4,62.9,Intermedio
D871,17.8,1.1,4.2,55.2,48.5,48.0,41.2,35.5,58.1,46.1,49.1,50.4,82.2,32.2,Novato
D872,18.2,4.8,7.6,59.1,70.0,72.0,48.2,55.8,69.6,74.7,83.0,70.3,81.3,55.1,Intermedio
D873,23.6,4.1,13.0,72.5,62.9,59.6,56.6,62.9,80.8,69.0,66.2,60.7,88.9,68.1,Intermedio
D874,17.7,0.0,3.8,33.4,45.2,62.0,52.2,32.9,46.5,55.1,69.0,59.3,89.4,34.3,Novato
D875,19.2,0.3,7.2,30.0,41.5,40.3,49.9,36.0,48.1,54.0,52.0,56.0,74.9,32.9,Novato
D876,20.9,2.5,7.2,67.6,50.5,65.9,68.6,53.9,80.1,71.4,72.3,49.5,77.3,69.1,Intermedio
D877,20.2,3.5,3.3,62.1,66.9,54.0,57.7,63.8,79.3,59.7,69.0,67.2,76.6,68.2,Intermedio
D878,18.9,3.4,10.4,65.5,64.3,62.0,60.3,62.2,57.4,66.2,69.9,66.0,75.6,64.2,Intermedio
D879,22.6,1.8,8.6,59.3,72.6,66.9,70.3,63.7,76.8,75.8,69.6,72.1,76.9,71.2,Intermedio
D880,20.7,5.5,17.5,89.6,84.8,91.4,77.7,78.2,75.4,78.5,81.8,65.3,94.2,73.6,Experto
D881,21.6,7.8,19.1,80.2,77.1,82.0,77.8,74.7,81.1,85.7,87.3,78.0,86.7,71.5,Experto
D882,18.5,8.0,15.4,69.7,77.3,79.3,73.5,71.1,79.9,100.0,85.3,79.0,86.6,69.8,Experto
D883,18.5,0.2,2.3,40.3,38.8,47.6,31.9,48.9,39.4,33.1,46.1,35.2,80.2,41.3,Novato
D884,20.6,3.5,3.0,51.0,63.6,70.1,72.0,59.8,69.2,65.7,85.6,62.4,80.7,65.5,Intermedio
D885,20.3,5.9,6.9,50.4,60.4,67.5,66.4,76.4,71.3,54.6,72.2,66.4,82.6,55.0,Intermedio
D886,19.2,9.4,15.9,77.0,77.0,82.4,78.0,84.3,95.7,90.7,81.2,75.5,78.2,81.4,Experto
D887,23.9,10.7,28.0,90.7,95.5,93.2,93.5,80.4,92.4,92.0,95.0,93.7,81.4,94.2,Alto rendimiento
D888,20.8,4.1,15.0,59.4,70.1,70.8,67.1,62.5,64.7,83.0,64.3,66.3,84.6,72.9,Intermedio
D889,19.9,4.3,12.7,42.4,61.1,69.2,67.0,67.1,67.1,74.0,73.7,73.4,81.5,59.1,Intermedio
D890,23.0,7.9,20.4,95.6,76.3,69.6,91.1,83.2,83.6,79.4,87.9,79.3,94.2,72.2,Experto
D891,25.0,4.4,14.5,82.1,72.9,68.7,83.7,77.1,81.4,78.0,76.8,75.5,88.2,81.2,Experto
D892,20.8,3.9,7.1,61.5,52.3,66.7,65.4,69.0,62.4,76.6,62.2,74.7,81.5,62.7,Intermedio
D893,19.7,5.3,14.1,76.7,66.5,73.8,63.3,68.2,74.4,67.0,82.6,61.2,86.8,51.7,Intermedio
D894,18.7,0.9,6.3,43.9,44.7,34.6,43.4,48.2,37.6,53.9,65.0,52.4,74.3,50.5,Novato
D895,22.0,1.7,6.3,32.0,48.6,36.7,50.6,46.3,53.2,46.7,59.8,46.4,87.7,38.1,Novato
D896,20.8,0.9,8.3,35.6,57.0,57.9,52.9,49.5,47.7,50.4,48.2,28.9,77.2,50.6,Novato
D897,17.6,0.8,4.8,54.4,37.2,22.7,36.7,38.8,58.7,40.4,64.0,65.2,80.2,41.6,Novato
D898,21.9,6.9,20.9,76.8,74.2,83.8,82.9,74.1,71.3,82.6,93.9,78.6,87.6,76.9,Experto
D899,20.7,3.5,8.3,76.0,66.7,66.9,74.1,66.3,70.5,65.5,55.5,75.0,84.8,60.4,Intermedio
D900,19.6,0.9,6.3,44.9,48.4,44.1,43.1,42.7,46.7,58.4,56.7,54.4,71.4,45.6,Novato
D901,21.8,6.8,20.3,77.3,77.4,80.5,84.3,71.9,79.7,88.5,88.8,79.6,76.8,77.5,Experto
D902,18.5,0.8,2.3,35.5,34.0,54.7,52.2,53.2,55.4,49.9,37.8,52.3,80.0,36.8,Novato
D903,17.0,0.2,2.0,45.8,63.1,29.5,39.3,42.7,53.1,60.3,60.9,44.8,77.1,41.9,Novato
D904,17.9,0.3,3.5,38.2,41.6,47.1,59.3,62.8,47.8,47.9,54.0,41.0,83.3,41.9,Novato
D905,21.4,6.9,30.0,99.0,93.6,86.3,89.5,86.7,91.7,96.6,91.6,90.2,89.8,86.3,Alto rendimiento
D906,18.9,1.8,6.4,42.6,34.8,43.7,31.1,54.4,65.9,43.8,52.0,46.7,85.6,45.1,Novato
D907,23.2,6.1,19.8,80.6,80.4,78.6,76.4,67.9,88.2,78.3,77.1,83.2,85.1,65.0,Experto
D908,23.7,7.1,22.0,94.7,86.1,90.2,87.8,95.2,91.4,98.1,98.2,100.0,80.3,95.6,Alto rendimiento
D909,21.8,9.8,14.4,87.3,75.3,77.7,82.3,76.1,82.0,84.9,87.7,79.0,85.7,81.2,Experto
D910,22.4,7.0,19.2,74.1,77.5,69.5,80.2,88.2,89.0,80.3,84.0,88.0,80.8,83.8,Experto
D911,17.7,1.5,5.0,49.8,52.1,45.5,45.1,41.4,45.9,55.4,57.4,45.7,75.9,50.0,Novato
D912,22.3,7.0,15.8,80.4,73.9,82.9,84.4,85.6,82.6,87.2,70.6,73.5,91.1,79.2,Experto
D913,20.2,6.4,16.3,84.2,70.3,89.7,69.0,85.7,82.2,80.3,83.5,87.6,88.5,76.8,Experto
D914,21.7,4.1,9.4,58.6,76.0,77.6,66.7,59.7,62.1,83.8,63.0,67.7,80.7,67.9,Intermedio
D915,22.7,5.9,16.6,85.2,76.7,79.1,83.4,86.2,76.8,85.4,85.3,73.5,87.2,83.4,Experto
D916,21.4,7.4,16.3,72.3,82.6,81.5,72.8,78.5,86.5,88.3,94.5,89.2,81.6,88.3,Experto
D917,21.1,7.8,16.9,78.4,86.5,81.8,78.0,81.1,80.6,81.9,96.6,81.7,86.6,72.7,Experto
D918,20.8,6.1,24.4,81.4,72.1,89.0,86.0,78.3,72.0,89.0,74.8,73.7,86.4,80.6,Experto
D919,20.5,2.5,7.7,64.9,50.3,65.4,58.2,65.4,63.6,79.4,69.1,64.5,77.7,60.6,Intermedio
D920,21.9,3.0,15.3,71.8,66.1,72.2,64.3,61.8,67.5,70.3,74.9,68.9,91.1,61.6,Intermedio
D921,19.9,4.1,9.5,55.6,61.4,62.3,61.3,69.8,67.8,74.6,65.0,58.0,89.0,70.8,Intermedio
D922,18.5,2.3,6.1,37.2,52.3,36.6,37.2,50.6,54.8,40.9,52.1,39.5,76.5,34.9,Novato
D923,21.0,4.6,11.9,65.3,60.8,73.4,56.2,64.4,81.9,67.6,68.3,67.8,81.6,66.9,Intermedio
D924,19.2,3.1,10.1,54.8,63.8,67.9,54.7,61.6,68.2,69.5,66.9,73.0,80.0,60.9,Intermedio
D925,18.8,1.6,5.0,45.6,39.4,38.6,38.4,50.0,66.5,49.1,61.9,57.3,80.1,51.7,Novato
D926,17.4,0.4,2.8,44.9,39.8,34.9,51.3,64.3,61.1,53.6,66.7,50.7,79.2,55.0,Novato
D927,21.3,4.9,11.4,66.0,50.6,52.3,55.5,54.5,64.5,70.6,63.2,69.7,89.5,59.7,Intermedio
D928,19.2,0.3,6.1,41.0,39.2,33.7,41.7,41.6,50.9,45.2,49.3,52.2,79.9,42.6,Novato
D929,21.8,7.9,22.6,87.2,97.9,91.8,86.6,82.6,91.1,88.7,88.9,85.8,86.2,88.5,Alto rendimiento
D930,18.7,5.6,15.1,74.8,69.5,67.5,53.1,52.0,67.9,72.3,66.4,57.4,83.4,61.7,Intermedio
D931,20.5,4.9,8.4,68.3,65.0,59.8,63.2,50.1,69.4,68.4,82.5,63.4,86.2,61.9,Intermedio
D932,17.4,0.9,6.7,52.1,42.8,53.9,34.4,50.1,56.7,60.0,52.8,42.7,86.3,46.8,Novato
D933,21.5,2.7,9.1,57.5,60.4,67.1,70.1,63.6,63.5,77.2,59.8,55.7,85.6,63.0,Intermedio
D934,18.4,1.2,3.5,33.3,43.5,45.1,43.1,48.0,43.3,57.4,61.1,69.9,80.0,35.3,Novato
D935,18.5,1.0,6.3,46.6,68.2,38.1,27.3,36.1,53.0,43.3,58.9,65.0,76.4,54.0,Novato
D936,20.5,4.1,11.7,53.8,62.3,75.7,65.5,69.1,72.5,63.4,71.9,57.6,81.8,65.9,Intermedio
D937,22.2,8.2,18.4,75.2,76.9,73.3,84.2,66.8,84.7,89.4,81.2,68.3,84.1,79.9,Experto
D938,19.4,2.5,14.0,68.4,67.7,66.8,69.1,53.7,73.5,71.2,66.8,56.8,85.7,55.4,Intermedio
D939,17.8,1.5,7.0,39.8,42.8,37.2,32.7,31.7,56.1,59.3,51.5,66.1,83.4,50.1,Novato
D940,19.0,0.4,4.6,40.9,22.1,49.8,48.8,71.8,50.8,41.7,72.8,58.5,76.7,38.7,Novato
D941,22.0,5.7,17.1,76.9,78.9,89.2,79.7,77.9,86.1,71.5,88.1,63.7,81.7,90.6,Experto
D942,22.5,4.8,15.1,81.7,87.9,85.3,78.1,62.0,79.3,81.1,92.6,75.0,81.0,88.0,Experto
D943,20.4,8.4,18.8,71.4,81.3,72.7,71.1,81.6,82.6,82.8,86.4,80.2,87.5,79.7,Experto
D944,21.4,4.2,9.2,61.8,63.7,68.4,58.4,59.9,63.2,68.1,68.4,58.5,88.0,67.5,Intermedio
D945,20.1,2.6,11.0,72.4,70.6,62.6,65.4,69.5,71.9,68.4,71.3,71.9,76.7,61.5,Intermedio
D946,22.5,3.3,18.6,76.3,78.9,75.5,75.8,71.4,81.7,74.1,77.6,76.8,91.4,77.1,Experto
D947,19.8,3.3,4.9,65.9,65.0,60.1,62.4,64.1,70.6,65.4,67.7,58.3,76.1,60.9,Intermedio
D948,21.0,7.3,14.7,75.5,83.1,87.2,77.9,85.5,79.7,87.4,89.1,70.6,92.9,75.8,Experto
D949,19.8,2.5,12.8,61.7,60.8,71.3,51.5,70.6,71.3,70.3,72.2,63.5,75.7,62.7,Intermedio
D950,19.2,4.5,8.6,68.0,56.3,57.3,53.1,57.1,64.6,69.3,63.0,73.9,73.6,59.4,Intermedio
D951,18.8,1.0,1.3,47.6,58.0,46.7,40.3,48.4,43.9,45.7,63.9,61.1,75.0,45.2,Novato
D952,18.3,1.5,3.4,27.7,43.7,55.2,31.9,39.2,49.9,57.9,57.7,55.3,73.2,42.1,Novato
D953,20.0,5.0,11.7,86.7,84.0,75.1,72.7,85.6,78.0,83.3,97.8,96.1,90.1,72.6,Experto
D954,18.2,2.4,8.4,62.6,72.5,57.3,63.8,62.9,64.5,74.0,67.6,52.1,79.1,61.8,Intermedio
D955,24.2,10.2,26.3,92.7,88.0,91.8,91.6,74.8,91.3,95.6,94.8,97.1,91.1,99.1,Alto rendimiento
D956,18.2,4.2,10.2,61.6,61.3,62.9,60.2,65.6,70.0,56.4,56.2,70.3,78.6,61.2,Intermedio
D957,18.2,1.6,7.6,33.1,48.6,37.1,58.6,53.7,42.0,45.8,47.1,43.5,78.3,47.3,Novato
D958,21.1,3.4,9.1,53.3,62.6,57.4,69.9,72.7,74.4,69.2,79.4,59.8,91.0,66.0,Intermedio
D959,20.0,3.3,11.7,67.8,53.0,73.9,51.4,65.6,58.6,75.1,72.2,81.5,87.0,53.7,Intermedio
D960,21.1,3.3,8.9,61.3,60.5,53.7,64.9,51.9,76.0,77.2,65.5,48.9,80.2,58.6,Intermedio
D961,17.0,1.3,3.6,46.8,34.4,47.6,51.0,46.8,51.4,51.8,52.4,65.2,81.5,43.9,Novato
D962,23.9,5.3,17.5,72.4,81.6,80.2,79.5,67.4,77.3,80.1,71.1,77.1,85.7,75.8,Experto
D963,20.3,5.2,7.3,63.3,55.7,51.7,61.0,65.5,85.5,64.3,70.2,60.2,92.6,69.0,Intermedio
D964,20.1,3.0,15.6,54.4,55.1,56.1,44.1,63.2,64.0,63.0,82.3,61.7,84.5,64.3,Intermedio
D965,19.9,5.2,9.6,54.0,65.9,67.9,72.2,74.1,69.4,63.6,79.5,55.2,86.5,63.8,Intermedio
D966,21.4,2.6,11.5,58.6,62.5,80.6,73.9,63.2,73.6,65.9,73.3,49.3,77.2,61.4,Intermedio
D967,18.7,2.2,17.1,64.2,61.2,63.1,70.3,62.9,67.0,63.8,69.5,64.3,90.4,72.7,Intermedio
D968,21.9,3.2,10.6,47.1,65.5,69.9,63.2,56.4,66.1,82.1,71.7,64.6,78.5,50.0,Intermedio
D969,21.0,3.4,6.3,62.6,52.1,50.3,59.0,60.2,61.3,64.4,70.0,60.7,80.5,62.2,Intermedio
D970,18.7,2.7,11.4,53.4,65.0,56.9,57.7,67.7,61.0,74.7,81.0,62.0,93.0,62.8,Intermedio
D971,21.1,3.0,9.3,70.3,66.5,50.9,65.8,80.1,58.4,81.2,74.9,59.7,84.3,72.3,Intermedio
D972,20.3,5.6,12.7,46.3,73.4,72.7,60.3,77.5,66.0,73.7,74.1,57.1,75.9,57.2,Intermedio
D973,17.0,0.5,4.1,32.4,29.8,57.4,47.3,59.0,56.4,53.4,62.9,53.3,85.4,45.5,Novato
D974,19.4,2.4,10.4,75.0,53.7,53.9,57.9,67.3,72.6,71.1,77.4,72.4,86.0,62.3,Intermedio
D975,21.4,4.2,14.9,40.8,63.7,59.4,55.7,57.4,69.0,69.4,58.7,61.4,82.9,68.1,Intermedio
D976,19.0,1.2,6.2,42.3,53.7,47.1,41.3,60.7,47.9,59.2,57.7,42.5,70.8,46.4,Novato
D977,19.3,3.5,11.0,62.5,49.7,65.7,65.6,61.8,70.0,66.8,72.1,75.5,84.9,59.8,Intermedio
D978,17.5,0.8,3.6,44.9,38.0,43.8,34.7,38.0,46.8,52.5,44.9,42.5,86.3,51.6,Novato
D979,21.3,3.1,11.0,69.0,72.3,68.4,65.6,44.3,64.9,59.0,77.1,76.7,86.7,55.3,Intermedio
D980,18.4,6.2,15.1,83.8,68.6,80.9,92.0,69.9,73.5,82.1,92.0,75.3,85.7,75.3,Experto
D981,18.5,2.1,11.9,54.3,59.8,57.9,60.8,66.3,61.7,66.8,78.0,70.0,85.5,66.0,Intermedio
D982,20.7,3.3,6.4,58.1,66.3,65.5,62.9,64.3,76.8,71.5,81.4,58.5,76.4,71.8,Intermedio
D983,18.9,1.6,6.1,28.2,36.4,44.1,32.4,44.6,55.0,51.5,64.4,40.1,79.1,34.8,Novato
D984,18.5,4.2,11.9,73.4,71.5,51.5,71.8,60.0,65.7,62.2,59.7,52.1,77.5,71.7,Intermedio
D985,18.2,4.5,11.4,59.3,60.4,56.9,54.8,64.5,73.5,81.7,71.5,54.4,82.2,59.8,Intermedio
D986,20.4,3.4,7.3,60.2,51.6,52.2,70.5,56.1,66.5,78.6,65.9,77.7,78.9,55.2,Intermedio
D987,20.0,1.0,1.6,32.9,47.1,51.0,48.7,43.8,50.9,53.5,51.7,39.8,81.3,44.9,Novato
D988,18.0,1.3,9.2,39.9,35.7,28.3,34.9,41.2,64.5,42.8,53.4,46.0,73.4,34.4,Novato
D989,21.1,10.5,21.4,97.8,90.6,88.5,95.8,82.5,86.2,90.6,98.2,90.0,87.2,88.2,Alto rendimiento
D990,17.5,0.7,4.4,38.7,37.3,26.3,59.8,41.0,58.8,55.1,54.0,36.3,76.8,56.0,Novato
D991,21.4,3.5,16.5,67.3,62.8,66.3,66.0,72.8,69.5,69.9,70.7,59.0,85.0,58.6,Intermedio
D992,17.0,0.7,7.0,37.0,36.2,45.8,41.9,50.4,58.7,60.5,54.5,51.1,84.5,44.1,Novato
D993,18.0,4.1,7.1,63.8,53.1,63.4,63.5,55.5,77.2,67.0,84.8,63.6,75.7,54.4,Intermedio
D994,18.2,1.1,1.0,50.3,48.8,42.8,53.1,36.4,58.1,43.2,51.2,51.9,76.1,43.8,Novato
D995,19.8,4.0,7.7,58.9,67.7,59.0,51.5,58.0,68.9,75.1,64.4,73.3,87.6,62.3,Intermedio
D996,18.7,0.6,5.6,22.8,46.1,47.9,36.9,39.4,50.2,55.8,62.1,57.5,78.6,47.8,Novato
D997,22.0,4.8,13.5,72.4,77.1,87.3,83.4,90.6,80.4,74.8,86.1,72.9,87.1,79.7,Experto
D998,19.0,3.5,5.6,60.3,58.8,56.5,60.9,60.8,71.7,75.2,73.0,70.5,81.8,58.3,Intermedio
D999,20.2,1.6,2.0,47.1,47.9,43.2,41.8,53.1,61.5,57.6,62.2,65.5,81.7,56.5,Novato
D1000,17.0,1.3,2.9,39.5,48.0,49.2,43.4,50.0,58.7,49.0,73.9,61.4,76.4,39.4,Novato
