"precio","cantidad"
72.88,14.25
60.09,13.75
22.61,36.37
35.72,18.53
59.98,14.26
12.26,61.61
51.96,14.93
87.49,7.66
32.73,20.03
62.27,11.85
10.53,77.58
72.27,10.92
30.8,19.72
86.37,2.63
23.85,29.9
42.11,12.68
59.07,11.29
10.11,78.45
38.6,16.47
11.56,62.71
40.74,15.58
40.91,15.57
30.93,17.96
15.52,50.76
47.11,13.94
26.7,27.14
46.96,16.28
22.61,35.87
10.49,71.44
64.16,17.26
91.99,4.89
25.78,28.29
75.81,10.2
11.45,66.99
62.75,13.91
48.32,13.07
28.94,24.05
52.95,19.94
77.93,8.43
50.21,14.78
43.41,9.39
88.73,7.64
49.11,13.84
49.61,9.11
17.38,42.52
13.12,56.22
93.58,4.05
36.51,18.89
56.73,12.04
31.28,23.37
97.46,10.52
66.93,8.24
96.24,6.59
89.77,7.78
57.09,14.07
74.43,5.31
76.66,8.59
14.13,54.76
96.2,2.7
28.1,21.49
36.86,22.69
90.6,9.32
60.95,9
51,13.99
45.95,14.4
17.47,40.68
66.73,12.34
51.86,10.98
61.51,11.19
69.6,11.16
89.01,10.65
44.1,13.53
75.12,12.66
87.21,13.62
26.76,27.27
66.94,7.26
74.63,6.38
58.76,9.67
28.42,26.73
91,11.13
21.12,34.97
95.64,4.06
80.35,6.49
96.59,10
20.28,32.13
97.98,6.36
65.84,8.18
93.47,9.39
28.2,26.41
29.4,23.39
92.97,1.43
74.99,9.38
78.55,4.72
35.67,18.03
40.93,21.46
40.73,22.22
80.92,11.2
42.8,16.56
69.86,7.57
43.55,17.2
20.89,37.83
84.78,10.19
47.65,10.49
17.38,39.81
25.84,25.32
26.29,28.63
70.61,5.08
64.63,12.63
33.36,16.63
63.13,11.71
46.76,14.26
87.98,7.53
19.73,43.35
38.97,17.51
25.15,28.8
14.64,51.2
59.8,13.4
22.77,36.33
24.3,26.88
80.09,8.85
49.94,8.64
21.84,38.36
60.98,12.29
79.65,12.67
47.91,12.75
15.47,50.01
44.69,18.95
51.62,14.74
13.73,58.72
46.97,18.32
45.33,14.16
67.81,10.07
13.23,58.61
18.37,39.37
88.79,1.06
10.38,74.57
24.21,34.55
55.74,18.91
60.3,8
40.28,15.25
72.85,2.7
35.63,20.45
55.2,10.59
67.74,6.02
91.99,6.02
16.72,42.19
27.86,28.6
67.4,11.01
70.41,9.6
15.04,53.44
24.78,30.8
14.37,46.26
98.49,7.26
58.19,12.96
77.88,9.28
76.51,6.67
42.91,16.39
72.74,8.48
80.54,4.5
12.42,68.48
21.15,30.14
55.49,10.03
94.09,10.31
20.15,31.85
21.15,36.88
44.07,14.58
15.38,48.42
50.35,7.64
53.02,10.56
18.87,40.75
82.19,6.62
75.41,12.23
54.6,12.48
80.56,7.97
30.12,23.36
61.38,12.04
89.21,11.02
94.61,9.27
99.29,8.79
57.24,16.28
12.26,62.22
34.37,20.27
93.67,12.37
66.67,8.39
38.57,20.18
33.6,21.87
85.31,13.63
22.88,36.76
13.06,59.92
47.01,16.28
45.75,5.95
19,39.03
25.19,30.8
92.29,14.27
38.08,18.64
37.39,20.5
22.66,32.55
59.65,7.38
67.97,9.92
27.4,28.1
89.93,7.97
66.74,12.05
37.96,18.3
96.69,5.21
46.89,17.56
77.33,4.5
21.98,35.66
97.24,6.91
85.63,1
61.72,9.22
74.16,12.64
23.28,25.14
15.3,54.12
16.65,49.64
93.76,10.33
60.01,10.86
20.9,33.62
22.75,27.5
23.18,31.28
41.23,16.05
16.35,51.99
66.6,10.65
20.47,34.52
76.89,11.43
42.75,18.56
88.12,5.78
73.26,10.3
21.83,31.8
31.47,20.46
26.57,24.45
47.9,12.98
28.31,22.3
45.03,17.69
54.69,14.22
89.13,6.81
74.96,13.56
99.01,7.89
16.46,48.01
22.83,30.85
90.32,11.32
97.45,6.85
58.65,9.94
98.51,9.08
83.75,5.25
63.24,7.22
56.92,15.71
83.36,10.7
38.52,21.15
13.69,58.25
16.84,45.4
71.24,6.31
43.13,14.31
36.39,18.45
73.26,11.77
49.09,13.25
25.28,30.67
73.86,10.61
91.54,5.91
86.43,3.42
68.17,9.11
53.34,11.51
63.08,5.68
99.63,5.27
33.02,25.18
74.99,6.51
28.47,23.12
47.78,19.46
63.47,10.66
70.35,4.36
77.39,4.67
51.41,19.53
52.95,16.14
22.34,32.29
30.47,17.44
72.33,3.34
63.02,6.43
84.59,3.33
73.55,7.87
68.42,13.16
12.5,60.74
68.04,7.25
78.56,4.64
60.62,7.24
68.56,8.29
82.16,4.02
58.06,16.65
18.97,38.41
16.39,49.07
88.9,5.21
79.02,8.4
26.35,24.37
89.52,4.71
66.81,8.47
88.31,6.67
80.3,8.59
68.1,10.12
63.44,12.74
55.61,9.64
15.35,52.49
49.07,15.31
55.87,7.36
55.44,8.13
66.79,14.49
40.87,17.42
85.49,6.55
19.68,38.47
72.24,5.05
35.22,19.09
74.62,10.8
84.18,6.05
88.61,5.2
76.95,6.08
31.57,26.68
80.23,9.48
34.13,16.09
85.43,5.45
54.7,6.2
50.04,13.57
66.94,10.56
64.93,9.31
92.8,3.47
49.84,8.25
27.41,24.54
95.28,1
27.2,29.39
71.37,7.04
80.26,1
67.53,12.8
40.95,17.86
77.39,0.1
47.33,13.53
73.36,5.75
75.47,12.58
87.4,13.01
34.25,20.94
85.76,10.44
31.1,27.21
58.69,9.99
45.88,16.33
64.81,9.42
41.28,14.89
59.12,12.36
32.15,21.17
18.64,42.69
82.85,6.62
15.49,46.04
38.37,19.6
37.7,21.07
57.45,7.04
36.45,15.01
59.9,11.39
98.9,6.77
12.84,58.59
14.21,58.44
67.19,4.83
90.72,2.59
94.01,5.6
14.32,54.02
54.51,8.88
77.32,11.45
29.72,22.99
33.75,17.42
91.46,3.93
24.71,26.64
64.25,11.41
30.03,20.55
86.02,7.48
93.8,2.91
62.68,10.54
91.97,7.39
75.72,12.37
59.58,10.83
93.33,9.19
54.59,7.04
77.03,9.39
21.87,33.5
68.16,13.63
17.54,38.41
32.49,24.02
27.64,24.73
74.73,8.78
91.03,6.91
40.54,17.74
57.62,9.73
98.69,7.28
72.1,10.21
67.07,9.09
30.38,22.2
29.12,30.61
56.49,8.37
95.46,5.84
79.57,9.87
39.05,18.25
12.37,66.78
15.07,51.92
70.48,11.45
23.32,34.15
81.51,3.38
56.5,11.61
12.02,66.77
39.96,22.08
46.7,8.71
70.91,6.24
23.49,34.02
46.84,17.5
17.84,40.46
12.85,55.4
50.57,10.42
44.74,19.67
77.37,1.6
96.53,5.6
54.02,14.11
39.61,17.08
69.96,9.23
35.02,24.87
29.74,22.8
50.68,14.06
35.03,18.63
95.58,8.15
45.17,13.94
27.26,27.39
14.74,51.49
80.43,15.16
48.34,19.15
34.27,18.61
36.42,17.52
43.44,11.52
42.65,12.88
42.51,10.26
79.81,10.03
80.43,5.13
41.97,16.02
75.58,13.91
39.36,19.56
87.32,3.43
51.34,10.61
87.1,1.79
45.02,11.53
98.62,10.86
33.74,22.22
57.53,7.45
36.45,20.97
10.51,77.45
28.45,21.86
36.47,18.69
67.31,10.08
29.7,25
60.13,13.44
44.53,16.97
11.99,65.21
88.77,15.12
57.22,11.45
35.62,14.44
73.93,5.98
28.92,23.56
51.58,15.67
72,4.76
74.28,4.67
78.24,7.41
84.77,9.41
46.36,16.95
86.79,6.38
69.4,6.76
12.65,67.91
72.17,10.4
49.18,14.05
67.91,11.39
26.6,24.83
35.57,20.34
57.22,13.07
79.3,5.97
44.96,14.43
11.05,72.88
41.4,11.95
75.74,12.01
89.82,6.53
69.11,7.72
13.16,56.44
98.19,11.16
81.56,6.8
64.34,10.38
56.48,10.02
58.96,8.52
49.34,15.46
89.57,6.91
88.42,7.78
79.15,6.13
61.91,13.66
54.84,13.8
75.28,9.87
54.24,13.7
64.23,13.93
59.96,13.46
75.45,7.08
22.81,33.23
40.13,17.33
90.26,12.36
90.63,3.11
36.52,19.9
92.41,4.48
44.52,10.11
72.72,7.52
77.89,5.28
25.76,28.21
41.04,17.98
15.79,48.35
51.29,13.13
69.55,11.47
94.32,5.28
63.17,2.37
33.65,24.28
56.37,11.51
46.92,16.71
51.81,14.63
94,6.33
37.17,20.73
42.94,12.13
81.92,9.31
36.09,23.17
62.66,15.14
64.15,8.86
99.54,5.46
75.71,11.77
80.66,6.37
33.14,22.9
76.75,7.73
50.05,11.46
33.78,20.99
50.57,12.9
49.19,12.52
25.06,27.15
31.67,24.45
55.68,17.36
16.36,45.03
95.92,3.05
25.08,26.18
83.09,8.33
44.7,15.34
30.94,19.68
23.84,31.22
67.38,9.44
79.28,9.09
46.21,14.41
84.97,3.16
49.15,17.92
32.09,26.13
82.76,7.89
36.21,23.95
75.49,11.35
14.17,51.13
84.08,10.16
19.85,34.01
70.89,8.2
13.34,59.3
29.04,28.6
42.86,13.72
37.86,19.07
91.54,10.54
20.13,36.9
38.55,12.61
75.9,11.34
83.09,9.6
92.17,9.71
45.46,14.86
14.73,55.56
44.86,15.75
57.85,11.66
63.79,10.1
72.63,15.9
13.12,61.41
47.2,7.15
76.15,7.15
28.4,27.49
15.39,47.56
23.99,27.86
17.94,39.43
91.01,8.06
54.5,10.72
47.44,14.3
65.87,9.59
89.38,6.68
69.51,7.83
33.19,18.87
24.81,33.83
91.09,9.65
14.22,54.32
73.45,9.28
77.82,9
55.92,17.5
56.43,10.75
89,3.71
35.4,20
42.09,18.04
45.21,15.5
42.23,15.04
15.9,50.3
54.76,16.81
98.13,6.6
51.4,18.71
94.42,2.5
49.68,11.22
65.46,13.44
48.47,12.28
72.96,12.39
27.59,24.03
25.62,31.9
84.79,6.42
66.03,9.86
28.06,26.6
87.55,3.57
30.13,23.48
56.93,11.79
27.38,29.96
67.81,6.53
95.63,10.47
64.87,9.88
74.01,7.68
63.94,13.1
75.36,9.52
10.82,75.46
12.2,68.69
55.94,11.79
41.67,11.27
70.95,7.67
88.89,6.53
41.59,16.81
92.59,2.21
90.71,4.9
11.99,63.64
95.83,5.95
10.88,70.52
50.99,11.7
17.7,47.68
89.01,6.63
17.64,38.66
77.97,5.08
79.26,8.22
67.22,15.36
70.78,11.05
58.01,7.64
96.6,6.4
69.64,7.07
61.96,7.24
55.3,12.37
42.87,23.34
93.56,11.04
95.19,2.48
55.37,13.29
80.29,9.86
41.14,19.48
78.34,9.57
71.24,13.71
87.24,3.52
10.51,77.63
47.37,13.32
13.08,57.61
67.77,12.91
58.4,17.74
87.46,8.51
98.04,8.78
12.29,62.03
41.69,17.28
55.56,7.9
26.09,28.22
27.27,30.8
46.84,18.76
26.54,26.77
92.37,7.32
29.7,19.8
79.83,1.83
67.7,11.5
84.56,5.22
54.38,12.59
53.34,14.51
21.86,37.97
79.69,11.97
74.92,11.56
91.35,5.95
71.79,12.38
99.4,3.75
71.4,6.44
23.8,26.88
67.7,9.8
45.01,17
89.95,10.41
50.63,16.45
32.54,22.2
37.8,17.43
34.72,20.25
21.93,35.15
79.22,11.5
44.43,13.43
75.37,5.21
37.82,12.53
87.96,3.33
73.92,6.63
54.59,10.59
24.16,30.84
75.47,6.1
39.59,16.63
88.25,4.15
53.9,9.11
31.63,21.38
28.59,20.85
96.49,4.41
53.67,19.8
30.94,23.49
70.28,7.44
14.6,52.23
49.71,15.69
50.56,14.27
74.76,8.06
62.28,6.33
20.91,34.44
32.25,25.36
92.45,7.19
23.93,31.58
40.79,17.13
32.59,23.45
71.73,14.67
88.21,8.84
52.2,8.44
11.61,68.43
61.11,9.62
11.64,67.5
85.99,5.53
18.85,43.3
29.12,24.49
87.23,8.89
39.34,16.29
83.31,15.09
37.68,18.05
27.97,26.96
21.16,33.83
56.66,10.26
78.13,8.44
76.01,12.27
14.89,55.93
71.76,8.58
68.71,9.6
73.24,12.36
24.41,34.37
62.04,9.52
24.31,29.43
66.52,13.42
56.43,12.97
16.74,42.39
95.15,9.01
98.45,1
88.03,10.02
48.41,15.47
24.38,31.37
71.98,10.92
61.2,9.77
17.8,41.87
56.73,9.09
42.17,12.2
16.61,47.34
79.77,4.92
31.9,26.21
60.24,14.63
37.28,17.89
64.3,10.77
93.18,11.31
18.62,40.4
35.39,21.66
71.98,11.21
87.36,11.45
37.42,17.64
27.21,26.73
14.36,51.9
93.87,2.61
75.98,1.89
23.54,28.67
55.56,12.22
32.44,19.71
30.84,22.9
74.76,9.2
64.76,13.32
71.46,3.67
12.84,66.86
87.36,7.67
98.31,9.35
12.63,56.1
10.82,77.5
84.95,7.84
66.54,8.37
38.1,16.4
46.9,14.22
49.05,11.36
20.7,33.71
21.88,28.14
66.65,9.1
20.56,33.05
40.78,13.3
74.95,6.48
94.28,9.11
63.59,8.42
22.15,38
40.81,23.42
91.84,2.24
39.49,15.81
73.88,8.52
81.49,5.7
23.08,35.72
92.98,7.3
48.21,11.59
91.59,5.41
26.35,24.11
83.31,6.27
12.04,68.01
85.16,4.66
97.47,8.34
74.14,8.01
94.75,1.76
81.16,5.58
60.02,6.08
17.16,49.53
17,45.07
66.34,10.34
72.64,9.01
31.26,23.4
24.55,28.7
38.74,16.72
75.23,5.97
97.77,5.93
82.65,7.47
30.26,20.62
61.75,11.16
20.96,31.21
52.51,13.54
49.81,13.39
87.32,10.05
64.57,10.23
87.21,8.93
93.5,11.11
69.7,10.36
82.25,10.42
50.54,12.34
63.22,8.82
84.31,6.75
88.69,4.4
62.16,11.17
88.51,7.97
93.36,3.8
62.43,10.44
18.99,40.43
65.44,8.29
51.97,9.82
19.88,37.63
87.82,3.21
12.79,64.34
32.04,21.69
54.15,9.34
13.8,54.38
75.34,10.84
74.28,7.87
64.6,9.91
34.8,21.96
58.83,14.11
38.11,17
40.76,18.49
80.11,7.93
42.15,16.99
98.45,7.35
61.75,12.17
56.61,12.43
34.15,19.42
84.54,8.6
72.77,9.52
11.51,69.24
96.16,5.69
58.24,12.32
28.21,24.45
13.69,56.88
62.4,8.03
13.99,60.58
62.2,11.09
92.84,6.53
36.33,15.47
78.17,8.02
74.5,9.37
74.59,9.55
11.39,68.59
36.69,18.63
47.14,15.67
18.99,41.83
36.3,17.31
69.96,8.73
33.94,17.73
21.64,32.54
11,68
99.3,4.37
38.14,21.39
57.81,14.2
74.98,7.16
66.17,10.61
44.19,16.17
15.14,56.65
54.09,8.65
72.83,8.05
64.73,10.92
88.47,4.88
33.44,20.95
66.04,7.05
21.01,34.56
56.99,14.67
92.04,6.9
94.71,6.91
42.18,16.04
78.75,5.35
26.52,20.26
76.34,9.51
17.79,39.3
87.11,1
93.51,6.22
67.04,6.57
15.63,48.64
99.92,5.28
38.41,18.38
67.31,12.73
85.04,4.53
87.26,9.39
89.16,6.76
83.83,5.77
57.29,9.67
78.72,6.64
95.78,4.74
86.9,3.42
45.31,13.31
67.33,11.16
55.72,10.98
12.38,60.53
18.18,42.51
29.05,21.86
87.66,5.16
99.14,7.11
93.85,5.21
97.54,6.74
35.53,16.29
51.07,11.3
86.74,10.32
10.54,74.56
94.81,9.17
30.14,20.49
85.86,4.56
15.95,47.31
34.22,23.14
14.2,51.41
48.65,12.26
84.61,10.04
36.22,20.76
59.47,10.56
10.9,71.92
93.24,9.01
11.63,72.76
18.33,41.07
98.12,8
24.19,30.48
33.61,22.43
76.57,10.2
70.9,9.55
88.86,8.33
20.47,37.68
48.8,17.94
88.59,10.64
25.06,23.9
24.94,27.28
97.13,14.11
43.96,18.08
95.85,1.05
78.49,9.18
86.93,6.71
92.67,11.1
81.31,6.16
34.3,19.26
20.45,40.85
78.9,6.21
11.91,63.91
14.82,48.22
98.49,3.65
54.68,8.31
65.59,11.37
20.26,35.1
28.43,28.27
21.86,32.37
94.27,6.86
70.96,7.01
34.24,21.89
42.22,21.03
39.06,18.57
63.26,12.83
70.42,9.15
33.38,21.1
17.32,40.99
37.84,15.51
37.69,13.68
69.83,6.6
23,33.64
36.87,20.47
89.19,7.75
61.25,11.31
66.65,10.1
48.36,11.55
44.79,13.41
99.39,8.16
91.62,6
50.06,14.18
53.37,11.07
44.29,11.06
47.35,17.54
82.11,7.54
59.83,10.31
57.48,12.86
33.35,27.44
68.59,9.65
57.05,15.96
80.66,10.56
84.17,6.1
24.32,31.8
62.26,11.12
15.2,52.62
95.32,8.64
70.4,8.13
34.88,15.62
69.33,10.74
44.09,16.28
73.45,7.18
91.84,8.69
62.52,9.88
20.24,41.3
58.79,11.77
17.15,42.69
33.32,25
76.63,1.72
80.38,7.51
40.72,19.5
48.73,14.03
24.74,29.38
54.2,14.28
25.92,23.98
26.22,26.09
80.74,6.71
28.27,24.24
32.08,24.82
66.23,8.36
53.5,12.01
40.35,14.74
29.44,19.3
81.72,13.37
70.12,11.18
83.04,6.88
32.76,22.93
16.08,47.24
70.63,8.02
24.27,27.18
36.26,17.92
10.15,73.76
97.15,1.47
99.21,1.38
69.06,6.97
50.49,13.02
12.8,57.42
51.15,16.09
92.39,5.12
33.52,18.7
52.32,13.24
33.86,20.54
63.11,7.21
22.73,35.59
92.58,7
77.53,11.57
69.18,11.16
92.19,9.4
99.53,3.04
50.65,11.17
36.94,17.99
55.97,7.47
67.4,11.17
72.49,9.97
71.44,9.18
90.14,2.35
80.72,6.52
44.18,17.24
81.74,6.05
82.02,7.59
73.76,9.2
75.67,12.04
19.64,37.88
86.53,6.26
40.57,18.17
80.3,5.23
57.55,3.62
57.17,11.47
37.95,15.86
16.95,42.07
66.37,14.09
41.44,18.32
29.16,27.11
95.09,11.42
83.6,4.64
28.33,25.16
62.4,13.72
52.85,13.71
73.73,7.33
30.62,23
47.1,10.78
74.99,11.45
32.29,24.35
53.04,10.55
93.51,11.17
64.8,14.07
27.48,21.68
99.29,11.55
29.06,23.78
63.72,14.5
32.2,16.75
52.83,12.75
96.91,6.92
15.21,48.99
51.25,14.58
23.82,27.84
88.01,6.31
61.02,7.74
23.69,31.22
74.32,8.16
40.22,16.99
62.11,12.77
49.31,12.25
64.8,9.24
77.03,8.3
72.35,8.29
44.27,18.07
18.35,43.67
78.13,14.12
25.04,27.97
59.04,16.39
45.8,15.42
61.44,4.82
47.57,9.94
98.47,2.84
67.3,6.28
32.42,22.44
74.35,13.65
85.18,8.31
78.46,7.15
87.74,5.03
83.71,11.97
95.71,4.92
43.6,18.12
66.44,6.21
28.17,23.75
63.91,5.96
21.33,32.75
60.48,14.4
76.53,7.4
78.65,10.15
32.5,16.45
75.63,7.58
35.82,19.34
45.01,13.16
87.19,9
83.1,4.47
98.27,7.41
75.14,9.39
71.11,11.21
78.23,11.49
38.62,20.84
99.78,9.97
71.92,9.93
64.82,6.82
61.21,13.81
37.33,23.77
69.62,10.62
69.72,7.36
19.62,38.62
45.58,13.47
53.4,13.12
29.85,24.56
48.89,7.83
41.79,21.55
61.46,12.67
58.95,13.11
15.22,48.55
85.12,4.96
43.9,18.91
67.55,5.28
54.49,15.83
28.44,19.38
54.23,13.77
49.43,10.53
65.33,7.36
15.67,45.84
20.81,36.12
47.79,18.26
47.18,15.13
18.54,43.77
84.5,9.06
17.4,35.77
54.94,12.81
84.88,5.48
38.45,21.36
48.64,10.14
23.12,29.3
55.12,11.64
81.4,10.81
72.6,8.2
76.37,11.66
39.18,20
30.58,25.19
47.48,7.1
64.1,9.63
35.51,19.92
45.85,18.38
42.57,16.68
13.17,59.82
23.22,33.83
92.81,8.13
80.63,5.23
34.55,15.39
75.89,6.26
38.05,13
29.44,19.86
28.63,25.34
96.63,6.79
38.15,15.15
46.12,15.74
97.04,4.41
44.35,18
48.26,10.97
16.02,48.83
90.17,4.33
56.23,11.19
62.86,5.91
26.3,24.87
32.28,26.87
67.36,8.24
79.43,5.17
61.97,9.79
10.14,81.89
82.45,9.49
92.09,6.49
32.51,28.3
29.21,24.63
14.34,55.63
22.66,28.93
68.66,12.42
46.89,14.63
70.35,9.23
40.77,21.41
91.04,8.19
50.03,16.79
49.17,15.02
91.49,4.95
72.22,4.77
25.72,28.9
70.96,7.17
23.36,32.14
38.52,18.96
76.42,5.23
15.38,48.41
98.44,3.63
32.09,27.81
15.39,52.31
60.31,10.31
65.23,14.17
59.85,13.38
99.51,5.88
17.65,41.59
37.21,16.17
51.66,14.35
75.83,7.67
21.86,34.39
50.14,16.83
79.46,11.5
78.84,8.77
57.79,11.55
25.74,32.55
37.77,16.47
37.78,12.52
75.67,6.87
60.43,6.43
27.32,24.92
37.33,19.05
89.04,10.82
68.54,10.15
29.87,25
62.12,14.02
13.18,56.49
80.57,11.25
26.15,27.8
86.04,9.04
42.47,16.14
49.06,11.65
48.69,16.54
96.66,5.48
29.08,25.64
47.29,14.27
41.25,14.09
42.52,9.27
64.71,8.78
15.45,49.8
64.17,9.37
68.46,7.02
58.96,6.61
79.02,8.25
26.2,27.74
19.99,41.02
62.59,10.95
90.28,11.47
92.78,6.92
63.14,9.06
28.85,25.72
18.81,39.46
97.53,6.22
14.77,47.7
82.6,6.73
90.49,2.38
19.28,37.23
72.35,11.76
25.24,17.66
61.35,8.63
44.27,14.45
30.52,19.62
54.92,8.06
81.31,13.33
26.25,29.62
28.18,22.04
33.22,21.81
79.03,6.59
68.2,6.54
25.32,30.13
64.85,12.27
53.59,9.39
30.27,30.09
62.26,7.35
38.63,20.51
69.93,9.33
26.23,26.22
87.05,6.98
10.42,80.16
27.07,30.35
34.88,20.14
50.06,16.34
33.53,20.78
80.3,10.88
51.2,12.79
32.22,26.73
24.71,23.94
44.5,19.41
71.47,9.75
57.14,14.92
17.1,49.51
88.58,10.49
95.37,13.01
26.18,29.57
21.67,28.16
37.81,16.76
70.25,12.52
20.34,34.77
97.42,7.74
58.33,9.87
31.76,23.7
77.95,8.29
41.95,16.26
23.1,33.49
32.39,26.25
32.53,20.41
58.64,7.77
84.39,11.07
73.9,4.58
96.1,7.6
15.76,50.49
57.21,12.38
23.81,36.18
34.31,20.16
17.39,46.68
80.18,12.38
70.09,9.22
39.68,19.18
67.98,7.32
26.76,30.64
31.51,24.63
93.61,1.76
23.87,30.88
12.33,64.62
14.54,55.35
63.51,10.53
77.73,5.01
59.74,10.82
30.35,28.9
79.02,5.11
78.68,5.2
39.66,16.24
97.93,1
95.12,2.82
91.98,1.73
98.86,9.77
28.37,28.16
54.2,9
88.53,8.68
90.02,6
32.61,21.86
45.01,19.75
65.21,4.17
42.46,15.31
60.86,11.92
32.7,15.62
73.6,9.07
31.84,24.95
55.32,11.55
83.97,7.85
65.32,10.17
69.12,10.17
76.27,10.36
62.88,10.06
11.52,62.07
78.8,12.71
45.31,12.75
15.33,48.15
68.3,8.23
24.21,30.7
62.39,10.25
36.58,20.26
59.66,9.73
37.34,18.82
96.23,7.4
78.07,10.54
50.28,11.78
92.16,7.76
58.23,12.76
74.45,8.62
50.61,12.57
62.25,13.83
99.15,7.22
65.16,1.91
34.02,20.16
31.86,20.9
87.71,7.91
85.68,8.62
88.52,8.41
91.15,9.15
30.65,19.88
32.08,17.33
90.29,6.62
69.93,8.49
75,10.84
45.27,18.86
85.88,7.1
17.36,38.09
13.58,60.75
38.61,19.22
29.77,23.37
90.38,9.13
41.45,16.7
10.58,81.85
61.72,8.99
63.63,10.7
52.78,9.39
98.43,2.11
49.69,15.85
31.02,26.77
75.29,10.81
36.2,15.06
83.76,8.91
14.87,48.38
95.7,7.83
22.93,25.4
75.43,12.25
88.42,12.85
21.04,35.52
50.4,17.39
17.65,40.27
43.32,15.24
91.8,9.33
53.2,12.75
41.23,12.89
29.36,23.76
67.44,8.58
17.03,42.85
68.99,11.76
44.21,20.01
77.28,9.02
62.83,11.58
40.34,19.2
70.33,9.3
43.43,22.41
96.09,7.45
70.24,10.24
19.43,43.29
29.49,17.41
47.23,15.77
46.92,13.32
31.44,20.88
35.22,19.43
87.93,14.78
22.25,34.26
66.5,8.86
60.8,7.26
99.27,12.41
70.65,6.36
56.42,13.07
58.52,13.73
15.96,49.65
66.77,7.84
32.4,19.23
51.76,9.7
22.27,33.88
48.73,14.76
58.02,10.92
15.23,46.17
99.01,1.82
89.84,10.56
21.16,34.72
93.48,7.14
27.08,29.21
82.59,9.2
63.84,7.52
75.01,5.1
47.54,9.49
57.97,8.34
28.45,25.51
40.89,17.82
62.45,7.56
61.91,15.17
77.57,9.49
36.11,26.35
99.18,8.72
78.32,7.93
70.72,12.15
68.91,10.6
53.28,14.1
55.36,16.03
57.45,16.26
45.92,15.06
16.18,47.01
65.67,11.45
26.94,24.91
78.88,12.74
97.53,9.15
92.93,3.75
32.52,20.92
17.63,42.92
74.53,12.12
34.7,23.17
54.99,16.2
96.07,11.23
35.02,21
49.14,13.87
45.38,14.65
95.11,6.07
92.5,11.4
29.1,31.12
47.7,18.08
89.3,9.41
81.97,14.31
27.55,25.65
84.55,3.22
27.3,19.82
22.24,31.8
65.46,8.7
50.4,12.37
45.25,14.03
82.63,6.73
21.97,29.85
27.49,29.64
22.09,31.5
21.05,34.25
65.89,7.28
76.49,1.77
22.49,33.28
34.2,22.7
86.08,5.45
97.38,11.02
91.19,8.55
10.07,73.37
20.24,40.14
65.52,16.34
13.61,54.12
93.2,3.85
11.27,69.81
91.38,7.7
80.41,7.16
81.25,7.37
22.5,31.8
91.92,8.65
86.07,9.05
32.25,22.84
47.5,15.1
27.48,25.91
18.13,41.94
68.3,13.72
27.14,29.77
23.86,27.17
56.69,14.2
79.94,4.8
98.03,5.11
25.57,31.4
68.08,10.27
74.41,11.84
14.88,50.41
90.75,7.06
37.69,10.47
31.2,23.11
20.43,37.29
76.81,12.78
22.79,39.6
38.38,18.31
79.5,5.86
27.96,26.11
39.8,13.79
47.98,14.63
87.34,7.02
88.23,9.27
63.63,9.82
47.07,15.51
56.8,16.3
90.87,6.42
95.58,5.43
95.8,9
36.75,13.79
10.74,73.21
66.58,4.3
51.5,11.11
99.97,12.68
59.18,15.74
42.5,20.41
33.72,24.67
96.68,9.1
96.66,2.19
15.08,54.01
92.42,7.47
64.76,6.95
20.51,39.51
36.29,20.07
49.92,13.66
15.75,51.4
98.84,7.71
34.13,15.6
88.2,7.01
99.1,3.22
63.11,14.79
48.14,19.49
81.24,4.32
35.74,19.41
74.45,8.02
86.86,10.24
56.44,11.26
31.93,22.81
24.17,30.35
63.4,5.34
69.85,7.37
64.93,7.67
41.44,12.6
40.38,16.06
54.14,8.68
41.8,19.8
85.82,7.26
95.69,6.53
97.37,7.9
49.27,12.6
24.66,31.36
98.67,10.26
70.38,7.73
47.76,11.61
72.66,15.09
46.19,14.34
24.34,31.17
34.33,23.92
33.47,21.71
10.18,73.82
18.79,36.97
12.59,58.29
33.62,18.04
51.55,18.59
38.77,16.73
30.69,22.13
37.03,19.65
94.68,2.99
30.04,21.74
66.8,9.6
74.12,5.79
37.69,15.69
20.81,29.17
86.46,2.24
14.22,55.84
31.14,21.71
54.92,13.3
61.03,1.76
87.26,5.65
76.57,11.42
14.57,49.91
56.49,15.94
96.94,6.08
46.79,14.87
52.78,12.61
45.4,15.65
80.01,9.1
41.72,13.99
47.62,15.38
93.58,3.13
15.76,51.17
55.5,16.07
61.88,12.21
26.11,24.24
49.9,11.69
36.8,13.53
11.98,68.49
23.89,29.32
93.44,8.03
70.16,8.36
80.34,5.43
44.67,13.2
56.29,12.34
65.13,8.77
99.15,6.4
65.88,8.26
22.06,32.45
10.1,83.57
12.46,62.63
26.97,27.5
45.32,15.63
98.6,7.22
69.29,12.43
62.1,12.26
55.4,7.18
49.93,16.11
36.49,17.79
73,10.38
25.39,27.35
74.15,5.94
14.64,50.72
18.39,38.43
47.62,13.88
55.27,11.43
95.65,3.27
79.02,10.35
55.13,14.23
63.3,9.65
82.35,2.89
46.22,12.02
71.64,10.94
47.16,13.9
93.16,9.57
23.37,29.66
29.72,23.41
43.54,11.4
13.65,59.83
69.01,9.45
47.64,14.27
32.6,16.71
74.17,10.49
56.03,7.06
15.63,57.21
63.75,11.88
70.75,5.52
84.62,6.24
81.63,7.67
14.88,51.5
96.55,7.13
59.63,10.98
83.24,6.33
85.79,8.35
77.8,8.52
66.53,7.76
93.8,6.03
12.8,60.86
55.83,10.96
51.6,10.92
60.35,13.81
90.98,7.61
75.32,10.27
24.4,31.58
29.79,27.42
60.42,13.27
42.61,12.11
31.14,18.41
96.97,5.79
86.69,9.73
27.47,27.77
88.95,10.81
33.92,19.64
65.49,7.02
83.17,3.84
72.22,13.21
71.09,14.23
50.83,10.7
56.33,9.78
98.68,12.89
78.88,5.38
86.21,4.62
59.44,7.84
18.33,36.95
39.2,15.72
17.63,47.73
32.56,20.31
54.55,7.21
12.28,64.89
43.15,9.87
97.17,4.24
63.61,13.99
27.37,25.64
40.34,9.8
26.59,30.94
36.01,14.96
24.3,29.41
85.02,8.59
98.26,2.04
83.84,5.19
82.71,7.27
78.28,6.85
56.3,12.71
54.04,12.37
51.86,8.45
81.89,3.83
17.79,40.47
15.35,50.2
38.25,22.82
17.79,46.97
94.87,6.63
89.2,1.38
45.98,17.36
39.47,20.87
86.24,6.26
65.17,10.97
80.66,5.56
96.96,6.33
22.74,33.14
40.64,19.51
86.26,9
23.35,32.29
88.37,3.4
10.14,82.31
72.95,1.85
48.35,11.4
27.14,29.98
48.4,11.85
16.6,44.3
84.75,14.67
27.4,29.05
36.81,14.74
30.61,21.72
44.39,12.72
50.68,13.61
50.16,9.41
75.37,7.73
67.06,14.07
87.13,9.34
76.31,10
34.74,18.53
32.14,21.05
73.3,10.07
65.06,6.01
89.33,1
67.39,8.71
24.65,28.36
57.58,13.97
30.39,21.71
92.87,4.56
79.06,9.68
13.4,55.46
37.05,23.5
75.79,5.45
86.8,9.89
90.14,0.88
34.88,24.61
19.61,37.48
26.04,21.51
60.19,6.64
50.94,12.75
24.85,34.42
93.13,5.01
42.42,15.7
91.18,9.61
56.26,11.74
87.11,6.5
49.06,13.58
35.45,18.69
97.74,7.01
20.54,37.26
51.73,8.13
86.79,6.34
17.91,39.29
43.23,17.39
30.26,23.22
53.96,8.41
43.71,16.81
91.64,0.34
39.4,20.28
86.57,2.58
76.01,13.77
82.54,5.95
32.17,20.65
89.91,3.39
73.73,3.37
55.83,12.64
43.51,11.16
91.04,9.15
21.29,28.47
29.94,21.62
52.58,14.42
63.85,9.66
33.78,22.66
73.34,9.36
55.49,11.98
58.31,16.83
95.35,3.47
83.75,7.24
51.64,10.52
81.52,5.3
49.39,12.7
43.12,12.98
16.39,48.26
72.19,11.49
62.91,11.67
60.98,4.94
48.6,12.43
88.29,8.26
93.71,6.08
49.84,17.65
12.32,61.78
41.06,16.23
28.14,26.1
69.36,10.66
36.8,20.03
15.75,46.51
57.45,15.74
86.54,8.56
34.13,21.55
67.86,6.53
62.02,7.65
50.09,11.4
99.4,4.27
71.11,11.66
41.46,19.15
29.75,26.17
58.56,10.97
46.87,12.27
30.63,18.37
34.7,16.23
87.46,11.77
69.98,6.8
19.8,34.51
46.12,12.96
40.15,14.23
10.64,71.66
64.42,15.48
45.24,12.82
82.46,6.27
24.7,29.06
63.99,16.19
32.86,20.17
76.64,9.15
15.05,51.57
17.29,42.5
45.18,8.43
35.39,23.85
96.81,5.92
51.74,14.32
98.14,4.19
86.82,9.07
67.91,12.19
54.46,16.72
47.7,11.44
46.2,15.41
29.95,23.05
57.82,10.28
20.29,33.62
22.46,34.34
20.3,37.69
17,50.01
21.38,28.08
69.95,15.28
90,5.27
26.38,30.69
24.65,29.91
65.24,11.65
15.78,48.8
19.11,42.71
99.74,4.36
30.85,25.2
77.81,3.83
57.16,9.08
19.58,39.58
21.47,35.23
79.69,7.37
49.18,13.4
55.2,12.7
63.19,13.09
66.03,4.56
95.12,7.32
20.05,32.19
32.87,25.58
11.39,71.42
70.59,8.32
14.64,55.75
78.35,6.81
51.07,6.5
99.11,2.03
99.11,6.1
