"temperatura","humedad","precipitacion","nitrogeno","fosforo","materia_organica","horas_sol","tipo_suelo_arenoso","tipo_suelo_franco","calidad_frijol"
23.7,62.41,115.66,126.84,73.29,3.11,9,FALSE,FALSE,267
20.82,47.46,126.49,85.05,33.38,3.31,9,TRUE,FALSE,209
25.93,76.44,122.39,82.71,65.83,1.87,7,TRUE,FALSE,241
24.96,63.91,106.36,99,65.68,2.86,7,FALSE,FALSE,236
29.35,52.56,77.93,136.32,62.35,3.83,9,TRUE,FALSE,260
25.89,41.49,111.89,80.13,64.47,4,6,FALSE,FALSE,222
22.51,51.67,100.19,114.26,53.44,4.37,8,FALSE,FALSE,241
20.21,67.03,105.52,64.73,88.85,2.96,9,FALSE,TRUE,230
26.84,41.33,144.28,96.27,50.89,1.91,8,FALSE,TRUE,234
24.05,42.27,116.78,141.9,65.72,4.02,10,FALSE,TRUE,271
24.78,76.83,140.62,79.96,89.65,4.86,7,TRUE,FALSE,256
23.17,64.82,87.17,72.41,47.2,2.74,8,FALSE,FALSE,213
19,76.15,83.26,108.56,93.3,4.83,6,FALSE,TRUE,256
27.72,66.03,102.58,98.36,46.11,4.72,10,TRUE,FALSE,247
26.45,79.18,115.89,69.76,74.97,4.11,8,FALSE,TRUE,241
25.67,59.67,105.61,121.2,60.45,1.04,9,FALSE,FALSE,243
26.99,49.25,108.95,61.41,37.89,3.15,9,FALSE,FALSE,197
21.26,49.91,139.38,58.87,95.75,4.57,9,TRUE,FALSE,231
30.91,54.97,108.48,63.62,81.6,4.17,7,FALSE,FALSE,226
24.04,47.46,88.94,95.72,69.33,3.17,9,FALSE,TRUE,232
26.08,57.27,98.4,101.75,96.83,2.51,9,TRUE,FALSE,245
27.24,73.78,130.09,107.04,34.93,1.63,9,FALSE,TRUE,245
16.83,49.59,103.84,132.07,59.72,2.74,8,TRUE,FALSE,248
30.03,59.61,100.9,73.93,41.39,1.91,10,TRUE,FALSE,212
25.17,51.82,69.29,99.44,83.6,1.39,8,TRUE,FALSE,234
19.9,67.63,123.67,103.08,99.5,3.99,10,FALSE,FALSE,269
23.92,49.51,104.15,65.24,39.27,4.63,7,FALSE,FALSE,201
33.19,43.77,143.86,64.26,92.59,1.97,8,TRUE,FALSE,235
24.28,67.78,118.96,80.99,64.68,4.94,8,FALSE,TRUE,237
20.73,41.76,138.78,62.31,91.6,4.61,9,FALSE,TRUE,231
24.51,73.45,80.94,70.85,51.66,4.93,10,TRUE,FALSE,221
26.16,76.35,95.67,144.19,59.62,2.43,9,FALSE,FALSE,271
23.14,60.36,90.41,54.86,61.65,2.41,7,FALSE,TRUE,213
23.19,61.3,132.76,142.85,83.07,4.11,7,FALSE,FALSE,285
28.54,55.02,113.5,148.55,35.01,4.24,7,FALSE,FALSE,252
27.5,61.03,101.75,95.28,68.11,3.9,9,FALSE,FALSE,240
24.98,70.51,97.5,96.42,88.7,2.85,7,FALSE,TRUE,253
24.79,55.42,122.22,148.5,71.15,2.45,8,TRUE,FALSE,261
25.44,44.28,80.49,100.97,86.91,2.49,9,FALSE,TRUE,228
23.7,57.38,79.19,79.34,89.4,4.17,9,FALSE,FALSE,233
24.97,77.23,88.3,60.73,85.9,2.39,9,FALSE,TRUE,240
25.41,73.18,84.32,103.13,35.39,2.38,6,FALSE,TRUE,220
29.43,43.55,99.24,146.06,41.27,4.94,7,TRUE,FALSE,251
21.5,47.42,68.95,136.42,81.2,3.08,6,FALSE,TRUE,251
27.82,67.05,89.28,127.63,53.86,4.39,9,TRUE,FALSE,254
30.02,78.86,123.49,92.59,64.54,1.03,7,TRUE,FALSE,237
22.43,48.91,144.59,135.95,88.79,3.2,6,FALSE,TRUE,274
25.56,72.38,76.64,80.71,64.71,3.63,7,TRUE,FALSE,230
25.76,61.21,113.89,55.74,48.56,4.29,9,TRUE,FALSE,214
24.51,73.81,115.37,58.2,64.27,4.06,10,FALSE,FALSE,225
23.57,71.55,83.07,144.66,58.06,4.93,6,TRUE,FALSE,260
22,41.38,98.23,92.82,41.06,4.46,8,TRUE,FALSE,212
18.36,73.41,112.48,147.88,50.5,1.64,8,TRUE,FALSE,274
26.72,44.56,94.23,126.98,82.76,2.81,9,FALSE,FALSE,248
15.18,77.48,98.26,125.05,30.78,4.62,7,FALSE,FALSE,254
26.53,44.05,116.12,128.78,69.35,3.77,8,FALSE,TRUE,264
27.74,41.03,73.9,51.73,36.84,2.59,7,TRUE,FALSE,174
21.9,46.45,108.6,52.94,80.86,4.22,8,TRUE,FALSE,215
26.69,63.8,82.43,133.78,95.63,3.33,10,FALSE,TRUE,274
27.15,58.83,131.08,60.59,70.32,1.96,9,FALSE,FALSE,218
27.15,46.53,117.01,61.21,77.5,4.57,8,TRUE,FALSE,225
23.67,73.18,120.04,82.63,52.81,2.19,7,TRUE,FALSE,233
26.05,60.17,89.09,103.34,76.84,1.38,10,FALSE,FALSE,246
25.61,47.89,116.58,64.84,43.39,5,7,TRUE,FALSE,214
22.58,42.78,73.66,113.66,44.05,1.79,8,FALSE,TRUE,216
23.42,58.52,87.95,81,53.99,1.13,7,TRUE,FALSE,209
26.95,57.04,92.51,62.06,58.39,2.95,8,TRUE,FALSE,202
23.38,50.33,104.23,82.78,69.32,1.17,9,FALSE,FALSE,214
26.35,70.93,91.01,99.48,52.37,2.85,10,TRUE,FALSE,235
25.28,60.94,88.19,98.73,58.3,2.25,10,TRUE,FALSE,239
24.3,78,131.37,108.54,46.86,2.18,9,FALSE,FALSE,242
25.34,56.31,119.38,64.38,93.41,1.99,6,TRUE,FALSE,235
26.02,57.71,127.91,94.44,69.64,2.5,6,FALSE,TRUE,235
25.22,61.41,141.8,70.12,59.45,4.78,9,FALSE,TRUE,235
25.55,53.23,58.42,81.68,54.4,2.16,9,FALSE,FALSE,205
27.08,52.03,96.06,52.21,82.47,4.37,9,FALSE,FALSE,205
24.51,53.87,136.94,130.21,94.13,2.12,8,FALSE,FALSE,265
25.65,66.05,129.44,140.37,99.2,1.53,10,FALSE,TRUE,287
24.43,62.49,119.08,63.16,49.26,2.93,6,FALSE,FALSE,211
26.25,54.71,81.53,85.8,75.91,4.17,10,FALSE,FALSE,228
24.66,49.67,92.87,142.9,85.46,4.03,7,TRUE,FALSE,265
27.17,46.29,98.03,78.38,33.18,2.7,6,FALSE,TRUE,197
28.35,50.53,123.85,113.07,31.51,4.24,8,TRUE,FALSE,243
20.84,52.63,83.22,80,56.77,2.98,10,FALSE,FALSE,210
29.22,78.4,104.6,89.02,80.29,4.62,9,FALSE,FALSE,264
28.58,47.76,66.06,123.01,44.71,3.67,8,TRUE,FALSE,227
22.69,74.92,98.9,55.08,73.57,2.78,9,TRUE,FALSE,225
32.21,64.54,94.96,104.93,54.12,4.7,7,FALSE,TRUE,245
25.72,54.3,75.01,82.05,73.17,3.38,6,FALSE,FALSE,216
26.59,79.58,147.95,134.07,68.65,1.64,7,FALSE,FALSE,276
30.13,68.47,101.58,92.65,48.05,1.53,9,FALSE,TRUE,228
23.13,41.79,158.55,89.67,95.89,3.94,8,FALSE,FALSE,244
21.69,48.36,127.39,88.91,34.81,2.79,7,TRUE,FALSE,223
24.03,41.54,94.03,61.65,30.94,2.99,8,FALSE,TRUE,195
25.54,40.92,109.06,104.41,40.57,2.05,8,FALSE,TRUE,227
26.2,47.9,79.81,116.55,95.68,2.19,7,FALSE,FALSE,245
27.13,54.42,96.22,99.24,54.25,4.76,9,FALSE,TRUE,233
30.11,63.21,110.98,142.83,58.57,3.23,6,FALSE,FALSE,273
22.68,73.09,106.98,117.2,38.54,2.69,7,TRUE,FALSE,241
21.37,63.31,116.26,91.08,65.9,1.26,9,FALSE,FALSE,222
25.96,71.54,113.14,55.07,76.21,4.84,7,FALSE,FALSE,226
24.93,41.15,134.48,129.3,51.45,2.14,10,FALSE,FALSE,257
24.79,67.89,115.93,128.65,85.47,4.56,10,FALSE,FALSE,276
20.91,43.16,122.18,143.26,39.57,3.33,9,TRUE,FALSE,243
27.03,47.23,83.26,72.68,61.1,1.71,9,FALSE,TRUE,211
26.97,49.08,79.66,81.27,97.83,2.42,7,FALSE,FALSE,210
24.15,62.29,108.54,59.14,55.41,3.41,10,TRUE,FALSE,217
33.16,57.71,98.29,80.19,67.43,2.44,6,FALSE,TRUE,228
21.45,72.14,94.31,122.36,69.45,1.3,6,FALSE,TRUE,254
28.07,53.94,120.92,99.62,84.04,1.64,7,TRUE,FALSE,252
23.27,61.6,90.49,121.61,67.58,4.23,10,TRUE,FALSE,247
22.44,52.6,84.25,73.35,47.25,1.11,6,FALSE,FALSE,194
21.49,49.71,76.08,51.33,64.53,4.53,6,TRUE,FALSE,199
28.1,57.59,128.39,147.03,82.64,4.52,7,FALSE,FALSE,277
23.18,49.41,91.27,56.15,68.56,1.19,7,FALSE,FALSE,200
23.55,70.86,82.22,141.07,35.33,3.35,10,TRUE,FALSE,253
23.79,76.77,110.5,66.04,73.62,4.52,8,TRUE,FALSE,234
26.29,75.32,91.15,115.66,60.32,1.43,9,FALSE,TRUE,249
28.54,55.22,117.48,134.98,32.93,3.72,7,FALSE,FALSE,251
26.08,45.23,110.17,100.16,99.16,4.05,10,TRUE,FALSE,259
28.87,50.74,99.16,120.86,99.42,4.62,9,TRUE,FALSE,267
29.17,44.39,92.18,146.97,67.8,2.05,8,FALSE,FALSE,260
23.84,44.22,102.47,83.51,30.95,4.99,6,TRUE,FALSE,203
26.12,74.39,124.34,140.85,32.46,1.24,7,TRUE,FALSE,254
27.83,54.38,106.7,142.03,72.63,4.11,7,FALSE,TRUE,270
27.41,77.26,119.04,66.63,76.13,1.88,10,FALSE,TRUE,238
25.55,66.06,130.06,82.98,38.88,1.7,7,TRUE,FALSE,228
29.92,54.98,86.09,81.27,90.86,1.19,8,FALSE,TRUE,225
24.52,56.19,117.23,139.09,57.53,4.61,9,FALSE,FALSE,259
24.59,67.14,70.86,110.75,87.79,2.58,6,FALSE,TRUE,249
26.33,60.54,112.87,56.6,86.58,3.49,8,TRUE,FALSE,224
24.77,56.33,129.28,69.25,68.68,2.82,9,TRUE,FALSE,233
22.27,62.21,122.5,60.23,48.58,4.6,7,TRUE,FALSE,224
28.55,41.78,83.67,123.69,33.6,2.5,9,TRUE,FALSE,221
25.39,69.85,109.5,117.84,84.64,2.43,10,FALSE,FALSE,261
28.22,55.29,104.04,58.65,65.51,1.62,7,FALSE,TRUE,218
28.89,69.18,115.61,53.92,73.88,4.7,9,FALSE,FALSE,236
21.7,47.05,110.82,100.98,81,2.97,9,FALSE,TRUE,247
27.02,69.7,99.18,138.6,86.69,2.02,8,TRUE,FALSE,273
23.92,63.92,103.43,82.29,30.88,3.07,10,TRUE,FALSE,214
26.15,42.78,119.45,117.05,46.18,2.17,7,FALSE,TRUE,236
27.25,55.17,129.16,87.06,73.97,3.86,10,FALSE,TRUE,250
23.25,72.14,99.06,107.94,91.02,2.35,9,FALSE,FALSE,254
22.48,77.07,91.91,94.83,36.07,3.18,6,FALSE,FALSE,231
25.4,72.56,89.09,60.62,95.92,4.63,9,TRUE,FALSE,229
24.46,55.12,102.28,60.55,51.93,3.26,7,TRUE,FALSE,203
23.86,64.3,110.66,104.59,35.64,1.38,8,FALSE,FALSE,228
26.39,63.27,97.14,73.14,76.05,1.87,8,TRUE,FALSE,224
24.93,60.5,110.44,122.19,44.64,3.82,10,FALSE,TRUE,250
26.83,40.84,134.76,110.33,99.37,4.48,8,TRUE,FALSE,272
27.3,64.5,107.64,121.31,86.38,4.12,6,FALSE,FALSE,274
23.34,78.42,106.05,116.41,65.23,3.12,8,FALSE,TRUE,253
23.82,44.18,131.9,145.86,45.07,2.69,8,FALSE,FALSE,255
26.3,41.46,102.35,58.13,45.92,1.33,10,TRUE,FALSE,189
26.08,42.92,102.29,90.37,94.63,2.54,7,TRUE,FALSE,232
25.88,71.18,99.89,76.51,59.67,3.85,6,FALSE,TRUE,232
29.69,64.87,109.07,120.64,70.87,3.92,8,FALSE,TRUE,266
29.88,65.37,89.6,62.84,76.7,3.26,7,TRUE,FALSE,223
20.46,57.27,119.82,147.9,88.26,3.65,8,FALSE,TRUE,275
25.49,75.73,73.94,59.1,38.13,3.03,7,FALSE,FALSE,202
24.67,51.73,81.03,148.68,65.58,4.98,9,FALSE,TRUE,266
22.43,42.29,98.61,138.46,72.06,4.41,8,FALSE,FALSE,254
20.57,76.21,140.33,127.37,94.8,2.83,9,FALSE,TRUE,284
18.76,75.74,103.74,64.51,35.5,2.99,6,FALSE,TRUE,206
24.42,68.43,121.59,92.79,37.78,4.74,7,TRUE,FALSE,234
23.88,61.91,61.06,101.18,64.24,4.81,7,FALSE,TRUE,223
25.87,49.84,107.34,84.54,72.18,2.34,7,FALSE,TRUE,225
24.32,68.5,102.43,147.37,41.71,1.18,10,FALSE,FALSE,261
27.43,53.51,100.37,60.91,78.58,2.92,9,FALSE,FALSE,212
28.51,44.22,91.35,74.93,45.21,1.85,7,FALSE,TRUE,206
23.08,46.76,78.06,141.39,66.95,2.85,9,TRUE,FALSE,258
23.51,79.94,90.52,92.65,40.26,3.44,7,TRUE,FALSE,223
29.04,40.87,53.54,77.7,98.71,1.71,10,FALSE,TRUE,233
22.59,78.18,84.17,77.26,32.84,3.95,8,FALSE,FALSE,211
30.2,65.34,72.31,59.66,39.54,1.14,9,FALSE,FALSE,200
31.27,69.32,121.99,143.12,64.42,1.1,8,TRUE,FALSE,268
24.12,40.86,76.38,60.18,51.98,4.16,7,FALSE,TRUE,188
25.45,76.62,109.18,126.92,57.16,1.23,10,TRUE,FALSE,257
26.33,54.21,119.09,68.65,79.04,4.6,7,TRUE,FALSE,237
21.42,73.36,85.05,51.32,31.07,4.55,7,TRUE,FALSE,191
31.25,57.91,77.65,112.29,57.85,4.24,9,TRUE,FALSE,236
18.78,47.88,99.93,91.22,82.28,2.58,9,TRUE,FALSE,229
24.97,70.92,120.21,55.82,71.73,3.55,6,FALSE,FALSE,221
24.05,64.97,102.83,91.91,53.58,4.43,10,TRUE,FALSE,243
31.09,72.91,97.24,135.04,67.38,3.52,9,TRUE,FALSE,276
25.37,68.18,164.3,50.02,38.99,4.39,7,FALSE,TRUE,234
20.8,48.59,105.34,83.8,79.64,1.17,8,FALSE,TRUE,217
26.68,45.16,97.76,109.16,72.08,3.04,9,TRUE,FALSE,246
26.03,41.53,117,102.48,63.89,3.33,7,FALSE,FALSE,235
28.97,64.83,109.98,136.43,82.88,2.61,7,FALSE,TRUE,277
19.89,72.43,120.25,60.04,80.88,1.6,6,FALSE,FALSE,222
28.06,74.19,67.62,83.27,72.92,4.93,9,TRUE,FALSE,229
28.32,42.67,98.47,127,71.01,1.04,9,FALSE,TRUE,249
23.13,48.18,115.95,120.89,53.83,4.08,10,FALSE,FALSE,244
22.31,47.11,84.48,120.99,68.59,1.06,8,TRUE,FALSE,228
23.14,79.65,116.84,69.87,82.73,3.64,8,TRUE,FALSE,223
28.29,66.59,111.21,84.95,96.2,2.68,10,FALSE,TRUE,255
27.5,55.16,110.54,131.71,43.7,2.12,7,FALSE,TRUE,240
23.63,69.24,79.49,75.37,40.68,1.4,7,FALSE,TRUE,211
27.71,51.57,73.89,52.43,49.67,2.62,8,FALSE,TRUE,193
28.92,68.47,78.74,50.44,44.2,3.9,9,TRUE,FALSE,207
24.13,40.12,84.71,75.63,95.4,2.56,8,FALSE,FALSE,213
28.6,63.38,109.41,148.15,32.93,3.33,7,FALSE,FALSE,248
23.83,42.32,91.1,143.75,95.71,4.74,9,FALSE,FALSE,264
23.97,52.08,88.35,78.3,59.77,3.19,7,TRUE,FALSE,212
24.64,59.62,54.29,85.44,80.21,2.35,8,FALSE,FALSE,215
25.92,75.61,71.08,107.65,85.06,1.94,8,FALSE,FALSE,238
18.84,46.11,98.32,142.01,67.51,4.72,10,FALSE,FALSE,250
21.85,46.9,60.8,85.78,67.14,4.31,9,FALSE,FALSE,209
17.98,63.55,97.32,75.04,38.7,2.67,7,FALSE,FALSE,199
26.91,60.97,99.64,127.29,56.96,2.76,6,FALSE,TRUE,256
28.8,57.95,140.69,65.75,91.35,3.02,10,FALSE,TRUE,249
29.38,53.67,87.27,67.43,32.07,3.82,8,FALSE,TRUE,206
19.11,57.65,132.22,118.15,37.86,3.75,9,FALSE,FALSE,232
25.16,60.78,126.04,135.73,35.57,1.61,9,FALSE,TRUE,256
21.45,62.13,99.19,96.77,82.11,1.62,8,FALSE,FALSE,237
20.94,45.16,89.11,69.92,76.07,1.68,6,FALSE,TRUE,205
23.28,53.08,88.83,76.01,68.35,4.72,9,FALSE,FALSE,217
21.1,55.58,80.58,115.71,59.62,1.09,6,TRUE,FALSE,223
31.13,60.95,84.7,147.65,39.86,2.21,9,FALSE,TRUE,250
20.55,53.61,100.51,83.67,52.58,1.48,8,FALSE,FALSE,210
22.01,47.79,125.44,118.87,97.25,3.65,7,FALSE,TRUE,265
24.46,73.53,67.42,84.11,80.54,3.53,10,TRUE,FALSE,231
25.14,62.82,99.58,64.54,67.76,4.74,6,FALSE,FALSE,212
25.05,73.93,113.24,135.44,36.29,4.18,7,FALSE,TRUE,263
21.4,72.79,84.65,83.81,86.58,1.05,8,TRUE,FALSE,238
25.69,79.85,91.98,148.2,86.17,4.13,10,TRUE,FALSE,299
25.79,69.04,75.54,100.91,46.49,3.62,9,TRUE,FALSE,228
27.09,53.38,95.55,142.84,79.09,4.77,9,FALSE,TRUE,274
24.43,45.7,78.28,142.46,85.49,1.11,8,FALSE,TRUE,248
27.82,62.66,103.9,105.13,70.96,3.6,7,FALSE,FALSE,251
20.65,70.43,99.61,92.14,42.28,3.78,9,TRUE,FALSE,234
28.89,73.17,94.13,134.2,63.69,1.95,8,FALSE,TRUE,264
27.52,47.52,81.18,139.64,45.53,4.8,9,FALSE,TRUE,254
25.94,66.41,90.15,87.78,33.98,4.32,10,FALSE,FALSE,221
26.37,43.12,79.11,69.19,60.63,4.4,8,FALSE,TRUE,206
27.9,66.09,113.49,135.48,75.87,3.61,6,TRUE,FALSE,269
27.53,58.07,84.56,51.9,60.09,3.73,8,FALSE,TRUE,210
21.84,59.05,117.39,69.57,57.49,2.11,9,FALSE,TRUE,226
28.3,46.66,114.6,138.21,31.19,2.06,7,TRUE,FALSE,241
25.64,71.36,83.95,95.61,71.91,2.53,8,FALSE,FALSE,227
28.47,61.74,89.56,74.14,79.21,2.38,6,FALSE,TRUE,223
26.18,55.09,89.13,53.37,44.6,2.41,9,TRUE,FALSE,198
22.03,49.08,118.68,128.99,48.04,3.78,8,FALSE,FALSE,243
21.7,74.82,120.67,126.93,67.87,4.48,8,FALSE,TRUE,277
26.27,60.59,52.76,68.51,95.33,4.91,7,FALSE,FALSE,217
28.25,59.38,100.27,57.76,66.81,4.49,7,TRUE,FALSE,216
20.51,62.7,113.75,66.76,53.73,2.96,7,FALSE,TRUE,219
23.95,65.31,115.98,121.64,80.79,4.36,7,FALSE,FALSE,264
28.16,59.48,115.4,125.24,66.42,1.87,8,FALSE,FALSE,256
23.89,44.92,138.49,118.44,76.05,2.6,8,FALSE,TRUE,258
30.34,62.02,116.22,53.34,41.17,1.64,10,FALSE,FALSE,199
27,63.7,55.37,121.3,47.12,2.59,7,FALSE,TRUE,230
28.64,77.74,84.21,100.88,65.2,4.66,10,FALSE,TRUE,251
22.94,69.58,38.32,65.71,49.27,2.66,7,FALSE,FALSE,180
30.47,49.58,88.7,92.51,40.82,4.23,7,TRUE,FALSE,214
27.3,50.68,137.29,111.18,87.42,1.88,7,FALSE,FALSE,248
26.19,74.25,82.96,112.33,93.45,2.37,7,FALSE,TRUE,257
27.39,54.44,92.84,78.64,71.26,4.21,10,TRUE,FALSE,228
25.96,64.7,100.4,122.85,57.66,2.04,7,TRUE,FALSE,252
29.26,69.28,155.41,94.8,67.9,4.25,7,FALSE,TRUE,258
24.85,42.42,94.77,136.55,36.26,1.92,7,FALSE,TRUE,238
24.39,55.94,116.36,67.06,60.45,3.62,6,FALSE,FALSE,198
24.61,68.35,108.88,117.25,84.76,3.51,7,TRUE,FALSE,268
25.85,78.3,91.42,82.39,46.4,4.54,6,TRUE,FALSE,229
25.38,45.09,83.06,143.39,88.82,2.62,7,FALSE,FALSE,249
19.61,42.97,88.97,126.54,52.52,2.56,9,FALSE,FALSE,225
28.48,79.56,93.78,92.18,49.73,2.67,8,FALSE,FALSE,238
22.33,72.19,65.31,90.9,39.56,1.29,7,FALSE,TRUE,203
23.7,71.31,90.05,93.31,87.54,4.6,8,TRUE,FALSE,247
24.08,40.22,72.87,132.63,34.49,4.29,8,FALSE,TRUE,234
27.46,75.22,89.41,123.38,93.18,4.75,10,TRUE,FALSE,275
18.81,78.5,74.32,100.33,97.02,1.48,10,TRUE,FALSE,246
20.96,51.18,101.87,149.66,90,4.5,9,TRUE,FALSE,273
32.35,68.46,84.09,116.62,54.26,3.94,8,TRUE,FALSE,251
29.1,71.2,136.4,100.55,74.1,2.13,7,TRUE,FALSE,250
30.32,49.96,83.92,86.12,73.81,1.54,8,FALSE,TRUE,225
24.32,74.71,87.12,138.91,96.56,4.64,8,TRUE,FALSE,276
28.84,78.19,112.34,131.04,94.99,4.59,7,FALSE,FALSE,283
24.5,48.54,135.19,72.39,79.9,4.46,9,TRUE,FALSE,230
23.79,71.01,106.78,89.12,52.63,4.52,6,FALSE,TRUE,237
19.65,69.42,104.12,53.51,41.91,1.88,9,FALSE,FALSE,190
24.86,79.97,110.21,133.19,90.44,4.11,9,FALSE,TRUE,288
24.3,42.18,101.34,96.92,33.56,3.19,7,FALSE,TRUE,219
18.43,54.56,89.94,69.7,85.13,1.02,6,FALSE,TRUE,221
22.21,66.94,117.25,102.08,89.26,1.51,8,FALSE,TRUE,246
24.22,67.78,79.54,89.16,88.8,1.05,9,TRUE,FALSE,247
21.64,44.44,93.34,119.92,98.08,1.5,8,FALSE,TRUE,255
27.35,73.57,74.69,147.49,55.71,1.36,9,TRUE,FALSE,269
24.12,71.67,58.72,59.45,72.72,2.98,9,FALSE,FALSE,212
26.02,50.1,114.81,133.49,68.71,2.06,9,TRUE,FALSE,265
28.66,50.25,97.19,110.18,69.72,1.71,8,FALSE,TRUE,245
26.21,78.59,95.14,51.93,35.77,2.89,9,FALSE,FALSE,212
20.99,45.87,112.56,66.65,31.3,1.85,10,FALSE,TRUE,197
27.17,67.31,89.47,128.82,51.35,4.07,8,FALSE,TRUE,250
23.35,59.99,83.36,51.93,91.26,2.22,10,TRUE,FALSE,208
20.13,51.36,105.88,142.43,89.52,4.4,7,TRUE,FALSE,269
24.46,56.15,99.76,147.17,34.08,1.95,9,FALSE,FALSE,249
26.48,79.57,56.65,136.57,81.49,4.74,7,TRUE,FALSE,271
26.31,56.64,131.14,67.74,62.42,3.81,10,FALSE,TRUE,238
20.21,56.45,148.81,91.58,68.64,4.65,7,FALSE,FALSE,243
25.16,60.91,97.74,110.5,71.57,2.94,9,FALSE,FALSE,245
28.12,61.72,88.53,123.38,35.79,1.16,7,FALSE,TRUE,237
23.08,56.56,88.16,102.21,53.96,3.87,7,FALSE,FALSE,226
25.14,67.15,97.08,114.94,54.21,1.12,7,FALSE,FALSE,241
25.31,52.45,114.26,144.43,87.79,4.81,8,FALSE,FALSE,273
25.64,64.19,110.51,68.36,32.87,3.59,7,TRUE,FALSE,205
28.48,40.75,78.14,76.45,77.32,1.85,7,TRUE,FALSE,200
25.54,60.89,77.27,138.2,80.87,4.72,9,TRUE,FALSE,262
21.23,44.32,157.47,78.31,76.7,4.82,8,FALSE,FALSE,236
21.95,59.24,80.35,149.51,91.69,3.32,7,FALSE,FALSE,270
25.82,54.48,123.84,75.01,34.88,4.91,9,FALSE,TRUE,227
19.09,76.99,78.18,101.66,37.42,4.88,10,FALSE,FALSE,227
25.12,67.41,113.74,148.52,69.87,3.37,7,FALSE,FALSE,275
25.38,74.67,129.03,137.5,84.72,4.81,7,FALSE,FALSE,281
26.61,78.19,118.28,62.15,85.99,4.46,8,TRUE,FALSE,244
23.89,72.75,142.47,53.03,33.21,4.46,8,FALSE,FALSE,225
25.33,49.46,92.41,122.93,33.89,3.87,8,FALSE,FALSE,236
22.89,61.5,128.83,70.96,48.68,2.72,7,FALSE,FALSE,215
22.75,67.86,129.25,50.27,79.89,1.14,8,TRUE,FALSE,222
27.98,63.02,75.64,77.96,52.5,4.19,6,FALSE,TRUE,226
23.39,43.36,128.86,50.03,98.73,3.11,9,FALSE,FALSE,216
26.14,68.21,99.03,146.03,42.09,4.72,8,TRUE,FALSE,275
28.49,56.49,89.91,115.5,91.48,3.28,8,FALSE,FALSE,254
30.07,41.87,99.42,137.68,56.79,4.31,7,FALSE,TRUE,259
29.5,59.29,117.06,85.84,51.01,2.62,7,FALSE,TRUE,233
23.24,53.25,114.27,53.73,88.11,3.19,10,FALSE,TRUE,223
20.51,56.41,123.03,119.82,59.46,1.61,9,FALSE,TRUE,250
24.19,49.62,77.91,71.72,46.68,4.1,9,TRUE,FALSE,205
23.67,64.83,70.4,127.94,40.54,1.47,8,FALSE,TRUE,238
24.87,73.19,121.06,147.25,39.21,2.73,7,TRUE,FALSE,262
24.28,65.66,118.85,51.04,57.67,1.4,7,TRUE,FALSE,206
24.68,47.37,108.26,55.53,96.29,1.25,9,TRUE,FALSE,209
19.53,40.22,78.72,100.64,35.74,1.75,6,TRUE,FALSE,195
26.07,42.92,135.15,127.81,99.77,2.47,7,FALSE,FALSE,274
30.78,67.99,92.77,100.56,60.9,2.35,6,FALSE,FALSE,238
30.48,60.48,81.1,93.11,93,1.16,9,FALSE,TRUE,241
26.91,71.25,110.42,60.71,56.82,2.81,9,TRUE,FALSE,217
27.25,51.97,106.63,85.59,90.28,1.81,6,TRUE,FALSE,235
22.74,76.81,50.22,73.2,30.46,4.44,9,TRUE,FALSE,196
23.69,60.25,113.81,90.98,73.84,2.44,9,TRUE,FALSE,237
31.84,67.86,91.39,142.82,48.73,3.02,8,TRUE,FALSE,261
26.08,71.99,117.19,83.39,50.69,2.56,8,FALSE,FALSE,234
29.01,66.67,119.46,134.21,61.9,2.89,8,FALSE,TRUE,266
25.41,60.26,107.84,130.99,99.02,3.12,9,FALSE,TRUE,271
26.83,46.91,119.43,77.06,47.58,4.96,6,TRUE,FALSE,221
27.5,57.84,122.7,52.34,49.18,2.92,8,TRUE,FALSE,211
27.11,62.26,92.56,90.06,80.5,3.19,10,FALSE,FALSE,239
21.91,73.95,104.01,78.92,51.55,1.46,7,TRUE,FALSE,215
24.4,52.93,81.61,63.19,69.04,3.63,7,FALSE,TRUE,209
31.67,74.24,93.46,133.07,38.96,1.18,6,FALSE,TRUE,257
25.04,67.97,87.24,86.99,82.65,4.15,7,TRUE,FALSE,232
28.81,77,89.15,132.77,52.67,4.37,7,FALSE,FALSE,265
24.76,47.62,120.05,57.3,62.77,3.37,6,FALSE,TRUE,219
21.43,61.45,134.35,55.41,73.67,4.59,10,FALSE,TRUE,234
22.62,41.77,80.75,66.39,35.91,3.36,6,FALSE,TRUE,196
20.52,77.37,100.66,90.66,31.01,2.23,7,FALSE,FALSE,216
19.55,66.59,97.24,137.5,79.05,3.64,8,FALSE,TRUE,274
24.09,56.79,89.02,94.16,98.12,1.78,10,FALSE,FALSE,239
22.81,47.74,85.17,102.09,55.2,3.88,7,FALSE,FALSE,229
20.85,50.59,113.57,106.81,79.9,4.03,9,FALSE,FALSE,245
22.66,60.05,116.87,117.95,83.92,1.83,7,TRUE,FALSE,254
23.27,53.84,82.07,141.86,75.94,4.52,9,FALSE,TRUE,261
26.56,63.24,54.33,64.58,50.11,3.71,9,FALSE,TRUE,202
26.63,72.35,89.97,142.9,90.52,1.57,8,FALSE,FALSE,270
25.44,61.75,67.9,130.1,39.64,3.74,7,TRUE,FALSE,236
28.11,59.49,113.96,137.99,91.21,1.85,8,TRUE,FALSE,269
25.26,75.82,119.98,79.14,65.2,1.44,9,FALSE,FALSE,231
25.8,65.52,70.02,61.68,41.31,1.81,10,FALSE,FALSE,201
22,45.57,113.76,82.24,55.7,4.69,8,FALSE,TRUE,229
22.94,46.17,116.75,138.43,68.46,3.85,7,TRUE,FALSE,267
24.85,49.36,112.6,75.78,65.53,1.31,8,FALSE,TRUE,225
23.85,45.73,74.12,57.95,61.65,3.31,9,FALSE,TRUE,199
30.39,47.58,86.1,68.81,96.8,2.14,9,FALSE,FALSE,217
26.81,47.57,111.85,144.5,79.39,2.04,7,TRUE,FALSE,259
27.12,53.92,101.57,88.82,50.79,3.56,7,TRUE,FALSE,223
24.59,53.97,59.82,100.56,38.51,2.35,7,TRUE,FALSE,215
26.25,78.77,106.96,147.71,51.85,4.17,7,FALSE,FALSE,274
29.68,67.34,118.32,129.19,79.05,4.85,8,FALSE,FALSE,278
23.02,63.89,108.49,114.12,99.63,4.07,9,FALSE,FALSE,273
28.78,66.22,109.82,52.75,68.76,4.7,9,TRUE,FALSE,228
20.61,66.01,93.77,77.87,63.8,3.76,10,FALSE,TRUE,225
26.79,68.05,119.54,86.08,38.13,2.18,6,TRUE,FALSE,224
28.11,74.92,94.52,126.23,47.06,4.55,7,FALSE,TRUE,256
28.06,59.42,89.49,51.56,48.87,3.5,8,TRUE,FALSE,205
27.91,40.64,133.68,95.95,81.7,4.01,9,FALSE,FALSE,237
20.71,54.89,141.95,113.77,88.36,3.83,8,FALSE,TRUE,268
24.04,49.65,97.04,102.01,69.28,2.89,7,TRUE,FALSE,223
29.95,64.26,96.32,121.77,67.3,2.94,7,FALSE,TRUE,257
28.28,67.92,87.19,59.66,78.37,3.18,10,FALSE,FALSE,221
23.22,74.24,95.73,116.46,48.18,2.93,7,TRUE,FALSE,251
22.86,73.09,129.18,112.65,76.31,4.19,8,FALSE,FALSE,256
26.47,41.11,107.04,148.77,92.86,1.28,10,FALSE,TRUE,271
24.72,41.41,76.09,70.74,77.24,3.75,8,FALSE,TRUE,217
24.5,70.64,55.84,66.35,51.62,4.78,7,FALSE,TRUE,207
22.88,51.2,139.13,122.8,39.7,3.7,10,FALSE,FALSE,241
25.92,62.67,85.42,115.58,42.86,4.84,8,TRUE,FALSE,248
27.59,77.61,63.67,54.14,74.9,2.62,8,TRUE,FALSE,210
25.08,59.43,116.04,112.69,55.48,2.99,9,FALSE,FALSE,244
27.18,45.11,94.3,99.91,96.25,2.92,7,FALSE,TRUE,241
25.09,63.02,112.8,68.83,81.45,1.52,7,FALSE,FALSE,230
33.1,69.52,106.61,59.43,89.85,3.98,8,TRUE,FALSE,245
27.07,71.09,78.34,131.11,32.33,4.02,10,FALSE,FALSE,237
29.24,73.29,79.07,110.24,85.69,2.55,8,TRUE,FALSE,254
20.12,53.19,103.57,112.75,50.11,4.66,7,TRUE,FALSE,232
23.1,79.21,69.32,81.85,71.15,4.21,8,FALSE,TRUE,234
24.54,55.21,102.54,73.71,80.14,1.95,8,FALSE,TRUE,224
22.6,50.36,117.35,109.42,71.28,3.85,7,FALSE,TRUE,248
18.58,73.06,113.67,134.14,36.92,2.33,7,FALSE,TRUE,244
23.95,77.47,97.32,69.06,68.83,3.64,7,FALSE,FALSE,222
29.87,76.37,59.9,130.92,56.86,2.9,7,FALSE,FALSE,239
26.4,66.15,90.61,108.23,80.18,4.17,9,TRUE,FALSE,262
26.64,76.11,106.7,98.42,31.38,3.76,10,FALSE,TRUE,241
28.09,57.34,120.7,78.88,66.37,2.1,9,FALSE,FALSE,226
24.43,70.18,67.21,144.9,63.78,1.28,7,FALSE,FALSE,250
28.53,78.24,106.79,133.02,44.63,2.06,9,FALSE,FALSE,258
25.35,73.37,117.82,102.25,31.69,3.18,7,FALSE,FALSE,236
27.09,42.4,125.66,76.14,34.49,4.76,9,TRUE,FALSE,211
22.06,53.4,101.4,130.65,84.9,1.11,7,FALSE,FALSE,250
25.25,72.76,94.94,76.17,51.72,1.2,9,FALSE,TRUE,221
26.25,53.46,111,69.27,68.48,1.33,10,FALSE,TRUE,219
22.82,61.38,118.01,55.69,90.11,2.18,8,FALSE,FALSE,228
21.82,57.72,71.61,63.26,31.24,4.7,9,TRUE,FALSE,199
20.18,79.44,60.36,73.25,70.94,3.01,7,TRUE,FALSE,216
26.28,45.53,115.69,114,39.69,3.28,8,FALSE,FALSE,245
25.72,50.61,94.51,110.52,85.84,1.92,8,TRUE,FALSE,247
27.74,41.79,109.24,85.25,66.02,2.62,9,FALSE,TRUE,228
26.73,63.3,107.91,77.4,63.69,3.1,6,FALSE,TRUE,228
30.88,40.48,98.67,146.38,71.65,3.77,8,TRUE,FALSE,262
25.98,50.81,132.46,99.99,84.09,3.06,8,FALSE,TRUE,252
27.61,46.51,103.36,118.32,69.23,4.28,6,FALSE,FALSE,245
26.11,56.75,94.46,128.74,81.12,4.61,7,TRUE,FALSE,260
25.46,79.33,99.37,102.29,63.24,2.29,7,FALSE,TRUE,240
23.66,77.65,55.83,121.17,71.59,1.51,9,FALSE,FALSE,239
26.94,49.41,105.74,107.09,34.23,3.56,9,FALSE,FALSE,225
25.25,63.48,90.24,105.31,96.81,4.18,9,FALSE,FALSE,255
21.94,64.54,104.3,102.82,91.94,1.38,9,FALSE,TRUE,247
25.55,56.69,102.02,142.3,49.05,4.08,9,TRUE,FALSE,260
21.82,70.29,74.86,118.64,75.91,2.29,7,FALSE,FALSE,241
25.61,63.99,120.85,62.84,34.12,3.19,9,FALSE,TRUE,214
28.32,45.67,141.32,131.41,90.93,2.54,8,TRUE,FALSE,276
27.21,53.58,148.55,102.32,47.42,3.55,8,FALSE,FALSE,240
21,66.4,96.68,95.22,92.63,2.71,7,FALSE,TRUE,244
20.61,61.58,85.2,145.39,50.3,2.69,9,FALSE,TRUE,259
17.75,57.42,130.97,76.91,51.1,2.88,9,FALSE,TRUE,219
23.92,55.91,91.26,120.51,36.71,1.64,8,FALSE,FALSE,214
24.92,57.21,109.17,99.7,72.88,4.61,8,FALSE,TRUE,254
19.5,55.69,76.62,109.4,85.15,4.42,6,FALSE,TRUE,240
23.07,75.28,129.02,88.27,31.56,1.99,7,FALSE,TRUE,224
19.68,57.85,132.49,108.81,98.07,4.35,8,FALSE,FALSE,264
23.04,58.26,111.63,50.75,57.23,3.31,8,TRUE,FALSE,208
28.46,77.45,90.56,115.1,31.73,1.97,6,FALSE,FALSE,235
25.41,63.26,109.52,72.61,87.22,3.23,9,FALSE,FALSE,232
29.8,41.01,72.88,130.1,48.54,1.95,7,FALSE,FALSE,232
27.05,60.35,63.88,144.32,88.25,3.05,7,FALSE,FALSE,265
23.62,53.35,114.09,137.05,79.18,1.26,7,FALSE,FALSE,260
29.71,45.16,122.83,109.56,70.2,1.39,8,FALSE,FALSE,250
27.65,78.1,98.37,59.23,76.55,2.29,7,FALSE,FALSE,226
19.82,51.76,76.06,146.26,35.41,3.26,7,FALSE,TRUE,250
23.94,49.21,100.1,72.89,95.62,3.85,9,FALSE,TRUE,226
22.76,73.31,94.1,87.19,84.17,2.45,9,FALSE,FALSE,240
24.34,68.86,140.01,125.59,32.85,4.67,8,FALSE,TRUE,263
25.94,51.12,90.38,110.58,93.75,3.62,6,TRUE,FALSE,250
28.37,75.67,87.02,111.15,58.48,4.53,6,TRUE,FALSE,242
25.79,74.94,114.86,53.06,90.61,3.24,10,FALSE,FALSE,235
24.11,48.98,97.45,69.09,74.05,1.69,9,FALSE,TRUE,216
27.68,46.89,81.02,54.45,72.71,2.05,9,FALSE,TRUE,203
24.12,57.52,83.99,135.87,36.84,4.04,8,TRUE,FALSE,253
26.9,55.02,110.69,54.52,96.2,4.53,6,FALSE,FALSE,221
24.38,72.49,118.35,91.28,71.53,2.97,8,TRUE,FALSE,247
28.79,79.1,116.17,79.61,67.45,3.97,8,TRUE,FALSE,253
25.26,70.74,104.81,90.11,37.11,2.7,10,TRUE,FALSE,225
23.34,56.18,108.99,111.45,59.01,2.46,7,TRUE,FALSE,241
21.21,56.16,66.37,124.35,79.88,1.26,9,TRUE,FALSE,247
25.38,73.59,137.17,140.44,44.13,3.21,7,TRUE,FALSE,267
23.53,57.03,64.98,61.45,66.62,2.95,10,FALSE,FALSE,198
29.07,65.23,112.91,83.74,47.63,4.73,6,FALSE,TRUE,240
26.89,70.86,136.03,87.41,95.88,4.96,9,FALSE,TRUE,261
25.79,61.17,84.53,145.76,35.62,3.17,7,FALSE,TRUE,255
24.07,46.31,81.46,67.91,85.61,1.53,7,TRUE,FALSE,193
26.83,53.7,68.55,132.09,69.83,4.47,6,FALSE,FALSE,243
22.06,66.95,97.56,106.67,58.02,4.09,6,FALSE,FALSE,241
18.97,44.37,102.78,121.43,49.59,4.08,9,FALSE,TRUE,243
21.23,50.57,134.23,132.36,53.01,2.33,10,FALSE,FALSE,252
25.25,74.71,129.47,83.32,59.69,2.29,6,FALSE,FALSE,231
31.37,44.15,81.49,105.36,69.05,4.06,8,FALSE,TRUE,240
28.25,61.99,109.74,90.54,85.87,1.35,9,FALSE,TRUE,246
25.47,63.54,124.75,52.82,75.23,4.58,9,FALSE,TRUE,227
24.12,66.62,145.45,53.09,36.8,1.54,8,TRUE,FALSE,213
24.14,62.35,106.96,72.94,76.93,1.27,9,FALSE,TRUE,219
24.87,70.94,111.89,73.39,33.51,4.67,7,FALSE,FALSE,222
24.38,75.69,89.48,100.54,58.33,3.78,9,FALSE,FALSE,248
29.18,59.43,75.27,143.15,53.16,3.39,10,TRUE,FALSE,258
20,69.27,118.6,87.32,80.1,1.4,8,FALSE,TRUE,240
28.34,65.74,104.1,97.68,93.39,4.41,7,TRUE,FALSE,266
23.81,53.57,115.35,88.72,54.77,4.59,7,FALSE,TRUE,241
21.4,70.32,101.67,104.8,91.27,1.88,8,TRUE,FALSE,253
23.09,57.63,74.67,139.52,39.55,2.01,6,TRUE,FALSE,233
24.59,61.85,92.51,81.48,62.77,4.07,6,FALSE,FALSE,219
29.01,56.49,131.59,136.51,62.45,1.95,8,TRUE,FALSE,265
22.89,46.96,55.29,75.87,71.24,3.88,6,FALSE,TRUE,208
29.5,72.74,105.45,95.06,58.76,3.46,8,TRUE,FALSE,245
23.19,76.33,84.92,143.65,72.88,3.54,9,FALSE,TRUE,274
29.33,52.78,118.47,54.53,73.79,4.89,9,TRUE,FALSE,226
24.12,79.01,88.19,116.19,90.25,4.47,9,FALSE,FALSE,264
31.85,55.85,112.04,129.07,42.12,2.36,8,FALSE,FALSE,249
27.47,77.98,93.58,68.59,95.65,1.49,10,TRUE,FALSE,243
24.28,51.6,101.87,108.8,50.86,1.39,7,TRUE,FALSE,230
30.25,78.9,76.72,110.37,56.28,3.76,9,FALSE,FALSE,251
25.51,74.17,84.77,121.67,41.58,1.67,9,FALSE,TRUE,242
21.57,79.91,95.04,116.97,90.08,2.38,7,FALSE,TRUE,271
24.11,72.95,127.66,107.64,58.16,2.88,9,TRUE,FALSE,253
20.91,51.81,90.2,94.1,88.71,3.67,7,FALSE,TRUE,229
21.26,63.67,67.09,115.85,58.75,3.6,7,FALSE,TRUE,228
27.91,77.01,116.02,62.73,66.84,2.97,6,FALSE,FALSE,229
25.77,50.96,125.96,77.9,61.12,4.13,7,FALSE,FALSE,216
22.62,41.3,93.04,54.22,39.54,3.84,7,FALSE,FALSE,179
26.45,50.08,101.82,62.46,67.59,2.94,8,TRUE,FALSE,211
22.69,67.67,108.86,95.49,50.33,1.59,9,FALSE,FALSE,227
25.83,57.46,68.04,78.69,31.46,2.14,7,TRUE,FALSE,207
25.84,54.25,91.61,135.59,51.76,1.2,7,FALSE,FALSE,244
27.76,44.65,97.59,140.63,31.52,3.16,6,FALSE,TRUE,243
17.23,71.43,128.84,116.46,65.68,4.91,8,TRUE,FALSE,260
26.49,50.66,111.23,83.44,68.4,4.09,7,TRUE,FALSE,238
29.29,67.44,131.88,142.39,41.11,1.78,10,FALSE,TRUE,270
29.07,61.38,103.95,54.5,61.49,3.13,7,TRUE,FALSE,215
27.58,73.8,129.24,103.1,32.87,4.16,8,TRUE,FALSE,244
25.05,45.26,107.38,141.37,64.73,1.89,6,FALSE,TRUE,250
24.71,49.35,84.79,97.34,89.95,1.41,7,FALSE,TRUE,234
19.08,52.23,106.09,76.24,38.8,3.58,10,FALSE,TRUE,220
22.62,79.14,104.47,83.64,90.71,1.21,9,FALSE,TRUE,245
23.99,55.53,109.4,121.85,33.95,4.91,6,TRUE,FALSE,252
20.72,68.1,155.2,147.74,65.58,1.01,7,FALSE,FALSE,274
19.6,70.47,132.53,72.96,93.61,2.81,9,FALSE,FALSE,245
22.81,77.55,134.67,62.3,39.95,1.05,8,FALSE,FALSE,210
20.11,69.75,94.18,140.47,92.18,1.6,9,FALSE,FALSE,265
24.55,54.53,49.21,97.43,92.28,1.19,9,TRUE,FALSE,228
20.19,42.53,127.76,64.12,46.23,2.91,10,FALSE,FALSE,202
25.78,70.18,114.2,133.9,47.75,3.28,9,TRUE,FALSE,261
22.86,56.89,52.56,89.17,50.08,4.74,7,TRUE,FALSE,205
22.29,66.45,120.37,141.24,66.85,3.58,9,FALSE,TRUE,270
24.2,54.03,99.24,135.3,66.62,4.44,7,FALSE,TRUE,267
23.5,70.29,88.77,135.87,60.47,4.14,6,FALSE,TRUE,264
25.6,46.06,121.13,54.28,37.78,3.93,7,FALSE,FALSE,202
24.31,43.67,67.1,57,64.08,4.09,10,TRUE,FALSE,194
24.41,71.49,119.67,100.9,81.17,3.43,8,TRUE,FALSE,255
23.3,57.87,119.92,66.95,36.82,4.81,9,FALSE,FALSE,211
22.71,55.27,102.8,131.33,61.37,1.47,10,FALSE,TRUE,256
25.99,54.32,99.12,141.98,34.19,3.44,10,FALSE,TRUE,259
23.66,62.03,96.69,73.68,41.11,4.4,10,FALSE,FALSE,218
18.11,63.8,90.32,73.86,34.48,1.81,8,FALSE,TRUE,197
24.06,66.14,110.21,53.06,97.33,2.77,9,TRUE,FALSE,233
23.89,70.08,114.85,113.21,41.03,3.75,9,FALSE,TRUE,248
27.5,54.32,97.66,126.78,90.31,4.57,8,FALSE,FALSE,265
29.52,43.34,132.15,117.13,43.77,3,9,TRUE,FALSE,249
32.46,53.79,94.34,66.5,95.76,3.23,7,FALSE,FALSE,234
23.25,63.25,101.19,122.77,53.49,1.79,7,TRUE,FALSE,235
27.27,64.66,88.15,124.98,52.32,2.28,9,TRUE,FALSE,252
27.21,74.99,120.19,115.46,96.58,2.44,7,FALSE,TRUE,281
19.56,73.91,84.56,58.5,57.41,2.56,9,FALSE,FALSE,210
18.98,59.92,90.44,137.8,87.03,1.82,9,TRUE,FALSE,256
18.7,41.93,102.01,107.65,48.36,3.99,10,FALSE,FALSE,225
25.19,61.17,98.64,110.39,86.54,4.34,6,TRUE,FALSE,253
22.97,75.02,134.8,69.27,98.45,4.56,8,FALSE,TRUE,260
28.84,44.54,88.5,71.19,54.89,3.69,7,FALSE,TRUE,203
23.73,59.1,113.33,127.21,96.05,4.29,7,TRUE,FALSE,271
29.17,71.57,101.67,139.95,89.7,1.51,10,FALSE,TRUE,283
26.87,60.34,121.4,50.78,57.96,2.98,10,FALSE,TRUE,222
31.44,77.62,81.36,63.64,99.93,2.52,9,FALSE,FALSE,241
18.1,76.27,68.72,110.74,94.09,4.9,6,TRUE,FALSE,244
27.84,78.7,44.01,69.45,67.56,2.41,7,FALSE,TRUE,217
23.85,67.07,68.82,90.37,94.56,2.8,7,FALSE,FALSE,234
26.05,46.83,120.92,113.41,58.57,2.12,8,FALSE,FALSE,244
26.84,42.47,130.63,81.01,88.55,3.87,9,FALSE,TRUE,237
23.01,40.02,116.48,85.68,79.17,1.18,8,FALSE,FALSE,228
21.8,62.22,96.59,138.13,56.78,2.67,7,TRUE,FALSE,248
29.55,75.13,90.69,146.24,36.53,4.18,7,FALSE,FALSE,257
26.43,75.79,114.32,109.14,58.56,1.94,8,FALSE,FALSE,253
28.36,59.15,87.87,120.46,76.37,2.12,7,FALSE,FALSE,245
29.46,79.67,107.3,125.32,41.67,3.72,7,TRUE,FALSE,258
33.21,66.47,104.33,78.47,84.39,3.26,8,TRUE,FALSE,256
26.14,75.07,73.08,106.62,91.61,2.87,9,FALSE,TRUE,253
22.77,50.24,131.63,131.84,77.21,1.82,9,TRUE,FALSE,266
25.77,58.68,96.37,94.56,48.63,2.96,9,FALSE,FALSE,226
28.63,58.32,85.72,121.14,54.5,2.6,8,FALSE,TRUE,252
23.66,67.59,100.09,130.42,38.54,3.23,6,TRUE,FALSE,245
22.82,66.8,94.89,69.55,70.72,1.03,8,TRUE,FALSE,215
18.91,78.27,86.05,110.84,54.76,1.49,7,TRUE,FALSE,229
25.69,40.2,78.69,133.43,33.83,1.83,8,FALSE,FALSE,228
24.81,41.3,107.1,70.7,94.38,3.35,6,FALSE,TRUE,227
23.88,71.21,110.75,111.59,75.09,2.83,7,TRUE,FALSE,256
27.19,59.9,83.66,119.73,98.75,4.33,7,FALSE,TRUE,270
25.27,61.67,118.62,114.69,57.92,2.8,6,FALSE,TRUE,243
26.73,51.36,92.75,132.2,86.97,2.06,9,FALSE,FALSE,259
33.89,44.82,94.03,121.99,38.41,3.18,7,FALSE,FALSE,234
28.55,42.44,109.61,54.77,86.32,1.31,10,TRUE,FALSE,214
25.55,49.84,75.4,62.37,35.18,3.15,8,FALSE,FALSE,193
25.35,44.16,107.13,80.55,71.36,1.29,8,FALSE,TRUE,230
23.7,63.12,107.77,82.2,60.09,2.67,7,FALSE,TRUE,227
25.53,46.42,119.76,90.73,73.73,3.33,7,TRUE,FALSE,239
22.12,47.38,128.25,79.37,92.15,1.77,8,FALSE,FALSE,227
25.31,67.09,137.78,75.58,78.69,2.81,7,FALSE,TRUE,242
19.81,76.26,119.68,70.93,47.4,4.39,10,FALSE,FALSE,224
28.21,40.91,76.5,103.16,90.61,2.22,7,TRUE,FALSE,230
30.54,41.74,70.16,95.77,73.62,1.42,9,FALSE,FALSE,218
23.11,40.74,111.24,60.99,72.27,1.63,8,FALSE,TRUE,208
21.82,60.71,87.93,79,95.94,4.35,10,FALSE,FALSE,234
21.63,77,94.19,136.5,81.54,1.79,8,FALSE,FALSE,261
26.8,40.66,124.91,137.81,68.9,2.45,10,FALSE,TRUE,255
26.88,61.7,113.44,126.9,33.18,4.88,7,FALSE,TRUE,263
27.95,61.26,134.46,117.94,73.7,3.95,7,TRUE,FALSE,272
18.68,59.52,104.26,85.32,76.54,4.6,8,FALSE,TRUE,244
29.29,57.64,114.93,96.79,32.09,3.4,6,FALSE,FALSE,219
24.35,66.42,62.41,96.14,53.12,4.28,8,FALSE,TRUE,228
28.26,77.33,107.27,67.24,71.59,3.75,7,FALSE,TRUE,239
30.8,41.72,105.74,102.52,85.78,1.59,8,FALSE,FALSE,245
23.9,61.84,94.2,122.38,35.33,4.73,10,FALSE,FALSE,250
26.64,57.33,88.18,58.39,89.08,4.69,8,FALSE,TRUE,222
23.85,47.35,107.63,98.5,41.22,4.21,6,FALSE,FALSE,221
24.15,66.16,62.87,135.62,34.63,1.7,9,TRUE,FALSE,231
29.75,43.93,84.8,147.57,46.09,3.08,9,FALSE,FALSE,246
24.33,50.19,135.04,63.68,99.58,3.32,10,FALSE,TRUE,244
27.8,56.15,92.11,105.73,78.73,1.67,9,FALSE,FALSE,246
27.07,79.99,110.93,66.45,69.04,2.2,8,TRUE,FALSE,228
29.23,78.52,100.69,112.34,67.04,1.79,6,FALSE,FALSE,245
31.34,49.97,57.52,130.28,87.68,1.62,10,TRUE,FALSE,248
27.12,73.57,122.73,96.75,42.6,1.92,9,FALSE,TRUE,243
28.19,76.44,98.33,109.47,60.94,3.31,9,TRUE,FALSE,251
30.37,68.06,114.36,131.53,39.01,2.62,9,TRUE,FALSE,253
26.78,76.81,117.32,77.79,70.77,2.98,9,FALSE,TRUE,245
21.93,60.09,91.99,105.18,69.14,3.24,6,FALSE,FALSE,230
29.92,48.17,100.07,146.37,97.81,3.95,6,FALSE,FALSE,272
25.83,63.53,100.99,82.25,58.78,2.37,10,TRUE,FALSE,238
29.96,47.72,127.42,75.68,34.97,1.9,9,FALSE,FALSE,206
16.46,41.44,136.5,109.1,60.7,3.31,8,TRUE,FALSE,238
29.74,57.29,116.59,143.54,70.04,4.23,7,FALSE,TRUE,274
27.07,40.59,79.78,57.51,63.33,3.82,8,TRUE,FALSE,200
25.24,60.03,88.69,101.96,64.42,2.11,7,FALSE,FALSE,232
28.13,74.45,121.42,102.95,77.52,3.4,9,TRUE,FALSE,268
28.81,49.03,86.24,96.2,86.88,3.51,10,FALSE,TRUE,238
27.66,50.89,108.6,73.54,99.6,1.94,6,TRUE,FALSE,232
27.78,79.9,95.42,50.97,38.23,2.48,10,FALSE,FALSE,209
22.45,76.42,87.56,64.05,96.63,3.54,7,FALSE,TRUE,236
21.53,65.76,122.2,112.76,99.55,2.1,8,FALSE,FALSE,257
19.91,61.35,75.3,147.2,83.58,3.91,7,TRUE,FALSE,258
29.17,71.11,119.69,68.55,60.55,1.34,7,FALSE,FALSE,218
24.12,66.47,73.81,105.64,35.23,4.46,9,FALSE,FALSE,228
23.56,48.58,97.45,54.28,63.93,2.35,10,FALSE,TRUE,210
25.3,63.02,89.08,133.97,89.58,2.89,7,TRUE,FALSE,268
27.46,69.93,114.79,72.21,30.91,1.83,7,FALSE,TRUE,221
21.6,61.48,115.84,137.52,39.57,1.52,9,TRUE,FALSE,241
25.25,46.22,64.63,142.98,32.5,3.84,9,FALSE,FALSE,239
29.57,48.74,94.88,101.11,37.87,4.62,9,TRUE,FALSE,236
23.19,44.7,107.36,65.12,39.13,4.93,8,FALSE,TRUE,200
31.91,46.3,91.32,142.45,71.18,2.54,8,TRUE,FALSE,256
27.9,74.28,83.35,129.7,39.13,2.06,8,FALSE,TRUE,250
23.82,45.67,108.59,123.11,32.87,2.36,10,FALSE,TRUE,242
26.83,58.72,111.48,138.97,76.82,1.97,6,FALSE,FALSE,270
25.03,53.33,109.45,127.91,60.3,4.71,9,TRUE,FALSE,246
25.37,70.2,88.86,140.34,79.16,4.38,8,TRUE,FALSE,279
24.25,40.12,95.61,132.13,91.68,4.84,7,FALSE,FALSE,252
24.78,51.95,89.14,63.34,98.69,4.96,8,FALSE,TRUE,222
25.62,47.67,105.18,79.34,68.94,4.3,9,FALSE,FALSE,216
22.99,42.37,122.29,72.42,69.82,4.79,7,TRUE,FALSE,209
23.96,62.3,139.57,74.47,46.53,3.17,7,TRUE,FALSE,231
28.46,75.48,59.93,143.07,76.63,2.34,8,FALSE,TRUE,270
24.64,76.98,72.34,51.53,48.84,1.42,9,TRUE,FALSE,198
31.72,45.7,101.12,130.91,44.36,2.74,7,FALSE,FALSE,246
27.45,50.11,93.61,81.15,80.06,1.48,9,TRUE,FALSE,225
24.09,67.06,107.77,103.6,40.57,1.03,7,FALSE,FALSE,221
24.66,56.79,103.1,87.21,69.85,1.46,6,TRUE,FALSE,228
23.14,42.23,110.72,136.5,54.02,1.07,8,FALSE,TRUE,246
26.33,53.22,99.07,59.53,43.86,1.51,9,FALSE,FALSE,197
24.92,43.18,73.55,106.98,50.32,4.34,7,TRUE,FALSE,221
24.76,76.32,87.48,89.36,32.97,1.05,9,FALSE,FALSE,213
27.93,73.15,74.92,74.75,46.76,4.53,8,TRUE,FALSE,230
23.26,59.4,96.05,98.96,42.67,4.61,8,FALSE,TRUE,227
24.14,44.41,106.32,58.22,81.69,3.68,7,TRUE,FALSE,203
23.05,45.24,111.95,107.77,31.09,4.01,6,FALSE,TRUE,235
24.82,47.04,94.52,99.47,76.34,1.15,7,FALSE,TRUE,234
24.71,69.51,109.88,52.27,89.26,2.67,9,FALSE,FALSE,229
25.15,44.95,52.57,84.79,86.62,1.32,8,FALSE,FALSE,208
27.65,46.35,97.17,100.54,96.43,4.02,10,TRUE,FALSE,253
28.49,67.35,89.72,98.68,72.87,3.04,6,FALSE,FALSE,236
28.7,51.49,120.33,112.75,85.39,1.6,10,TRUE,FALSE,257
21.66,71.51,113.58,91.53,61.03,2.46,9,TRUE,FALSE,237
26.7,59.61,88.94,73.35,52.83,1.84,7,FALSE,FALSE,208
24.92,44.21,113.15,113.11,32.09,3.17,10,FALSE,FALSE,221
24.96,71.74,112.97,82.19,85.17,2.26,7,FALSE,FALSE,237
21.28,57.79,58.81,149.06,62.37,3.58,7,TRUE,FALSE,246
30.72,53.82,87.09,117.68,92.4,2.42,9,FALSE,TRUE,253
21.09,52.17,126.32,53.74,41.26,1.84,9,FALSE,TRUE,193
24.12,49.1,87.1,138.74,99.89,3.42,10,TRUE,FALSE,272
26.46,44.2,76.37,60.76,59.85,3.59,6,FALSE,FALSE,191
25.27,72.75,100.37,67.45,95.35,4.14,9,TRUE,FALSE,247
22.84,53.49,83.03,147.71,77.39,3.59,9,FALSE,TRUE,261
27.57,49.81,115.44,112.19,88.02,2.13,9,FALSE,FALSE,242
29.8,48.57,104.04,70.16,88.8,2.2,6,TRUE,FALSE,221
23.71,41.67,99.26,134.2,96.18,1.99,7,TRUE,FALSE,257
25.55,51.21,82.99,118.02,80.96,3.48,6,FALSE,TRUE,247
19.91,68.25,105.53,78.63,31.46,1.55,7,FALSE,TRUE,207
24.59,40.61,88.94,92.24,97.38,4.47,8,FALSE,TRUE,238
26.46,66.02,125.7,97.12,41.77,2.14,9,FALSE,FALSE,238
25.38,55,101.19,65.6,88.24,3.09,9,TRUE,FALSE,227
21.42,45.84,148.48,74.04,89.66,2.48,8,FALSE,FALSE,228
22.37,44.93,94.97,67.39,57.15,3.54,9,TRUE,FALSE,203
24.74,45.9,105.25,105.4,95.58,2.4,7,FALSE,TRUE,240
24.55,62.57,81.1,122.68,39.42,1.8,6,TRUE,FALSE,228
25.99,67.41,104.35,89.36,88.84,2.89,6,TRUE,FALSE,250
26.07,66.65,88.01,108.77,64.72,3.61,10,FALSE,TRUE,252
24.47,79.43,92.37,51.84,30.45,1.47,9,FALSE,TRUE,204
21.89,45.19,111.83,119.24,32.76,4.79,9,FALSE,FALSE,241
27.66,42.42,109.94,80.11,37.83,3.95,7,TRUE,FALSE,213
27.63,66.35,125.09,62.17,79.98,2.5,8,FALSE,FALSE,218
25.28,53.05,115.19,97.12,63.88,4.64,7,TRUE,FALSE,235
26.25,51.11,94.74,137.59,76.13,3.63,7,TRUE,FALSE,258
26.74,71.62,114.86,58.25,81.92,4.34,10,FALSE,FALSE,229
33.47,42.04,82.94,94.99,57.88,1.79,9,FALSE,TRUE,229
27.9,44.35,103.13,99.43,99.75,3.18,8,FALSE,TRUE,240
25.1,76.81,114.68,71.33,43.49,2.76,9,TRUE,FALSE,228
21.13,48.3,92.21,96.97,53.63,1.12,9,FALSE,FALSE,219
22.51,79.23,67.09,103.39,39.05,3.3,8,FALSE,TRUE,231
24.64,57.05,93.22,109.2,77.29,2.01,8,FALSE,FALSE,233
24.12,45.49,73.14,107.42,34.45,2.77,8,FALSE,TRUE,228
24.14,41.74,67.32,80.4,64.34,3.47,7,FALSE,FALSE,194
25.75,53.82,84.32,115.47,79.12,1.75,8,FALSE,TRUE,238
24.07,73.79,107.85,100.13,68.9,4.5,6,TRUE,FALSE,254
27.92,60.57,105.33,142.12,34.37,4.6,10,FALSE,TRUE,262
23.01,56.61,107.67,84.54,83.72,4.81,8,FALSE,TRUE,244
30.37,60.61,94.91,80.71,83.42,2.72,8,FALSE,TRUE,237
33.24,70.28,126.98,95.28,83.05,2.24,7,FALSE,TRUE,262
23.59,40.18,81.92,94.66,64.31,1.16,8,FALSE,TRUE,217
23.12,70.15,77.78,130.4,75.57,2.18,6,TRUE,FALSE,256
27.64,54.38,99.29,146.93,81.07,2.9,9,FALSE,TRUE,274
27.7,70.4,73.05,133.54,31.31,2.08,8,FALSE,TRUE,249
26.66,52.27,91.16,64.14,42.15,2.18,7,FALSE,FALSE,195
27.67,75.97,104.78,73,85.22,3.93,9,TRUE,FALSE,242
21.26,66.83,99.23,81.05,81.95,3.5,7,TRUE,FALSE,225
23.04,48.89,126.38,63.55,84.1,1.82,9,TRUE,FALSE,223
26.73,47.67,92.36,75.28,34.15,4.63,7,FALSE,TRUE,206
25.96,75.54,116.75,122.72,60.1,2.83,10,TRUE,FALSE,257
25.98,43.64,75.06,107.84,41.77,4.92,9,TRUE,FALSE,226
24.73,61,98.61,119.35,38.21,2.8,10,FALSE,FALSE,236
20.67,57.55,117.8,74.15,62.43,3.06,8,TRUE,FALSE,225
24.11,52.79,126.04,149.46,57.83,3.99,8,FALSE,FALSE,269
29.52,67.96,101.48,78.87,70.45,1.83,7,FALSE,TRUE,233
23.48,68.73,89.72,51.6,90.06,1.8,7,FALSE,FALSE,207
27.99,48.96,73.61,138.42,86.29,1.2,7,FALSE,FALSE,248
23.72,60.94,127.07,111.94,36.69,3.68,7,FALSE,TRUE,241
27.92,60.78,113.35,60.07,95.9,1.62,6,FALSE,FALSE,223
29.65,43.18,75.59,133.3,78.09,2.19,9,TRUE,FALSE,244
22.57,79.31,134.42,69.98,97.22,1.54,8,TRUE,FALSE,250
26.9,64.24,87.77,88.28,62.86,3.68,8,FALSE,FALSE,233
19.36,56.33,70.81,79.78,43.09,1.15,6,FALSE,TRUE,202
21.7,73.64,109.69,139.08,92.41,3.58,7,FALSE,TRUE,281
24.91,48.19,99.81,138.16,30.18,2.67,8,FALSE,TRUE,237
26.9,42.95,118.6,99.19,95.45,4.14,6,FALSE,FALSE,244
25.09,41.96,92.91,127.6,38.01,2.96,7,TRUE,FALSE,228
25.82,48.19,79.17,85.42,81.08,4.29,7,TRUE,FALSE,238
26.83,58.13,68.89,117.87,33.27,1.3,8,TRUE,FALSE,221
25.34,67.12,96.52,111.05,56.94,4.66,9,FALSE,TRUE,249
26.88,56.06,76.19,121.42,35.72,3.85,7,FALSE,FALSE,225
28.22,52.19,110.22,65.16,64.2,1.16,7,TRUE,FALSE,205
24.27,61.81,105.2,87.15,38.88,3.84,8,FALSE,TRUE,229
21.17,43.17,114.98,139.03,55.13,3.6,10,FALSE,TRUE,261
21.63,42.42,79.94,142.81,76.31,4.44,8,TRUE,FALSE,252
23.29,69.92,119.62,96.48,98.85,1.51,8,FALSE,FALSE,243
19.25,63.67,90.34,123.81,48.71,3.19,9,TRUE,FALSE,240
26.95,69.74,87.69,129.09,37.5,2.93,6,FALSE,FALSE,247
29.16,58.95,120.9,91.01,43.81,1.74,7,TRUE,FALSE,224
23.12,42.27,99.53,105.69,57.02,1.26,7,FALSE,FALSE,223
21.59,63.72,121.99,115.64,39.45,3.7,8,FALSE,FALSE,237
30.33,51.29,92.78,54.97,43.01,2.84,6,FALSE,FALSE,187
24.78,76.55,64.92,97.69,48.44,2.18,8,FALSE,FALSE,223
25.57,64.12,88.04,139.28,60.19,4.84,7,FALSE,FALSE,258
27.31,42.93,60.53,60.91,36.98,3.8,8,TRUE,FALSE,182
25.19,73.17,100.24,53.46,42.79,1.25,8,TRUE,FALSE,207
24.95,59.92,128.66,122.04,32.7,4.38,8,FALSE,FALSE,243
26.59,55.03,119.53,84.59,96.44,4.82,8,FALSE,FALSE,248
24.57,55.65,65.58,57.34,87.67,1.95,10,FALSE,FALSE,202
23.79,46.68,108.22,132.6,92.87,1.28,7,FALSE,TRUE,253
21.6,48.58,110.43,126.21,68.6,1.32,9,FALSE,FALSE,242
25.7,44.9,108.19,147.07,58.61,3.33,7,FALSE,FALSE,250
21.92,73.01,95.61,81.84,60.06,3.55,10,FALSE,FALSE,223
23.46,41.45,114.2,72.81,54.03,4.85,7,FALSE,TRUE,216
30.95,49.64,141.67,83.97,42.87,3.18,10,FALSE,FALSE,230
23.1,47.01,122.55,85.95,43.5,2.98,9,FALSE,TRUE,226
31.41,55.29,125.78,104.06,86.85,3.19,8,TRUE,FALSE,258
27.27,41.81,92.6,121.19,61.81,3.43,7,FALSE,FALSE,231
29.03,72.56,111.02,91.87,63.51,3.72,7,TRUE,FALSE,255
26.55,60.03,78.23,93.49,60.32,3.79,10,TRUE,FALSE,229
19.99,76.51,85.4,81.48,64.92,4.67,8,TRUE,FALSE,228
24.65,63.67,99.28,93.41,75.56,2.75,9,FALSE,TRUE,250
20.96,51.23,112.3,123.1,88.25,2.07,7,FALSE,TRUE,251
23.21,42.3,72.82,112.78,90,4.96,8,FALSE,FALSE,245
29.73,69.41,102.05,108.89,83.01,1.19,9,TRUE,FALSE,252
24.75,71.68,133.45,52.45,34.6,2.88,6,FALSE,TRUE,214
22.17,42.16,71.81,96.19,90.61,2.46,10,FALSE,TRUE,229
25.1,58.75,91.14,52.2,50,3.23,8,FALSE,FALSE,200
25.03,79.98,132.83,103.77,75.85,3.49,10,FALSE,TRUE,269
27.01,60.87,105.55,132.11,37.6,4.26,9,FALSE,TRUE,272
28.62,76.76,99.55,146.13,32.85,3.42,9,TRUE,FALSE,270
21.7,74.52,102.2,50.55,81.24,2.05,7,FALSE,TRUE,211
22.47,68.56,87.59,87.4,96.04,4.6,7,FALSE,TRUE,239
20.38,53.89,121.83,50.14,76.04,1.1,9,TRUE,FALSE,202
29.14,45.74,90.09,100.69,38.4,4.22,9,FALSE,FALSE,225
32.11,57.52,95.2,118.45,38.38,2.26,7,FALSE,TRUE,239
23.88,63.84,86.83,123.62,80.74,1.82,8,TRUE,FALSE,248
24.51,48.94,112.97,53.47,79.46,2.48,9,TRUE,FALSE,217
24.19,61.8,89.58,65.05,99.25,2.38,8,FALSE,FALSE,217
24.22,40.9,89.8,127.72,70.55,1.74,9,TRUE,FALSE,244
23.97,53.63,94.35,94.05,85.14,4.69,9,TRUE,FALSE,243
25.76,70.23,108.47,73.04,48.67,3.15,9,TRUE,FALSE,227
26.64,67.61,73.38,118.95,44.31,2.2,9,TRUE,FALSE,239
27.85,59.76,89.96,126.06,65.91,3.37,8,TRUE,FALSE,249
24.19,73.8,104.35,119.92,69.67,1.73,7,FALSE,TRUE,254
26.92,41.78,108.93,84.95,47.58,4.95,9,TRUE,FALSE,220
21.84,64.7,81.77,125.15,99.31,4.47,6,FALSE,TRUE,265
23.25,75.9,107.98,110.56,45.77,2.94,7,TRUE,FALSE,247
28.81,63.92,108.25,102.13,63.6,1.94,8,FALSE,FALSE,245
21.4,79.67,83.7,123.72,67.09,2.87,9,TRUE,FALSE,254
20.9,75.66,120.09,130.88,35.82,2.95,9,FALSE,TRUE,256
22.04,64.64,76.98,113.25,67.55,2.31,10,FALSE,TRUE,233
24.17,54.15,78.97,85.8,50.13,1.05,7,FALSE,TRUE,201
27.19,42.67,98.09,105.11,41.36,3.21,8,FALSE,TRUE,220
24.81,56.17,111.48,56.14,99.81,1.63,9,FALSE,TRUE,233
29.55,40.53,107.24,61.95,68.98,4.82,7,FALSE,FALSE,207
27.65,49.74,129.07,110.83,41.01,3.26,8,FALSE,FALSE,238
25.82,42.75,144.02,79.5,63.66,4.82,8,FALSE,TRUE,251
29.37,73.29,120.24,98.54,95.05,4.15,10,FALSE,TRUE,272
23.91,42.03,107.7,144.14,54.59,1.57,9,FALSE,FALSE,255
17.52,41.08,118.07,114.71,43.94,3.23,6,FALSE,TRUE,226
26.79,62.29,121.49,84.08,97.98,2.58,7,FALSE,FALSE,251
24.94,76.87,75.84,100.5,54.55,4.57,10,FALSE,TRUE,247
30.82,72.59,57.74,89.74,36.64,2.11,6,FALSE,FALSE,215
29.37,63.1,107.58,82.12,68.62,4.82,10,TRUE,FALSE,250
25.75,77.54,93.93,119.06,75.09,3.93,9,FALSE,TRUE,265
22.99,78.31,108.5,112.58,57.01,1.32,10,FALSE,TRUE,252
30.66,55.53,140.7,120.57,44.04,2.76,8,TRUE,FALSE,256
25.83,53.87,116.31,95.59,62.77,4.89,9,FALSE,TRUE,243
31.56,65.7,97.44,138.43,50.15,4.86,10,TRUE,FALSE,272
24.36,50.07,82.69,69.7,51.24,3.86,6,TRUE,FALSE,201
22.6,76.43,125.06,73.13,32.74,1.55,8,FALSE,TRUE,213
28.44,48.37,68.4,139.44,73.94,4.66,7,FALSE,FALSE,264
24.67,77.5,93.75,67.41,85.17,4.79,7,TRUE,FALSE,238
25.16,53.68,85.96,135.27,75.43,4.74,9,FALSE,TRUE,264
30.32,45.12,115.53,56.68,57.36,4.5,6,FALSE,TRUE,222
25.08,44.81,99.31,56.07,39.55,2.32,8,FALSE,TRUE,191
24.61,74.89,83.5,92.47,65.82,3.89,7,FALSE,TRUE,244
25.19,60.2,86.39,123.32,44.97,4.82,10,FALSE,TRUE,252
23.38,47.34,114.61,58.71,85.97,4.81,6,FALSE,TRUE,230
24.36,64.04,133.29,145.41,67.79,1.28,8,FALSE,TRUE,277
25.43,65.98,75.35,107.82,40.24,3.61,6,TRUE,FALSE,225
25.75,52.48,83.71,139.08,37.37,4.33,8,TRUE,FALSE,247
24.69,41.69,107.64,91.68,69.85,1.35,7,FALSE,TRUE,226
18.38,40.66,107.53,90.18,48.69,1.99,7,FALSE,FALSE,199
25.52,71.39,122.53,91.9,84.14,3.3,8,FALSE,TRUE,249
35.83,48.67,85.17,133.75,45.69,2.7,9,FALSE,TRUE,251
25.01,45.76,118.97,105.42,61.45,3.83,9,FALSE,TRUE,241
25.25,51.59,102.81,105.14,97.17,1.92,7,TRUE,FALSE,246
25.69,75.56,100.9,105.63,99.83,2.89,9,FALSE,FALSE,259
28.13,67.04,115.43,94.08,76.25,4.79,9,FALSE,TRUE,253
29.99,65.86,94.4,62.11,86.23,2.65,7,TRUE,FALSE,229
24.85,77.54,98.74,121.5,42.63,3.83,6,FALSE,FALSE,250
28.23,76.3,73.16,59.49,93.05,1.4,9,TRUE,FALSE,219
24.46,72.29,87.19,68.01,80.71,3.08,9,FALSE,TRUE,237
22.75,62.03,108.76,123.91,37.51,2.3,8,TRUE,FALSE,241
28.25,77,88.89,146.97,69.91,2.09,9,TRUE,FALSE,280
25.14,65.34,114.39,134.47,58.3,3.19,9,TRUE,FALSE,259
26.14,75.76,105.12,82.86,79.64,3.27,7,FALSE,TRUE,246
31.27,43.21,68.39,72.02,99.51,4.32,8,TRUE,FALSE,225
26.31,43.18,87.83,145.36,85.79,1.08,7,FALSE,FALSE,255
20.12,71.77,81.24,62.35,90.12,3.36,8,FALSE,FALSE,226
28.31,62.88,118.69,59.88,82.34,2.26,10,FALSE,FALSE,231
21.33,43.96,146.14,135.78,41.79,1.5,7,FALSE,FALSE,248
22.82,58.67,118.09,58.45,74.61,2.26,9,TRUE,FALSE,222
28.11,51.95,116.67,93.85,82.62,4.58,8,FALSE,FALSE,247
23.21,60.27,123.92,85.7,78.79,1.7,8,FALSE,FALSE,230
25.28,63.46,91.92,94.73,95.69,3.77,9,FALSE,TRUE,254
23.69,67.98,112.69,88.17,85.24,2.8,6,FALSE,TRUE,250
29.59,70.39,86.97,124.08,66.38,2.22,8,FALSE,FALSE,261
24.1,55.71,58.8,98.69,65.2,1.1,10,TRUE,FALSE,226
27.32,59.53,74.66,100.93,48.01,3.55,9,TRUE,FALSE,235
22.05,62.05,97.69,71.02,83.73,4.93,8,FALSE,TRUE,237
29.35,73.27,91.13,125.83,64.93,1.74,7,FALSE,FALSE,255
27.92,50,102.08,68.54,41.43,4.05,7,TRUE,FALSE,203
27.26,62.26,72.57,137.84,86.99,1.86,9,TRUE,FALSE,259
25.06,57.75,82.48,70.95,38.63,1.97,10,FALSE,FALSE,208
25.58,52.39,108.14,145.75,97.18,4.26,9,FALSE,TRUE,284
29.27,41.2,106.79,78.99,91.06,2.28,7,FALSE,FALSE,227
25.57,52.86,119.74,134.2,36.2,3.77,7,FALSE,FALSE,246
21.92,42.59,92.09,97.39,83.39,3.71,7,FALSE,FALSE,228
25.29,74.44,83.24,113.64,96.27,3.64,7,FALSE,FALSE,257
22.24,45.84,101.44,108.12,54.03,1.54,8,TRUE,FALSE,220
25.88,43.09,117.54,126.12,40.13,2.01,9,FALSE,TRUE,241
20.5,69.53,104.05,90.29,33.54,4.26,7,TRUE,FALSE,231
25.99,59.19,80.46,54.08,41.61,4.91,9,FALSE,TRUE,204
27.67,43.2,121.49,84.14,93.19,3.31,7,FALSE,TRUE,244
28.16,50.74,97.64,109.33,31.21,1.51,8,TRUE,FALSE,223
27.43,72.23,61,116.58,36.92,1.15,9,TRUE,FALSE,230
25.41,44.05,81.38,133.31,58.14,1.25,8,TRUE,FALSE,235
28.12,60.33,98.21,120.95,62.73,4.67,8,TRUE,FALSE,258
26.65,41.07,108.36,62.41,97.87,2.5,7,FALSE,TRUE,225
27.76,54.07,100.78,105.04,32.38,3.33,6,FALSE,FALSE,225
22.44,45.7,84.64,122.14,49.25,2.17,10,FALSE,FALSE,230
23.24,46.15,83.01,86.11,89.45,3.77,7,TRUE,FALSE,226
20.86,44.11,110.92,55.7,80.85,1.81,6,TRUE,FALSE,210
26.71,43.67,99.01,86.71,39.85,2.43,10,TRUE,FALSE,215
28.21,43.27,67.3,137.79,31.12,4.21,10,FALSE,FALSE,227
29.76,57.24,103.46,99.37,53.5,4.14,7,TRUE,FALSE,244
21.04,44.68,86.3,100.24,65.66,2.33,9,TRUE,FALSE,216
30.69,74.66,65.59,135.18,31.86,1.6,9,TRUE,FALSE,242
22.94,61.77,74.51,148.23,48.03,1.1,8,FALSE,TRUE,249
19.98,50.79,59.33,118.52,74.49,2.65,7,FALSE,FALSE,233
27.73,54.28,132.77,69.42,51.87,4.65,8,FALSE,FALSE,230
25.75,43.19,101.47,102.16,88.06,4.41,9,FALSE,FALSE,236
19.84,60.28,122.98,139.39,97.37,1.41,7,FALSE,TRUE,274
20.49,54.17,73.21,94.62,42.83,3.08,6,FALSE,FALSE,196
22.97,68.11,104.49,66.16,46,1.41,6,FALSE,TRUE,209
20.37,54.23,61.71,85.37,53.63,1.66,7,FALSE,FALSE,195
24.72,79.07,96.88,73.44,76.12,1.49,9,FALSE,TRUE,231
32.18,78.36,107.2,105.32,78.59,3.43,8,FALSE,TRUE,274
31.92,68.84,94.26,57.74,85.47,4.81,6,FALSE,FALSE,223
20.84,62.52,98.18,123.56,41.14,1.54,8,FALSE,FALSE,224
25.8,46.78,97.48,57.16,51.08,3.88,10,FALSE,TRUE,204
24.76,42.96,67.83,91.65,70.89,3.35,6,TRUE,FALSE,216
19.34,54.09,123.45,83.73,78.71,2.26,8,FALSE,FALSE,222
21.02,48.85,121.1,136.61,75.69,3.09,9,FALSE,FALSE,260
22.09,73.92,94.27,138.29,92.39,2.5,8,FALSE,TRUE,272
20.87,63.94,108.8,110.24,96,1.18,6,TRUE,FALSE,247
27.7,71.54,121.94,59.02,93.3,2.43,7,FALSE,TRUE,242
21.22,45.19,105.07,130.06,82.6,4.76,6,TRUE,FALSE,252
23.28,48.08,86.34,110.66,35.81,2.24,7,TRUE,FALSE,216
29,49.89,89.86,133.93,53.4,2.93,7,FALSE,TRUE,251
23.27,77.75,70.69,122.73,39.22,2.3,9,TRUE,FALSE,232
25.25,76.87,97.76,111.9,86.14,2.1,7,FALSE,FALSE,260
25,65.23,127.6,109.46,71.31,3.99,8,TRUE,FALSE,263
24.75,55.82,76.39,83.41,84.35,4.01,7,FALSE,FALSE,223
26.08,50.31,83.25,130.81,65.48,4.19,8,FALSE,TRUE,256
21.59,50.61,101.93,75.74,70.57,4.26,8,TRUE,FALSE,224
30.66,48.32,82.52,87.48,37.27,1.01,7,FALSE,FALSE,207
20.3,49.16,75.79,89.3,82.21,4.73,7,FALSE,FALSE,222
25.86,48.79,126.89,110.23,72.4,2.98,7,FALSE,TRUE,259
23.68,62.69,94.55,65.7,71.99,3.44,8,FALSE,TRUE,231
26.94,53.76,90.62,84.23,92.83,1.24,8,FALSE,FALSE,231
26.47,55.66,107.09,124.49,57.2,2.87,7,TRUE,FALSE,246
23.43,41.88,126.54,115.2,46.6,1.11,10,FALSE,TRUE,230
20.5,56.21,106.58,100.66,35.32,3.23,9,FALSE,TRUE,232
28.05,72.18,91.17,63.26,92.68,4.66,10,FALSE,FALSE,240
22.16,42.37,109.61,136.17,53.22,3.96,8,TRUE,FALSE,254
20.27,56.76,117.8,111.22,86.06,1.23,7,FALSE,FALSE,243
22.08,55.49,110.92,66.7,75.35,3.46,8,FALSE,FALSE,217
26.12,76.95,86.19,96.78,49.82,3.96,7,TRUE,FALSE,239
22.44,56.23,106.51,121.11,51.15,3.57,7,FALSE,FALSE,239
29.67,75.95,106.29,68.59,85.21,3.48,6,FALSE,FALSE,238
24.91,74.51,119.68,74.38,69.89,4.52,9,FALSE,TRUE,243
22.93,73.01,83.58,104.63,72.8,2.47,9,FALSE,TRUE,245
25.89,71.08,98.03,102.06,53.3,2.49,8,FALSE,FALSE,248
25.53,44.74,106.97,80.52,54.79,1.29,9,FALSE,TRUE,219
26.04,67.3,102.94,128.39,39.38,3.87,7,TRUE,FALSE,244
30.19,74.36,110.15,129.03,51.77,1.12,7,FALSE,FALSE,257
22.94,47.65,79.78,54.74,91.2,4.95,10,TRUE,FALSE,215
25.1,78.68,129.62,147.07,60.84,4.95,6,FALSE,FALSE,290
25.03,67.63,135.26,55.19,43.7,3.63,10,FALSE,TRUE,227
26.94,63.34,111.59,131.4,83.78,4.97,9,TRUE,FALSE,270
22.01,43.77,121.5,52.78,44.49,2.98,6,TRUE,FALSE,199
20.94,56.72,87.58,58.13,60.52,4.68,8,FALSE,FALSE,202
16.81,67.47,126.49,132.96,88.03,4.56,7,FALSE,FALSE,271
28.66,52.74,92.88,71.03,78,2.25,6,TRUE,FALSE,218
19.09,67.71,110.61,109.7,68.32,3.5,6,FALSE,TRUE,237
25.92,51.24,83.98,132.27,76.28,3.84,8,FALSE,TRUE,258
26.05,63.11,95.34,74.31,62.72,2.56,8,FALSE,FALSE,217
25.22,64.52,106.22,74.35,59.31,2.65,8,FALSE,TRUE,224
22.98,50.42,105.82,137.68,58.42,3.86,7,FALSE,FALSE,244
30.28,63.28,101.14,142.83,60.48,1.73,10,TRUE,FALSE,268
24.42,68.74,109.44,98.66,37.85,2.78,7,TRUE,FALSE,236
19.37,72.01,131.62,68.99,38.04,1.69,8,FALSE,TRUE,224
24.95,65.31,122.33,103.08,83.5,1.7,8,FALSE,FALSE,253
26.47,55.87,112.67,141.71,47.59,1.6,8,FALSE,FALSE,253
23.83,40.28,117.96,139.22,31.31,3.47,10,FALSE,TRUE,245
28.66,41.62,111.14,65.65,78.73,4.41,9,TRUE,FALSE,221
27.4,71.6,107.71,109.4,75.75,2.81,8,TRUE,FALSE,263
26.26,61.33,99.87,50.94,81.03,1.79,8,FALSE,TRUE,215
19.99,75.61,94.42,50.33,31.94,3.15,6,FALSE,FALSE,197
29.04,69.6,115.17,131.11,78.63,1.33,9,TRUE,FALSE,272
27.52,76.25,104.23,113.89,40.52,4.6,8,FALSE,FALSE,250
28.87,72.4,130.29,136.38,68.42,4.69,7,FALSE,FALSE,279
26.24,72.48,100.78,104.57,70.06,2.5,6,FALSE,TRUE,254
24.46,61.5,104.16,100.91,96.75,4.72,10,TRUE,FALSE,258
27.36,43.62,146.12,108.91,49.75,4.07,8,FALSE,FALSE,247
27.66,74.77,85.62,105.21,71.45,3.24,9,FALSE,FALSE,256
25.81,44.63,83.13,126.77,51.76,4.64,8,FALSE,TRUE,238
25.25,40.82,65.57,132.1,30.18,2.86,10,FALSE,FALSE,226
22.18,74.57,112.2,67.28,76.42,1.39,8,TRUE,FALSE,221
21.39,77.32,77.46,109.89,73.15,4.55,8,FALSE,FALSE,243
27.72,49.21,81.78,69.54,50.38,2.97,6,FALSE,TRUE,209
26.56,49.52,90.45,59.22,74.41,3.06,6,FALSE,TRUE,210
22.83,54.11,106.34,81.52,98.66,2.81,7,FALSE,TRUE,238
24.11,55.27,85.88,119.65,79.12,1.46,8,FALSE,FALSE,242
20.32,69.63,124.49,99.5,34.02,3,9,TRUE,FALSE,230
24.69,47.18,137.65,59.07,68.06,3.26,9,FALSE,FALSE,214
22.78,42.19,92.36,70.72,53.79,2.66,9,FALSE,FALSE,198
28.65,68.47,67.65,64.51,69.59,1.48,7,FALSE,FALSE,206
29.43,40.47,121.93,112.44,52.32,4.79,8,FALSE,TRUE,239
24.41,77.38,120.34,80.34,97.52,4.31,9,TRUE,FALSE,256
28.75,72.31,90.8,105.24,50.48,4.56,7,TRUE,FALSE,246
16.51,66,127.14,72.49,65.64,2.29,7,FALSE,FALSE,211
21.26,71.27,89.63,134.52,93.04,2.49,8,TRUE,FALSE,263
23.82,71.91,148.46,64.17,53.79,4.12,7,FALSE,FALSE,227
24.38,71.26,140.05,146.9,82.17,3.36,9,FALSE,TRUE,299
29.65,69.87,67.35,60.58,70.68,1.7,7,TRUE,FALSE,204
23.14,41.39,124.07,126.96,35.71,2.78,7,FALSE,FALSE,221
25.37,72.09,32.11,55.49,81.15,3.69,9,TRUE,FALSE,210
27.16,79.97,62.15,98.58,97.97,1.64,7,TRUE,FALSE,251
23.73,64.68,116.95,63.45,66.52,1.21,9,FALSE,FALSE,210
16.29,57.28,101.41,96.85,38.57,3.9,8,TRUE,FALSE,219
26.49,68.23,108.64,138.82,81.4,3.74,7,FALSE,FALSE,273
17.64,71.96,100.76,66.02,73.18,2.43,7,FALSE,TRUE,212
23.41,48.25,85.11,103.36,38.14,3.02,9,TRUE,FALSE,215
32.39,77.13,77.31,126.49,83.16,3,10,FALSE,FALSE,270
22.36,73.96,103.98,129.12,39.81,4.77,6,FALSE,FALSE,247
26.97,53.99,103.34,121.41,92.96,3.81,9,FALSE,TRUE,266
22.65,71.28,119.9,74.19,47.89,2.2,7,TRUE,FALSE,227
22.49,50.6,95.05,137.98,60.11,4.14,7,FALSE,TRUE,257
26.26,46.71,99.64,51.43,61.85,3.83,6,FALSE,TRUE,199
28.8,62.39,81.88,144.88,63.74,2.08,8,FALSE,TRUE,255
24.58,54.43,64.09,52.48,71.51,3.49,10,FALSE,TRUE,199
24.76,72.2,88.32,115.05,58.45,2.29,7,FALSE,FALSE,241
14.6,43.52,106.63,99.23,75.46,1.02,7,TRUE,FALSE,220
24.11,56.45,96.2,145.69,54.54,2.6,8,TRUE,FALSE,261
19.9,57.32,104.31,59.86,57.04,3.28,7,FALSE,TRUE,213
27.15,51.31,107.76,143.42,88.78,2.72,7,FALSE,TRUE,270
24.51,76.91,101.79,115.07,62.38,1.72,7,FALSE,FALSE,250
29.29,79.33,117.11,149.54,93.03,3.15,9,FALSE,TRUE,300
18.45,50.53,93.4,102.22,41.93,4.02,9,FALSE,FALSE,219
23.32,50.91,111.78,118.11,77.8,3.26,9,TRUE,FALSE,261
31.93,60.01,106.11,108.85,88.42,3.15,10,FALSE,FALSE,251
26.25,59.93,126.03,130.2,64.89,2,7,FALSE,FALSE,256
22.13,76.56,101.8,122.78,79.51,2.13,8,FALSE,TRUE,259
22.2,73.5,73.01,140.67,79.53,4.58,9,TRUE,FALSE,276
26,45.68,97.13,88.69,97.89,1.63,8,FALSE,TRUE,231
30.47,75.96,120.36,85.51,44.28,1.64,7,FALSE,TRUE,230
22.62,43.56,138.28,140.28,70.97,4.51,7,TRUE,FALSE,266
27.04,69.59,88.06,140.47,68.72,1.92,10,TRUE,FALSE,269
26.45,69.35,125.14,128.74,72.31,1.35,8,FALSE,TRUE,265
24.85,48.94,136.38,56.85,32.91,1.33,9,FALSE,TRUE,203
27.49,50.23,127.28,104.98,39.91,2.72,8,FALSE,FALSE,225
20.15,51.7,110.75,123.85,98.68,4.03,8,FALSE,TRUE,272
24.7,67.61,110.47,100.43,84.15,2.61,6,FALSE,TRUE,247
21.88,79.25,89.24,97.83,61.34,2.17,8,FALSE,FALSE,246
28.79,63.45,76.26,110.91,53.31,3.93,9,FALSE,TRUE,248
35.25,55.66,92.44,110.01,56.12,3.67,7,FALSE,TRUE,242
22.12,73.95,75.15,80.44,81.2,2.9,7,TRUE,FALSE,226
27.71,52.03,97.39,59.58,36.92,1.83,8,TRUE,FALSE,200
23.77,48.37,115.29,144.6,49.55,3.88,9,TRUE,FALSE,253
20.92,63.02,122.95,128.07,66.52,2.78,7,TRUE,FALSE,258
25.51,75.91,77.44,138.68,50.03,2.92,6,FALSE,TRUE,253
27.18,71.72,72.11,98.73,42.32,2.58,9,FALSE,TRUE,220
23.83,57.6,127.75,100.75,68.41,1.05,9,FALSE,TRUE,248
26.83,75.13,93.17,127.62,59.1,3.86,7,FALSE,TRUE,268
24.67,44.34,96.55,112.22,45.3,3.15,9,FALSE,FALSE,228
26.72,77.86,133.47,88.53,40.96,2.14,9,FALSE,TRUE,241
25.2,41.47,112.98,71.51,48.79,2.84,8,TRUE,FALSE,208
25.45,64.25,80.57,86.21,78.04,4.12,9,TRUE,FALSE,237
25.03,46.44,139.09,129.41,68.71,2.19,9,FALSE,FALSE,256
27.47,77.53,110.78,133.58,70.44,3.46,6,FALSE,TRUE,278
35.35,70.17,87.88,108.12,32.4,4.53,9,FALSE,FALSE,249
27.71,77.12,123.23,95.85,59.53,2.24,8,TRUE,FALSE,254
26.92,73.85,97.04,99.03,96.34,4.92,10,FALSE,FALSE,253
22.47,56.05,108.71,109.78,43.77,4.02,9,FALSE,TRUE,244
16.33,63.29,108.56,135.76,44.34,2.16,7,FALSE,FALSE,243
20.06,59.14,121.19,112.03,77.79,2.43,8,TRUE,FALSE,247
27.15,48.84,111.46,97.48,38.49,4.22,7,FALSE,TRUE,227
23.7,60.82,84.11,116.08,88.5,2.58,7,FALSE,FALSE,249
21.9,67.82,129.91,61.02,48.78,1.42,9,FALSE,TRUE,213
24.29,46.47,95.45,57.67,48.05,1.31,8,TRUE,FALSE,195
23.49,48.01,101.15,90.39,53.27,3.2,9,FALSE,FALSE,224
23.21,75.72,90.86,76.51,73.27,2.88,10,TRUE,FALSE,231
24.03,73.77,110.06,83.73,68.12,2.72,10,FALSE,FALSE,239
23.38,54.77,97.11,148.29,94.55,2.99,8,FALSE,FALSE,274
19.78,44.12,86.9,148.76,72.19,1.81,9,FALSE,TRUE,260
22.34,51.8,111.09,59.18,79.8,3.29,8,TRUE,FALSE,212
24.06,50.32,71.21,121.7,61.7,1.58,6,FALSE,TRUE,229
23.3,64.18,97.44,59.48,71.13,1.53,9,TRUE,FALSE,219
34.91,58.27,79.75,136.07,86.34,4.88,9,FALSE,TRUE,276
23.86,41.42,49.88,75.31,51.44,4.32,6,FALSE,TRUE,193
23.71,65.11,90.73,66.36,57.1,2.21,10,FALSE,TRUE,209
28.43,57.83,139.89,112.88,52.04,3.24,10,TRUE,FALSE,256
20.88,46.87,135.94,76.96,43.72,2.1,8,FALSE,FALSE,210
23.53,59.77,105.58,68.83,30.19,4.41,9,FALSE,FALSE,216
28.57,43.89,64.61,64.9,49.93,1.2,8,FALSE,FALSE,189
29.38,49.19,68.12,89.59,60.74,2.55,9,FALSE,TRUE,235
24.66,70.68,112.52,66.52,48.16,4.67,10,FALSE,FALSE,233
27.98,48,109.48,81.66,85.77,1.01,7,FALSE,FALSE,235
21.24,74.75,56.88,125.21,35.12,2.25,7,FALSE,TRUE,228
25.57,46.37,114.51,132.39,34.9,3.51,6,TRUE,FALSE,246
25.17,58.68,134.52,51.96,31.22,3.3,7,FALSE,TRUE,208
24.25,78.11,95.37,78.49,48.46,2.62,10,TRUE,FALSE,229
23.98,45.71,78.64,98.5,65.88,2.94,10,FALSE,TRUE,230
28.88,77.8,72.2,122.59,33.55,2.08,7,FALSE,TRUE,242
25.57,65.44,100.44,99.86,72.31,3.17,7,FALSE,TRUE,242
30.41,61.18,86.69,137.92,55.92,3.31,7,FALSE,TRUE,258
23.24,44.49,86.64,128.29,96.97,2.62,8,FALSE,TRUE,257
22.39,71.73,134.06,133.69,69.25,3.68,7,TRUE,FALSE,272
23.25,77.88,93.32,130.62,72.39,1.62,8,FALSE,TRUE,259
26.07,64.43,121.72,88.52,37.07,1.28,9,FALSE,FALSE,228
25.31,65.67,91.53,82.76,66.97,4.95,8,FALSE,TRUE,239
32.59,40.34,104.83,64.29,61.65,4.84,7,FALSE,TRUE,215
24.76,70.16,152.38,92.3,34.98,1.05,8,TRUE,FALSE,238
24.37,66.98,102.9,84.63,43.77,1.8,8,TRUE,FALSE,224
23.07,70.97,86.58,58.9,64.54,3.47,7,TRUE,FALSE,217
25.48,64.34,96.93,55.75,65.04,2.75,8,FALSE,FALSE,210
27.67,67.97,104.46,97.81,83.68,1.74,7,FALSE,TRUE,251
27.31,64.23,87.12,116.59,82.58,2.03,7,FALSE,TRUE,248
16.85,58.28,132.12,90.59,43.05,3.33,7,TRUE,FALSE,223
27.65,53.15,90,112.6,98.69,3.39,9,FALSE,TRUE,262
28.42,44.04,92.11,143.15,85.68,2.32,10,FALSE,FALSE,251
24.01,62.88,124.35,111.43,79.04,2.47,8,TRUE,FALSE,257
23.17,70.22,102.65,73.31,71.99,1.54,9,FALSE,TRUE,226
19.92,79.49,60.94,71.19,43.55,4.2,9,FALSE,FALSE,205
21.38,44.93,103.13,80.43,73.45,2.83,10,FALSE,TRUE,222
25.08,47.07,110.66,117.34,39.17,3.61,8,FALSE,TRUE,238
22.88,56.28,100.09,95.61,71.81,1.84,9,FALSE,FALSE,224
22.99,67.2,80.42,143.42,51.22,4.42,7,FALSE,TRUE,266
21.05,66.51,101.05,114.14,78.74,1.4,6,TRUE,FALSE,247
24.92,42.58,113.56,103.38,74.47,3.74,7,TRUE,FALSE,239
25.23,67.27,103.86,110.84,89.12,4.54,6,FALSE,TRUE,266
23.31,50.52,122.81,71.04,87.46,1.13,7,FALSE,TRUE,218
27.3,74.41,89.71,137.8,54.37,2.38,8,FALSE,TRUE,267
26.66,74.37,107.86,100.94,31.94,2.16,7,TRUE,FALSE,233
25.32,71.03,61.31,143.71,55.18,2.42,8,FALSE,FALSE,251
20,44.21,102.47,73.24,97.69,2.82,7,TRUE,FALSE,222
24.91,59.27,75.17,124.23,52.13,2.78,6,FALSE,TRUE,234
23.72,51.32,121.74,54.01,34.6,2.42,6,TRUE,FALSE,209
25.19,71.8,103.59,57,86.1,2.41,8,TRUE,FALSE,227
24.34,51.73,63.11,115.6,61.71,2.69,7,TRUE,FALSE,234
25.26,62.93,83.34,132.76,41.24,3.57,10,FALSE,FALSE,250
27.31,47.64,100.01,76.15,87.74,3.65,8,TRUE,FALSE,220
23.13,66.11,80.01,120.83,51.1,4.16,6,TRUE,FALSE,252
25.7,76.55,103.02,133.17,94.08,2.39,7,FALSE,FALSE,279
25.76,77.8,83.38,125.96,48.41,3.53,8,FALSE,TRUE,269
25.46,65.11,64.06,130.36,91.73,2.11,7,TRUE,FALSE,241
21.56,44.09,81.3,110.48,52.31,4.14,8,FALSE,FALSE,218
23.2,71.58,105.24,80.1,75.96,3.97,8,FALSE,TRUE,241
27.61,48.16,112.31,67.33,50,2.26,8,FALSE,TRUE,209
28.47,50.86,80.51,102.52,79.54,4.85,6,FALSE,TRUE,243
30.34,55.61,108.98,100.13,34.93,4.33,8,TRUE,FALSE,228
29.51,68.12,78.37,101.21,51.86,2.81,7,FALSE,TRUE,228
26.56,60.65,96.53,122.57,89.98,4.42,9,FALSE,FALSE,260
24.89,68.03,85.12,85.44,48.85,2.47,9,TRUE,FALSE,213
26.14,62,126.38,131.89,33.41,2.66,7,FALSE,FALSE,245
28.18,66.91,95.56,56.41,76.13,1.09,8,FALSE,TRUE,214
22.97,42.75,93.35,125.71,49.69,2.44,7,FALSE,TRUE,241
24.05,42.56,112.72,52.18,83.44,4.95,8,FALSE,TRUE,213
23.37,75.84,104.1,127.19,46.99,2.64,8,TRUE,FALSE,253
27.37,62.15,98.69,105.04,43.27,1.35,7,TRUE,FALSE,230
25.22,64.07,119.17,74.07,81.94,3.86,7,FALSE,FALSE,238
26,63.75,110.05,66.61,77.97,4.94,9,FALSE,FALSE,233
19.02,65.41,50.46,117.94,35.89,2.34,7,TRUE,FALSE,221
24.12,59.4,85.03,93.58,39.45,4.72,8,TRUE,FALSE,223
29.16,66.82,135.12,53.99,45.45,4.83,7,TRUE,FALSE,221
21.61,56.76,78.22,51.21,74.35,3.27,6,FALSE,TRUE,204
23.84,60.79,131.33,51.64,82.36,1.38,9,FALSE,TRUE,222
26.42,78.62,99.4,90.32,61.29,3.77,7,TRUE,FALSE,242
28.03,71.67,121.07,85.49,77.6,2.05,6,TRUE,FALSE,239
27.29,50.26,109.01,68.04,91.45,4.93,9,TRUE,FALSE,236
22.55,42.93,79.77,141.35,68.76,3.44,7,FALSE,FALSE,242
18.3,73.97,101.19,148.58,39.19,4.84,8,FALSE,FALSE,263
18.64,63.33,118.84,94.92,83.4,3.57,6,TRUE,FALSE,246
24,67.79,113.75,51.49,50.61,1.93,8,FALSE,FALSE,200
22.05,54.13,117.23,72.46,89.27,4.17,9,FALSE,TRUE,241
26.75,63.95,138.16,53.37,32.63,1.72,8,FALSE,FALSE,204
28.34,79.77,121.82,133,89.16,2.4,8,FALSE,TRUE,293
28.68,50.97,97.04,62.83,81.57,2.27,7,TRUE,FALSE,210
25.89,58.96,73.77,63.12,74.03,3.68,6,FALSE,TRUE,210
22.36,73.62,111.34,138.89,53.7,3.21,9,TRUE,FALSE,276
24.98,64.42,97.52,61.85,54.5,3.93,6,TRUE,FALSE,207
26.89,52.46,96.51,129.61,70.41,2.32,9,TRUE,FALSE,252
24.2,79.39,72.32,146.7,62.72,2.97,9,FALSE,TRUE,266
28.17,77.04,78.9,84.75,42.5,1.22,9,FALSE,TRUE,218
25.45,59.89,63.52,106.63,39.99,3.12,9,TRUE,FALSE,225
27.97,72.19,135.52,87.08,52.95,4.78,9,FALSE,TRUE,260
23.95,41.42,120.01,129.95,70.12,2.59,8,TRUE,FALSE,250
22.2,72.79,97.28,74.13,61.43,1.37,8,TRUE,FALSE,224
25.38,48.35,81.56,77.41,69.01,2.88,9,FALSE,FALSE,216
23.07,40.06,93.08,118.7,69.67,3.15,8,FALSE,FALSE,241
22.77,50.05,115.65,86.38,84.59,3.27,7,FALSE,FALSE,238
25.87,67.94,77.36,66.09,57.91,3.53,9,FALSE,TRUE,221
23.17,54.56,69.6,123.07,93.99,3.22,9,TRUE,FALSE,258
24.75,49.68,74.64,62.46,68.62,4.28,9,FALSE,TRUE,211
18.74,65.04,137.05,133.29,87.66,2.87,7,TRUE,FALSE,267
30.38,56.06,86.89,65.71,40.62,2.26,9,FALSE,TRUE,209
26.46,44.06,112.69,93.03,68.18,3.28,8,FALSE,FALSE,221
24.67,56.98,79.38,120.47,82.71,2.51,8,FALSE,FALSE,251
25.19,57.35,99.24,141.5,79.97,4.26,8,TRUE,FALSE,272
26.8,47.17,128.42,132.78,48.43,2.41,9,FALSE,FALSE,258
32.07,53.04,70.02,54.24,67.96,3.47,9,TRUE,FALSE,214
24.5,57.82,122.67,113.28,37.22,4.86,7,FALSE,TRUE,243
29.48,71.13,73.75,124.28,51.37,4.23,9,TRUE,FALSE,246
27.26,53.38,111.98,106.29,52.36,2.4,8,FALSE,FALSE,237
