"inversion","ingresos"
14.27,3136.86
11.57,2633.91
3.66,735.15
6.43,1321.73
11.55,2995.15
1.48,633.41
9.86,2191.81
17.36,7456.11
5.8,1106.76
12.04,1811.05
1.11,690.65
14.15,4101.19
5.39,1246.62
17.12,7050.44
3.92,881.46
7.78,1766
11.36,2217.52
1.02,625.16
7.04,1711.01
1.33,750.4
7.49,1428.71
7.53,1477.89
5.42,1307.67
2.17,635.66
8.84,2035.37
4.52,950.57
8.8,1680.43
3.66,873.51
1.1,576.51
12.43,3025.96
18.31,7107.42
4.33,1058.34
14.89,5915
1.31,572.34
12.14,2538.39
9.09,1690.45
5,1089.75
10.07,2268.75
15.34,4183.08
9.49,2146.27
8.05,1648.18
17.62,7358.83
9.26,1970.88
9.36,1589.46
2.56,885.62
1.66,772.72
18.64,8245.87
6.6,1658.31
10.87,2903.01
5.49,968.65
19.46,10435.58
13.02,2934.18
19.21,8465.3
17.84,7794.97
10.94,3098.46
14.6,3955.09
15.07,4964.91
1.87,780.76
19.2,8954.79
4.82,752.61
6.67,1549.61
18.02,8151.45
11.76,3324.89
9.65,2111.12
8.59,2145.75
2.58,754.75
12.98,3527.32
9.84,2159.46
11.88,3997.49
13.58,4312.51
17.68,4517.84
8.2,1594.02
14.75,5091.13
17.3,6067.75
4.54,864.98
13.02,3114.28
14.64,4736.94
11.29,2505.3
4.89,1039.59
18.1,7400.72
3.35,807.42
19.08,8055.04
15.85,4754.02
19.28,11085.54
3.17,911.49
19.57,9611.11
12.79,3475.8
18.62,8446.52
4.84,1320.2
5.1,1015.47
18.52,6648.8
14.72,4599.96
15.47,5522.84
6.42,1335.7
7.53,1450.76
7.49,1735.8
15.97,6741.14
7.93,1654.81
13.64,4947.44
8.08,1326.03
3.3,721.96
16.79,7251.23
8.95,1749.79
2.56,861.1
4.34,864.07
4.44,1152.1
13.8,3733.78
12.53,3260.5
5.93,1282.35
12.22,2541.63
8.76,1849.14
17.46,6885.59
3.06,937.9
7.12,1225.24
4.2,1118.75
1.98,663.45
11.51,2656.17
3.7,991.53
4.02,955.18
15.8,6055.02
9.43,2557.07
3.5,838.24
11.76,2151.66
15.7,4868.11
9,1867.08
2.16,699.42
8.32,1336.78
9.79,1939.36
1.79,607.77
8.8,1811.11
8.46,1608.91
13.2,3345.92
1.68,814.11
2.77,736.77
17.63,5673.77
1.08,493.43
4,914.39
10.66,3164.72
11.62,3117.85
7.39,1224.04
14.27,4216.78
6.41,1156
10.54,2012.41
13.19,3663.28
18.31,10645.9
2.42,871.47
4.77,808.75
13.12,3791.6
13.75,4294.75
2.06,774.09
4.12,988.81
1.92,818.72
19.68,7749.65
11.17,2992.77
15.33,4727
15.04,4408.98
7.95,1913.41
14.25,5579.71
15.89,5749.49
1.51,700.18
3.35,773.99
10.6,2545.84
18.75,6602.35
3.14,823.83
3.35,1011.28
8.19,2069.92
2.14,676.05
9.52,2130.61
10.08,1793.38
2.87,528.75
16.24,6230.06
14.81,4064.5
10.42,2415.79
15.9,5945.76
5.25,1337.98
11.85,3528.38
17.72,8167.12
18.86,8037.32
19.85,11435.26
10.97,2255.54
1.48,539.7
6.15,1023.51
18.66,8266.36
12.96,3814.22
7.03,1673.84
5.98,1416.93
16.9,6464.96
3.72,831.35
1.65,641.8
8.81,2031.1
8.55,2103.51
2.9,696.29
4.21,780.06
18.37,5562.89
6.93,1135.54
6.78,1233.48
3.67,794.21
11.48,2902.59
13.24,3187.42
4.67,965.01
17.87,6171.06
12.98,2917.38
6.9,1337.72
19.3,7160.93
8.79,1666.94
15.21,6684.77
3.53,872.64
19.42,8346.91
16.97,6321.84
11.92,3298.48
14.54,4633.23
3.8,856.66
2.12,539.73
2.4,686.61
18.68,9664.86
11.56,2873.9
3.3,867.82
3.69,878.91
3.78,960.54
7.59,1996.96
2.34,767.03
12.95,2709.92
3.21,849.75
15.12,4535.63
7.91,1664.93
17.49,6231.59
14.36,5114.52
3.5,843.57
5.53,1235.81
4.5,916.88
9,2640.33
4.86,1015.67
8.4,1879.73
10.43,2273.15
17.7,6575.59
14.71,4582.01
19.79,11552.49
2.36,879.53
3.71,849.86
17.96,7415.21
19.46,10873.3
11.27,3335.83
19.69,9032.2
16.57,5858.88
12.24,3689.89
10.91,2711.27
16.49,5136.94
7.02,1601.62
1.78,381.42
2.44,820.8
13.93,4332.01
7.99,1788.63
6.57,1464.39
14.36,4079.16
9.25,1978.47
4.23,816.22
14.48,3487.12
18.21,8401.72
17.14,5498.86
13.28,4405.45
10.15,2706.16
12.21,2996.12
19.92,10179.51
5.86,1474.7
14.72,4616.91
4.9,1140.16
8.98,2128.85
12.29,3810
13.74,3738.66
15.23,4985.24
9.74,1997.54
10.07,1793.18
3.61,573.46
5.32,983.2
14.16,4219.52
12.19,2793.39
16.75,6129.3
14.42,4456.96
13.33,4274.17
1.53,456.92
13.25,4839.13
15.47,5182.68
11.69,3307.37
13.36,2714.3
16.23,7040.98
11.15,2699.6
2.89,713.53
2.35,645.96
17.66,6962.43
15.57,4533.29
4.45,878.95
17.79,5250.47
12.99,3377.97
17.53,5927.56
15.84,4405.75
13.27,3256.94
12.28,3530.65
10.63,2220.2
2.13,855.94
9.25,2653.81
10.68,1900.53
10.59,2238.54
12.99,3459.33
7.52,1373.68
16.94,7633.34
3.04,807.5
14.14,3651.54
6.32,1191.99
14.64,3763.24
16.66,5645.15
17.59,8146.09
15.13,4146.42
5.55,1256.42
15.83,5165.28
6.09,939.36
16.92,5585.47
10.44,1796.68
9.45,2649.28
13.02,3657.44
12.6,3378.64
18.48,8013.75
9.41,2126.09
4.68,964.12
19,8136.96
4.63,868.36
13.96,3947.93
15.83,5291.51
13.15,3074.76
7.53,1581.58
15.23,3929.35
8.88,1963.99
14.38,4276.92
14.82,5248.28
17.34,6743.95
6.12,1351.79
16.99,7780.7
5.45,1188.45
11.28,3066.66
8.57,1716.66
12.57,3026.77
7.6,1496.68
11.37,2366.94
5.68,1202.49
2.82,792.55
16.38,4958.8
2.16,685.68
6.99,1511.84
6.85,1273.16
11.02,2199.73
6.58,1364.78
11.54,2246.69
19.77,11502.21
1.6,623.52
1.89,562.53
13.07,3311.78
18.04,8318.18
18.73,7942.17
1.91,656.47
10.4,2592.91
15.21,5582.78
5.16,1017.95
6.01,1327.93
18.2,7617.59
4.1,956.38
12.45,3387.72
5.23,1174.91
17.05,6653.7
18.69,7777.82
12.12,3235.93
18.3,8007.51
14.87,4937.82
11.47,2666.75
18.59,8490.96
10.41,2272.69
15.15,5010.08
3.51,737.44
13.28,4706.17
2.59,754.43
5.75,1165.54
4.72,825.15
14.66,4453.59
18.11,7804.34
7.45,1591.89
11.05,2590.5
19.72,9449.12
14.11,4407.56
13.05,4002.3
5.3,1001.01
5.04,1031.44
10.81,2154.69
19.04,8074.96
15.69,4338.12
7.13,1312.55
1.5,725.47
2.07,773.08
13.77,3647.25
3.81,915.54
16.1,5780.82
10.82,3332.82
1.43,503
7.32,1433.21
8.75,1925.47
13.86,3528.68
3.85,885.81
8.78,1593.71
2.66,724.24
1.6,729.74
9.56,2097.68
8.33,1764.36
15.22,4839.43
19.27,7711.3
10.29,1532.38
7.25,1559.01
13.66,3323.55
6.28,771.66
5.17,1054.59
9.59,1766.76
6.28,1286.15
19.07,8279.09
8.42,1796.45
4.64,1152.68
2,573.32
15.87,5960.03
9.1,1917.36
6.12,1134.16
6.58,1208.33
8.06,1543.9
7.89,1479.94
7.86,1305.67
15.74,4832.39
15.87,5786.15
7.75,1516.7
14.84,4104.21
7.2,1571.34
17.32,5806.57
9.73,1921.79
17.28,6922.74
8.39,1623.95
19.71,9736.05
6.01,1021.96
11.03,2367.02
6.58,1540.16
1.11,578.15
4.89,1170.84
6.59,1134.14
13.1,3049.25
5.16,1071.82
11.58,3214.13
8.29,1507.73
1.42,566.63
17.63,7901.72
10.97,2783.69
6.41,1267.55
14.5,4321.28
4.99,1173.46
9.78,2760.68
14.09,4194.58
14.57,4793.78
15.41,5150.25
16.79,6663.3
8.68,1996.91
17.21,6721.54
13.54,4028.66
1.56,681.26
14.13,5003.32
9.27,2353.3
13.23,2724.74
4.5,894.96
6.4,1801.24
10.97,2915.24
15.63,3764.8
8.38,1839.89
1.22,580.87
7.63,1902.99
14.88,4247.82
17.85,6832.8
13.48,4661.35
1.67,578.6
19.62,8715.93
16.11,4675.67
12.47,2797.17
10.81,2031.53
11.34,2921.1
9.31,1874.06
17.8,8337.35
17.56,6531.97
15.6,5221.49
11.96,2676.79
10.47,2568.22
14.78,5679.86
10.34,2455.06
12.45,3621.62
11.55,2807.21
14.82,4617.04
3.7,766.24
7.36,1291.93
17.94,5616.42
18.02,6432.21
6.6,1470.39
18.4,8516.01
8.29,1784.8
14.24,4337.65
15.33,5046.64
4.33,838.46
7.55,1408.36
2.22,761.09
9.72,2046.27
13.57,3958.14
18.8,7751.89
12.23,2441.01
5.99,1423.79
10.79,2485.33
8.8,1796.09
9.83,2321
18.73,10933.7
6.74,1380.49
7.95,1999.74
16.18,6393.52
6.51,1226.04
12.12,3373.84
12.43,3306.28
19.9,11146.11
14.87,5117.47
15.92,5128.2
5.89,937.89
15.09,5122.7
9.46,2142.5
6.02,1129.92
9.57,2284.46
9.27,1938.84
4.18,1157.44
5.57,1179.82
10.64,2320.67
2.34,848.08
19.14,5851.13
4.18,912.57
16.43,6626.95
8.33,1753.18
5.42,1130.14
3.92,986.33
13.11,2881.78
15.62,4838.11
8.64,1711.92
16.83,5900.61
9.27,2286.72
5.66,1077.81
16.36,5660.87
6.53,1173.51
14.83,3485.14
1.88,845.05
16.64,6628.23
3.08,759.53
13.85,4274.07
1.71,650.23
5.02,996.45
7.94,1416.74
6.88,1309.63
18.21,5993.26
3.14,598.71
7.03,1076.8
14.91,4093.81
16.43,5773.45
18.35,6613.95
8.49,2044.72
2,615.11
8.36,1550.76
11.1,2693.56
12.36,3153.56
14.22,3532.5
1.66,750.39
8.85,1899.25
14.97,5479.97
4.88,1128.6
2.14,775.09
3.95,755.38
2.68,666.26
18.1,7221.16
10.39,1845.06
8.9,2036.74
12.79,3574.5
17.76,7189.58
13.56,2921.11
5.9,1121.93
4.13,1009.27
18.12,6880.76
1.89,655.38
14.4,4415.98
15.32,5839.12
10.69,2495.31
10.8,2383.97
17.68,7495.48
6.36,1116.76
7.77,965.51
8.43,1753.35
7.81,1413.81
2.24,616.69
10.45,2898.82
19.61,10264.99
9.74,2438.54
18.82,10417.26
9.38,1730.45
12.71,3345.55
9.12,2270.31
14.29,4475.66
4.71,938.08
4.3,943.42
16.79,5069.4
12.83,3902.12
4.81,1156.31
17.37,6052.41
5.25,1339.79
10.91,3068.82
4.67,783.06
13.2,4564.65
19.08,8397.41
12.58,3984.55
14.51,3264.39
12.39,3208.46
14.8,4692.43
1.17,563.69
1.46,667
10.7,2147.47
7.69,1508.93
13.87,3377.75
17.65,7225.93
7.67,1533.27
18.44,7865.28
18.04,8272.88
1.42,572.94
19.12,8388.71
1.19,594.14
9.65,2051.32
2.63,838.19
17.68,8127.62
2.61,955.95
15.35,4755.49
15.62,6542.33
13.08,3648.84
13.83,2794.6
11.14,2079.3
19.28,7403.54
13.59,3172.6
11.97,3109.78
10.56,3036.72
7.94,1709.49
18.64,7744.6
18.99,7651.29
10.58,2969.08
15.84,4923.14
7.57,1743.27
15.43,4126.11
13.93,3699.71
17.31,5242.17
1.11,538.13
8.89,2222.08
1.65,606.02
13.2,3970.21
11.22,1981.67
17.35,6416.79
19.59,9353.29
1.48,561.33
7.69,1716.06
10.62,2056.87
4.4,1014.54
4.65,1041.55
8.78,2054.87
4.49,1138.9
18.39,9019.63
5.16,1281.53
15.74,5530.15
13.18,3006.86
16.74,7076.93
10.37,2974.03
10.15,2432.19
3.5,760.03
15.71,5485.21
14.7,4196.17
18.17,7842.63
14.05,4256.16
19.87,6880.83
13.96,5089.64
3.91,984.37
13.18,3940.37
8.39,1629.33
17.88,6365.57
9.58,2449.71
5.76,923.11
6.87,1647.77
6.22,903.77
3.52,906.87
15.61,4378.65
8.27,1493.54
14.8,4003.54
6.87,1447.39
17.46,8246.44
14.49,4553.21
10.41,2799.52
3.99,976.37
14.82,2906.88
7.25,1528.15
17.52,6201.86
10.27,2718.8
5.57,933.01
4.92,926.24
19.26,8758.07
10.22,2650.99
5.42,1083.95
13.73,4540.24
1.97,749.76
9.38,2242.8
9.56,1341.68
14.67,4366.27
12.04,3074.81
3.3,964.25
5.7,1206.58
18.41,8358.65
3.94,1010.95
7.5,1638.9
5.77,1023.83
14.03,3091.95
17.51,6124.48
9.91,1628.93
1.34,477.93
11.79,2984.55
1.35,619.21
17.04,5458.81
2.87,805.62
5.04,951.97
17.3,7562.11
7.19,1243.16
16.48,6373.45
6.84,1204.33
4.79,990.4
3.36,636.85
10.85,2221.75
15.38,6276.76
14.94,4344.38
2.03,577.91
14.04,3922.61
13.39,4417.85
14.35,4665.41
4.04,897.87
11.99,4012.95
4.02,923.34
12.93,3859.5
10.8,2102.45
2.42,822.51
18.98,8661.79
19.67,9533.26
17.47,8414.6
9.11,2077.66
4.04,1065.95
14.08,4393.28
11.81,2644.23
2.65,585.59
10.86,2653.2
7.79,1445.89
2.39,748.3
15.73,5540.64
5.62,972.98
11.61,2699.66
6.76,1185.53
12.46,4179.61
18.56,9261.62
2.82,736.71
6.36,1562.07
14.09,4607.82
17.33,6574.81
6.79,1319.27
4.63,874.25
1.92,710.33
18.71,7905.73
14.93,4877.92
3.86,1041.22
10.62,2874.38
5.74,1216.26
5.4,1124.58
14.67,5526.83
12.56,2970.28
13.97,2869.21
1.6,581.29
17.33,5200.54
19.64,8861.56
1.55,643.85
1.17,705.05
16.82,6418.57
12.94,3682.22
6.93,1652.98
8.79,1670.89
9.24,2325.78
3.26,823.69
3.51,913.8
12.96,3485.81
3.23,723.93
7.5,1741.48
14.71,4300.86
18.79,8837.45
12.31,3152.49
3.56,741.6
7.5,1010.13
18.28,7211.3
7.23,1520.69
14.49,4191.74
16.09,4876.17
3.76,673.65
18.52,8073.35
9.07,1969.2
18.22,9207.67
4.45,993.45
16.48,7224.67
1.43,621.96
16.87,5837.21
19.47,9709.15
14.54,4387.32
18.89,8390.13
16.02,4418.38
11.56,2682.65
2.51,558.74
2.48,676
12.89,3934.26
14.22,1895.36
5.49,1015.28
4.07,874.2
7.07,1179.22
14.77,3636.56
19.53,11885.28
16.34,6421.69
5.28,917.37
11.93,3081.99
3.31,756.87
9.98,1888.96
9.4,2207.1
17.32,7431.37
12.52,2755.99
17.3,8909.43
18.63,6836.77
13.6,4337.33
16.25,5719.19
9.56,1963.94
12.24,3075.68
16.69,7395.54
17.61,8348.15
12.01,3035.94
17.57,7966.46
18.6,8051.26
12.07,3491.89
2.9,757.21
12.7,4168.84
9.86,1599.7
3.09,954.6
17.43,7039.65
1.59,737.3
5.65,1487.96
10.32,2736.48
1.8,863.69
14.79,5064.69
14.57,3164.78
12.53,3006.77
6.24,1478.88
11.31,2507.81
6.93,1502.75
7.49,1419.52
15.8,5728.88
7.79,1607.54
19.67,9491.94
11.93,3269.81
10.84,3105.49
6.1,1167.09
16.74,5052.5
14.25,4975.08
1.32,480.92
19.19,9341.75
11.18,2988.01
4.84,1071.4
1.78,835.65
12.06,3006.38
1.84,773.8
12.02,3691.46
18.49,7962.72
6.56,1453.5
15.39,4445.15
14.62,5318.11
14.64,4977.26
1.29,454.65
6.63,1377.99
8.84,2027.28
2.9,877.18
6.55,1344.96
13.66,3236.79
6.05,1220.9
3.46,1069.7
1.21,507.65
19.85,8342.94
6.94,1330.23
11.09,1696.7
14.72,3671.9
12.86,2548.45
8.22,2005.24
2.09,784.06
10.31,1950.57
14.26,4559.31
12.55,3109.26
17.57,7046.91
5.95,1498.74
12.83,2410.66
3.32,786.94
10.92,2704.8
18.32,5479
18.88,8591.6
7.79,1828.7
15.51,4983.21
4.49,990.28
15,4768.3
2.64,769.46
17.28,7296.72
18.63,7993.99
13.04,2493.38
2.19,850.76
19.98,8856.77
7,1321.43
13.1,3322.94
16.84,6463.35
17.31,6591.96
17.71,7547.18
16.59,5593.89
10.98,2619.45
15.51,5329.04
19.11,9774.9
17.23,6080.88
8.45,1852.89
13.1,3806
10.65,2457.6
1.5,602.03
2.73,873.31
5.02,1107.05
17.4,4010.87
19.82,9526.58
18.7,7726.23
19.48,9578.12
6.39,1378.05
9.67,2260.33
17.2,7311.01
1.11,493.77
18.9,6513.35
5.25,1075.11
17.01,6140.42
2.26,778
6.11,1487.07
1.89,651.49
9.16,1459.71
16.75,7410.49
6.54,1415.6
11.44,2705.95
1.19,659.78
18.57,8137.02
1.34,830.57
2.76,690.35
19.6,9616.33
4,757.97
5.98,962.84
15.05,5316.48
13.86,4777.84
17.65,7829.13
3.21,638.1
9.19,2107.73
17.59,5958.57
4.18,992.33
4.15,629.82
19.39,10842.56
8.17,2181.99
19.12,9014.16
15.46,6094.11
17.24,5891.74
18.45,7725.98
16.05,6221.73
6.13,1261.3
3.21,653.66
15.54,5011.38
1.4,581.75
2.02,630.66
19.68,10660.09
10.43,2931.69
12.73,3486.37
3.17,846.44
4.89,1149.18
3.5,845.94
18.79,11147.08
13.87,4174.99
6.12,1309.96
7.8,2017.37
7.13,964.45
12.24,3352.6
13.76,3702.78
5.94,1117.48
2.55,715.74
6.88,1929.23
6.85,1487.02
13.63,3664.79
3.74,716.9
6.67,1772.1
17.72,6102.29
11.82,3125.27
12.96,3904.24
9.1,2166.86
8.34,1572.79
19.87,8590.17
18.23,6421.14
9.46,2163.83
10.16,2391.43
8.24,1672.45
8.88,1532.39
16.22,4400.11
11.52,3301.36
11.02,2598.35
5.93,1237.91
13.37,4208.27
10.93,2759.21
15.92,4677.03
16.66,5002.35
4.02,694.51
12.03,2559.85
2.1,697.42
19.01,9071.2
13.75,3337.99
6.25,1563.64
13.52,4020.88
8.2,2309.05
14.39,4840.9
18.28,7630.65
12.09,3511.32
3.16,847.71
11.3,2925.41
2.51,871.93
5.92,1498.57
15.07,4840.71
15.86,5456.16
7.49,1646.16
9.18,1802.85
4.11,1137.22
10.33,2668.6
4.36,812.99
4.42,932.61
15.93,5554.26
4.86,1212.32
5.66,1341.74
12.87,4139.3
10.18,2837.83
7.41,1593.5
5.1,1079.64
16.14,5516.67
13.69,3783.47
16.42,7198.41
5.8,1587.85
2.28,839.26
13.8,4409.8
4.01,1207.29
6.54,1307.8
1.03,456.18
19.4,6193.97
19.83,9219.45
13.47,3514.06
9.55,1985.47
1.59,601.11
9.69,2024.84
18.39,6482.04
5.97,1439.09
9.94,2028.97
6.04,1188.09
12.21,2700.71
3.69,577.86
18.43,8223.2
15.26,5461.44
13.49,3408.04
18.35,9615.83
19.9,10671.48
9.58,1533.1
6.69,1605.83
10.7,3274.4
13.12,3130.44
14.19,3578.9
13.97,4093.28
17.92,7619.98
15.93,5219.92
8.22,1666.23
16.14,5419.41
16.21,6173.49
14.46,4725.58
14.86,4864.18
3.03,819.53
17.16,6484.34
7.45,1579.72
15.84,6491.45
11.04,3048.96
10.96,2153.54
6.9,1578.09
2.47,605.6
12.9,3229.95
7.64,1817.37
5.04,1099.64
18.96,9928.9
16.54,5708.03
4.87,1039.85
12.06,1833.75
10.05,2300.28
14.45,4608.96
5.35,1358.31
8.83,2586.37
14.72,4599.31
5.71,1043.85
10.09,2324.29
18.63,6705.64
12.57,3374.15
4.69,994.99
19.85,10818.57
5.02,1032.66
12.34,3351.4
5.69,1439.78
10.04,2187.64
19.35,8561.79
2.1,766.72
9.71,1588.08
3.92,889.1
17.47,4957.08
11.77,2633.57
3.89,1181.27
14.58,5456.36
7.38,1832.73
12,3601.86
9.3,2274.9
12.57,2576.59
15.15,5689.93
14.16,4308.17
8.23,1442.49
2.76,887.78
15.38,5231.58
4.17,940.29
11.35,3186.36
8.56,1923.96
11.86,2222.78
8.93,1886.86
19.68,8059.23
13.1,4335.13
5.73,1499.91
14.59,3654.35
16.87,6230.43
15.45,4897.6
17.41,7789.81
16.56,5822.21
19.09,9052.91
8.09,1706.02
12.91,2589.21
4.84,929.56
12.38,2806.18
3.39,664.32
11.66,2723.39
15.05,3889.38
15.49,5957.91
5.75,1172.63
14.86,4621.36
6.45,1408.29
8.39,1659.94
17.3,7338.83
16.43,7014.45
19.64,8770.46
14.75,3972.93
13.9,5254.42
15.4,4933.59
7.04,1531.63
19.95,11703.36
14.07,4267.38
12.57,2619.06
11.81,2541.03
6.77,1147.26
13.59,3283.56
13.61,4910.48
3.03,742.25
8.51,1701.49
10.16,2391.4
5.19,886.85
9.21,1796.43
7.71,1571.41
11.86,2521.99
11.33,2358.33
2.1,469.52
16.86,4650.74
8.16,1860.82
13.15,3402.86
10.39,2507.12
4.89,567.88
10.34,2158.89
9.33,2324.26
12.68,2916.51
2.2,838.48
3.28,799.84
8.98,1953.23
8.85,1873.3
2.8,784.64
16.73,6464.98
2.56,642.02
10.49,2544.62
16.81,5084.94
7.01,1645.52
9.16,2371.09
3.77,946.57
10.52,2012.79
16.07,5051.58
14.22,3073.76
15.01,5553.58
7.16,1378.54
5.34,1183.29
8.91,1812.47
12.42,2803.43
6.39,1165.85
8.57,1849.9
7.88,1520.23
1.67,643.3
3.79,806.82
18.48,7672.21
15.91,6807.11
6.18,1281.48
14.91,4873.84
6.92,1451.5
5.1,1118.87
4.93,1204.19
19.29,9752.17
6.94,1069.16
8.63,2056.91
19.38,8534.83
8.25,1849.59
9.08,1838.28
2.27,603.59
17.93,6795.7
10.76,2234.56
12.16,3037.83
4.44,940.02
5.7,979.06
13.11,3961.82
15.66,5780.24
11.97,2893.59
1.03,439.87
16.3,4975.09
18.33,8535.81
5.75,1154.11
5.06,1214.19
1.92,614.37
3.67,843.52
13.38,2912.56
8.79,2189.54
13.74,3919.83
7.5,1539.92
18.11,5694.1
9.45,2241.79
9.27,1518.69
18.2,10972.36
14.13,4485.56
4.32,778.22
13.87,3735.15
3.82,876.86
7.02,1446.28
15.02,4895.26
2.14,683.36
19.67,8894.48
5.66,1220.88
2.14,696.28
11.62,2555.53
12.66,3214.61
11.52,2857.73
19.9,9386.27
2.61,660.74
6.75,1568.62
9.8,2239.48
14.9,5057.71
3.5,921.97
9.47,2433.61
15.66,5839.95
15.53,4107.45
11.09,2063.41
4.32,920.94
6.86,1563.68
6.87,1514.2
14.86,5492.17
11.65,2711.45
4.66,852.81
6.77,1111.73
17.69,8581.99
13.36,4643.3
5.19,948.81
12,2710.41
1.67,850.8
15.9,4663.89
4.41,832.76
17.05,5377.91
7.85,1313.39
9.25,1805.64
9.17,2488.42
19.29,8414.05
5.03,793.25
8.87,2037.79
7.6,1091.73
7.87,1442.24
12.55,3877.03
2.15,669.55
12.44,2045.74
13.34,4410.05
11.34,2129.72
15.57,5037.78
4.42,1021.38
3.11,621.89
12.1,2691.94
17.95,7194.81
18.48,7426.23
12.22,3256.37
4.98,1052.61
2.86,593.69
19.48,7414.32
2.01,618.51
16.33,5964.63
17.99,9165.57
2.96,967.7
14.16,4171.86
4.22,669.52
11.84,3327.36
8.24,2006.29
5.33,1047.61
10.48,2513.59
16.06,4882.33
4.43,962.58
4.84,1082.94
5.9,1364.69
15.57,5576.36
13.29,3859.12
4.23,763.06
12.58,3968.71
10.2,1493.28
5.28,958.19
12.03,3569.66
7.04,1282.44
13.65,3646.93
4.43,1316.07
17.27,7610.57
1.09,464.9
4.6,923.07
6.25,1105
9.46,2094.58
5.97,974.6
15.84,5144.43
9.7,2600.31
5.69,1291.24
4.11,995.55
8.28,1588.36
13.98,3876.99
10.95,2738.97
2.5,577.73
17.59,4296.21
19.02,8225.61
4.42,917.41
3.46,941.11
6.87,1284.21
13.72,3467.23
3.18,866.96
19.46,8271.52
11.2,3312.83
5.59,977.01
15.35,5626.19
7.75,1102.78
3.76,1077.98
5.73,1156.57
5.76,817.85
11.27,2115.95
16.7,5973.12
14.49,5544.59
19.18,8070.96
2.22,679.6
10.97,2930.06
3.92,893.3
6.13,1201.33
2.56,725.8
15.82,5078.26
13.68,3999.33
7.27,1580.83
13.24,2750.76
4.54,936.77
5.54,1001.39
18.65,8826.43
3.93,888.6
1.49,499.6
1.96,708.51
12.3,2118.83
15.3,5632.32
11.5,2131.16
5.3,1396.38
15.57,4692.32
15.5,4774.74
7.26,1211.15
19.56,6839.68
18.97,8887.85
18.31,5999.6
19.76,10729.51
4.88,721.15
10.33,2101.09
17.58,7549.45
17.89,7074.1
5.77,1297.68
8.39,1803.02
12.66,3324.13
7.85,2063.71
11.74,2445.19
5.79,1166.44
14.43,3801.24
5.61,1008.84
10.57,2317.56
16.62,5157.69
12.68,3706.29
13.48,4241.68
14.99,5011.62
12.16,2179.97
1.32,563.04
15.52,5395.34
8.46,1715.67
2.13,828
13.31,3426.65
4,885.07
12.06,3150.81
6.61,1430.46
11.48,2950.51
6.77,1263.58
19.2,10753.27
15.37,5306.05
9.5,2180.32
18.34,6606.2
11.18,2272.14
14.61,4001.72
9.57,1883.36
12.03,3416.08
19.82,11010.84
12.65,3704.2
6.07,1217.89
5.61,1030.28
17.41,5166.7
16.98,5110.29
17.58,8536.37
18.13,6620.37
5.36,951.91
5.66,1062.29
17.95,6281.18
13.65,3380.59
14.72,5745.78
8.45,1572.58
17.02,5929.62
2.55,721.76
1.76,842.16
7.04,1344.51
5.17,1124.09
17.97,7744.36
7.64,1493.68
1.12,393.63
11.92,3596.3
12.32,3075.95
10.03,2396.97
19.67,8480.9
9.38,2214.66
5.44,1273.69
14.78,5605.12
6.53,1144.95
16.57,6202.19
2.03,653.5
19.09,8216.83
3.73,749.65
14.81,5007.06
17.55,7386.85
3.33,1058.24
9.53,1425.11
2.61,959.59
8.03,1517.25
18.27,9049.31
10.12,2333.98
7.59,1682.75
5.09,1110.24
13.13,4252.3
2.48,654.27
13.45,4175.11
8.22,1331.2
15.2,4255.14
12.15,3349.49
7.41,1591.32
13.74,3782.64
8.06,1643.05
19.17,9124.41
13.72,4428.34
2.99,571.41
5.11,1112.07
8.86,1438.1
8.8,2256.53
5.53,1293.25
6.32,1230.71
17.45,8057.28
3.59,794.46
12.93,2310.37
11.73,2272.25
19.85,9676.86
13.8,3412.55
10.8,2617.25
11.24,3416.22
2.26,667.8
12.99,3535.78
5.73,1347.77
9.82,2780.33
3.59,538.33
9.18,2227.54
11.14,2348.85
2.1,683.1
19.79,6789.9
17.86,6532.77
3.36,981.77
18.62,9060.22
4.61,843.8
16.32,5936.26
12.37,3011.71
14.72,3423.44
8.93,1704.56
11.13,3193.22
4.89,964.84
7.52,1272.81
12.07,3366.7
11.96,2977.91
15.26,4350.48
6.51,1353.8
19.83,5556.39
15.42,5556.53
13.82,3429.85
13.44,4169.43
10.14,2868.32
10.58,2669.93
11.02,2595.43
8.58,1416.81
2.31,543.1
12.75,3323.36
4.58,820.26
15.54,4802.5
19.48,7561.22
18.51,9969.02
5.75,1085.28
2.61,762.15
14.62,4599.98
6.21,1293.9
10.5,2019.84
19.17,9100.14
6.28,1406.85
9.26,1732.23
8.47,2509.7
18.97,8303.28
18.42,7486.16
5.03,940.56
8.96,2296.58
17.74,10029.06
16.19,5116.39
4.71,892.58
16.74,5687.95
4.65,800.26
3.58,1064.04
12.71,2988.14
9.53,1623.31
8.44,1434.42
16.33,5465.3
3.53,664.13
4.69,1054.71
3.55,750.8
3.33,942.39
12.8,3873.47
15.04,4903.95
3.64,904.15
6.11,1291.53
17.06,6169.8
19.45,8686.54
18.14,7952.3
1.02,526.6
3.16,757.75
12.72,3156.58
1.76,629.59
18.56,6564.75
1.27,623.53
18.18,8423
15.86,6141.64
16.04,4087.18
3.64,743.98
18.29,9322.98
17.06,8348.66
5.7,1059.77
8.92,1915.51
4.69,892.35
2.72,506.54
13.31,3992.47
4.62,864.4
3.93,962.54
10.86,3066.54
15.77,4897.54
19.58,11377.78
4.29,879.15
13.26,4581.24
14.6,5024.2
2.03,690.77
18.05,8034.42
6.85,1386.67
5.48,1163.41
3.2,793.92
15.1,4299.73
3.7,1075.99
6.99,1189.6
15.67,5889.12
4.79,1331.29
7.29,1145.33
9.02,1626.63
17.33,5541.42
17.51,6933.29
12.32,2922.35
8.83,2121.9
10.88,3014.15
18.07,9411.04
19.07,8156.77
19.11,8674.54
6.65,1350.47
1.16,491.34
12.94,2779.41
9.76,1765.41
19.99,9740.48
11.38,2614.07
7.86,1650.58
6.01,1183.31
19.3,7428.22
19.3,6414.51
2.07,566.99
18.4,8697.49
12.56,2570.9
3.22,846.4
6.55,1221.09
9.43,1919.43
2.21,759.62
19.76,8970.5
6.09,1367.12
17.51,8321.36
19.81,11476.56
12.21,2669.31
9.05,1999.39
16.04,5738.99
6.43,1070.65
14.61,4210.35
17.23,7582.77
10.8,2823.11
5.63,1201.43
3.99,950.61
12.27,2875.62
13.64,4171.55
12.6,3493.63
7.64,1609.16
7.41,1801.2
10.32,2165.73
7.71,1377.51
17.01,6477.32
19.09,7970.16
19.45,7616.5
9.29,1507.04
4.09,901.61
19.72,11510.49
13.75,4259.9
8.97,2110.33
14.23,4591.1
8.64,1483.78
4.03,735.05
6.14,1355.78
5.95,1157.43
1.04,482.46
2.86,659.8
1.55,575.77
5.99,1525.37
9.77,1759.96
7.07,1518.39
5.37,1083.34
6.71,1738.47
18.88,6803.24
5.23,906.28
12.99,3127.73
14.54,3189.81
6.85,1306.54
3.28,668.03
17.14,5786.4
1.89,799.18
5.46,1144.86
10.48,2803.09
11.77,2901.26
17.31,5882.88
15.05,4886.17
1.96,643.17
10.82,2782.78
19.35,7980.24
8.77,1950.4
10.03,1934.84
8.47,1923.76
15.78,5062.64
7.7,1849.27
8.94,1889.83
18.65,8784.94
2.22,828.13
10.61,2701.16
11.95,3072.6
4.4,794.51
9.42,2188.13
6.66,1073.17
1.42,706.86
3.93,817.8
18.62,8482.19
13.7,3351.27
15.85,5495.52
8.32,1754.31
10.77,2476.93
12.64,3098.42
19.82,7653.1
12.8,4747.56
3.55,706.89
1.02,638.1
1.52,544.54
4.58,802.08
8.46,2169.4
19.7,8903.55
13.52,3710.09
12,3897.24
10.58,2714.95
9.43,2157.63
6.59,1243.72
14.3,4107.41
4.25,909.85
14.54,4167.19
1.98,818.24
2.77,756.4
8.94,1691.55
10.56,2775.17
19.08,8914.32
15.57,3735.62
10.53,2090.7
12.25,2871.33
16.27,6104.06
8.65,1613.36
14.01,4075.4
8.84,1589.99
18.56,9482.74
3.82,872.46
5.16,1068.91
8.08,1417.19
1.77,619.64
13.46,4233.63
8.95,1679.13
5.77,1101.86
14.55,4247.07
10.72,1713.97
2.19,697.38
12.35,2146.44
13.83,4955.93
16.75,6099.43
16.12,5204.02
2.03,654.16
19.27,9889.95
11.48,2717.07
16.46,6085.58
17,6879.17
15.31,4513.97
12.93,3163.45
18.69,8894.27
1.59,654.09
10.67,2588.53
9.78,2760.47
11.63,3036.67
18.1,5583.7
14.79,5578.79
4.04,602.02
5.18,1110.81
11.64,3008.5
7.89,1570.07
5.46,956.12
19.36,8971.87
17.19,6549.64
4.69,966.5
17.67,6651.19
6.05,1214.32
12.72,2578.34
16.45,7114.72
14.14,4651.81
13.9,3726.29
9.62,1937.16
10.78,2494.26
19.72,9885.56
15.54,5227.64
17.09,5428.1
11.44,3102.2
2.76,825.91
7.16,1442.86
2.61,746.22
5.76,1176.63
10.41,2466.07
1.48,610.32
8,1979.86
19.4,7067.45
12.32,3508.95
4.67,1089.26
7.4,1382.45
4.5,849.28
6.49,1324.67
4.02,963.81
16.84,7197.68
19.63,9219.49
16.59,6628.6
16.35,4613.84
15.41,4293.64
10.77,2293.41
10.3,2253.97
9.84,2154.8
16.18,5124.34
2.64,784.73
2.13,818.35
6.96,1269.95
2.65,688.46
18.92,6089.9
17.72,6718.98
8.6,1978.79
7.22,1333.61
17.09,5103.77
12.65,2676.48
15.92,5956.39
19.36,10663.69
3.69,765.2
7.47,1726.72
17.1,5831.05
3.82,763.82
17.55,8090.04
1.03,698.3
14.29,4148.15
9.1,1561.94
4.62,1022.26
9.11,1573.63
2.39,739.17
16.78,7317.84
4.67,976.28
6.66,1329.53
5.35,795.41
8.26,1574.14
9.59,2564.17
9.48,1629.36
14.8,4834.91
13.05,3084.6
17.28,5655.73
15,5781.54
6.22,863.73
5.67,1462.48
14.36,3472.6
12.62,2589.78
17.75,7479.83
13.12,3643.59
4.09,798.83
11.05,2115.8
5.31,940.69
18.5,9359.98
15.58,5054.33
1.72,784.3
6.71,1510.87
14.89,4989.81
17.21,7699.8
17.92,6639.84
6.25,1412.27
3.03,882.69
4.39,865.48
11.6,3806.13
9.64,2357.06
4.14,960.56
18.55,8552.71
7.84,1671.31
18.14,9239.91
10.77,2354.42
17.28,7336.22
9.25,1728.38
6.37,863.85
19.52,7596.51
3.22,973.25
9.81,2528.87
17.21,6364.99
2.67,777.97
8.02,1281.43
5.28,1099
10.28,2372.62
8.12,1477.41
18.24,7936.96
7.21,1362.85
17.17,6414.81
14.94,4190.66
16.31,5882.88
5.68,1355.32
17.87,7935.61
14.45,4124.31
10.67,2597.45
8.07,1556.99
18.11,5587.27
3.38,599.63
5.21,848.35
9.99,2398
12.37,3812.68
6.02,1215.96
14.37,3826.2
10.6,2799.11
11.2,2818.23
19.02,10927.31
16.57,6472.5
9.79,2380.68
16.1,6531.12
9.32,2288.71
7.99,1406.93
2.35,844.77
14.13,4062.77
12.17,3633.73
11.76,3192.8
9.15,1897.27
17.53,7289.87
18.67,8007.43
9.41,2417.92
1.49,569.77
7.56,1726.84
4.83,675.42
13.53,3343.67
6.66,1302.25
2.21,561.03
11.02,3129.62
17.16,5938.42
6.09,919.47
13.21,3241.43
11.98,3467.92
9.46,1504.36
19.87,9019.1
13.9,4352.52
7.64,1253.27
5.17,1130.73
11.25,2816.25
8.78,1964.83
5.36,1336.87
6.21,1193.52
17.35,6332.71
13.66,3458.19
3.07,951.97
8.63,1629.81
7.36,1685.58
1.13,616.02
12.49,3314.65
8.44,2371.72
16.3,6156.27
4.1,856.39
12.4,2347.68
5.83,1172.53
15.07,6392.04
2.07,492.37
2.54,887.85
8.43,1967.99
6.36,1071.89
19.33,9638.17
9.81,3126.29
19.61,10072.07
17.22,8763.01
13.23,2870.2
10.39,2302.7
8.96,1829.23
8.64,2107.66
5.21,1022.97
11.09,3190.37
3.17,733.65
3.63,853.8
3.17,927.33
2.48,893.07
3.4,821.07
13.66,2948.04
17.89,6395.07
4.46,1035.04
4.09,852.52
12.66,4259.32
2.22,887.69
2.92,641.89
19.95,7331.57
5.4,993.57
15.31,4707.6
10.96,1940.96
3.02,589.24
3.42,853.81
15.71,4423.09
9.27,2035.64
10.54,2214.09
12.23,3329.47
12.83,3732.65
18.97,9549.37
3.12,690.99
5.83,1522.73
1.29,455.83
13.79,4044.29
1.98,585.07
15.43,4649.94
9.67,1946.28
19.81,11599.88
19.81,8468.21
19.27,9860.77
5.75,1262.75
16.5,7593.55
11.33,3093.92
18.26,5222.12
1.15,666.86
7.91,1929.12
6.97,1237.1
17.26,7427.17
12.89,2511.58
6.09,1171.42
17.33,6807.92
15.14,5149.19
8.17,1821.59
11.38,3142.41
18.87,7663.85
6.8,1126.82
2.95,868.9
13.51,3770.29
16.6,5241.74
16.28,6663.06
3.41,806.61
14.99,5147.94
8.96,1847.78
3.54,962.66
11.87,3450.59
2.05,614.08
5.99,1211.88
8.89,2141.69
15.75,5866.64
3.11,815.52
10.03,2150.83
10.58,2722.74
11.07,2213.76
10.36,1961.04
3.98,700.35
6.86,1566.27
6.73,1755.92
1.88,704.26
6.95,1704.17
7.18,1679.5
17.88,6447.42
7.33,1535.03
11.92,2453.63
1.92,762.56
8.16,1919.55
14.77,4817.57
15.41,4946.11
9.24,2130.64
9.02,1504.99
10.92,2688.9
8.45,2361.94
14.77,4052.08
13.27,2776.47
17.67,6307.47
6.87,1623.63
2.81,781.36
19.53,8102.25
19.81,8161.13
18.09,6864.2
5.75,1418.18
13.94,4398.3
11.18,2346.46
3.11,909.5
14.44,3862.64
13.83,3792.3
7.03,1607.74
9.12,2232.51
17.52,4615.81
12.43,3957.54
8.1,1837.51
11.28,2644.62
8.93,1599.72
6.39,1236.28
19.85,9443.56
15.3,4231.74
10.84,2616.94
7.93,1894.15
13.74,4505.73
11.6,2296.32
1.31,577.59
3.06,643.1
11.6,3010.06
8.28,1754.41
10.62,2956.29
6.18,1084.1
2.24,539.98
19.4,8157.54
8.67,2065.28
6.32,1369.68
4.46,1151.41
19.18,8349.33
4.44,845.61
17.82,10156.67
9.93,2041.57
16.62,5679.28
11.18,3334.85
16.57,4246.93
12.28,3031.83
4.41,1043.37
18.3,9625.43
13.14,3660.52
6.69,1409.42
6.01,971.39
10.52,2874.42
5.76,1077.85
12.19,2948.98
8.06,1718.25
15.94,5256.96
10.3,2685.04
3.42,724.42
5.18,1029.56
10.85,3289.02
17.74,8048.45
11.66,2777.16
17.82,7386.05
2.85,683.28
17.18,8191.76
2.73,724.21
15.02,4177.69
18.02,6935.78
17.42,5966.82
15.77,5295.35
8.79,1735.14
6.06,1388.6
19.37,9297.92
12.39,2631.12
11.72,3539.81
9.4,2336.45
14.68,4688.37
5.18,1169.61
17.66,8256.4
16.14,5985.82
13.76,4613.78
5.78,1323.13
10.18,2262.66
11.57,3343.25
1.01,426.56
14.69,4581.63
12.2,2913.43
17.66,7859.55
2.94,798.29
5.81,1418.08
11.02,2657.75
18.28,8140.6
1.89,721.98
19.66,11648.47
18.13,6947.08
11.43,3525.1
2.34,638.93
4.76,853.28
14.22,4977.64
5.16,1161.62
19.01,8040.35
6.51,1592.76
7.37,1640.21
14.26,3730.53
6.09,1302.83
18.4,7847.12
2.87,645.41
10.68,2713.73
9.7,2228.43
4.73,1051.75
12.35,2842.99
6.77,1370.41
9.24,1888.07
17.62,6045.61
11.58,2783.38
2.39,572.27
3.1,804.94
10.26,1743.17
18.33,7760.98
6.18,1273.14
13.41,2275.23
16.33,7514.12
18.02,7982.65
13.02,3113.35
4.21,1196.36
8.34,2149.33
15.92,4059.93
1.68,639.71
7.38,1318.34
12.32,3444.22
19.09,6183.44
3.3,1012.78
9.74,1747.39
6.7,1276.9
1.8,695.98
18.81,10053.71
19.02,8170.78
19.25,8645.78
16.17,6733.44
17.33,8553.1
19.96,11276.59
11.8,2980.51
17.85,7423.15
6.22,1135.12
7.54,1203.21
14.03,4980.47
18.68,8248.85
16.17,6688.87
8.96,2495.45
16.38,5851.31
13.46,4052.12
2.98,666.12
17.39,7251.46
3.4,780.49
12.06,2618.05
4.61,986.2
1.63,533.3
13.45,3922.11
12.34,3255.23
2.57,815.59
8.17,1803.18
16.04,4475.94
15.96,3596.89
2.28,818.45
13.06,3986.65
13.56,4094.87
9.81,1813.14
9.74,1866.82
10.97,2309.85
11.17,2703.35
18.27,9496.48
19.47,11410.77
19.02,9112.98
9.78,1836.99
13.54,4341.67
10.48,2313.39
13.35,2949.57
7.97,1410.84
3.9,813.2
15.76,5061.51
15.22,5892.27
18.47,8951.38
10.8,2448.7
3.96,1144.61
12.65,4117.87
12.49,3255.72
1.44,595.94
1.97,783.05
6.86,2048.09
18.9,5363.96
1.44,568.09
13.95,3768.99
1.19,739.79
18.78,10237.81
11.46,2800.37
7.02,1294.28
2.52,681.01
12.66,3581.77
1.5,675.49
17.87,5789.9
13.74,4003.06
14.54,4704.06
2.49,710.82
16.44,6323.89
19.71,8206.62
18.08,7067.63
4.23,1291.76
8.25,1923.15
3.59,853.02
11.51,3309.51
8.17,1792.96
11.12,2838.37
1.47,809.11
7.29,1128.65
13.64,4339.51
1.39,497.08
5.85,929.64
6.46,970.33
2.42,686.74
18.74,7569.95
3.13,921.85
19.8,11566.65
3.02,677.94
4.01,899.2
8.64,1041.34
5.98,1028.87
5.83,1496.19
1.36,648.06
10.57,2385.5
12.53,2998.43
13,2993.77
6.78,1236.1
18.32,8559.71
3.11,835
13.22,4822.75
8.28,1716.5
17.05,6898.78
4.14,835.31
9.29,1933.73
16.77,6698.71
19.31,10679.71
13.61,4995.68
6.41,1241.82
11.3,2297.23
8.48,1664.8
16.59,7101.06
9.27,2227.57
14.2,4226.73
3.48,1000.75
1.18,600.31
6.9,1800.87
12.61,2727.9
18.45,7785.29
14.16,4382.76
2.52,794.6
12.92,4308.57
18.86,8170.51
6.2,1324.77
11.53,3190.35
11.48,2422.06
9.87,1774.7
9.3,1610.39
19.18,9682.1
3.31,756.97
2.18,648.79
19.53,8345.52
7.58,1698.83
2.12,666.81
18.26,6906.44
5.74,1413.85
14.86,4756.18
17.76,7069.47
16.42,5312.89
1.98,942.95
15.13,4783.77
15.3,5491.98
10.14,2272.6
8.11,1463.59
10.16,1999.97
7.88,1944.19
14.25,3983.88
1.51,494.65
6.98,1433.56
5.56,1184.29
10.74,2151.21
13.55,4590.18
9.85,2729.19
7.53,1736.59
1.4,715.41
17.85,5907.85
6.95,1413.06
11,3428.14
5.53,941.01
10.41,2459.83
12.69,2863.1
9.84,2366.27
2.54,894.87
13.55,3509.91
12.87,3690
18.12,5857.13
1.78,595.67
16.26,6298.14
3.1,877.58
16.04,3885.66
17.8,7149.52
18.83,7484.41
16.68,6399.94
7.37,1175.6
12.41,2806.21
10.11,2366.56
4.89,947.2
19.41,7240.32
19.63,9107.8
6.93,1602.9
3.23,762.53
15.57,5701.98
11.29,2684.93
12.79,3526.61
19.31,10785.69
19.61,10483.23
3.97,881.61
18.96,7343.12
18.89,9261.99
12.3,3434.53
6.97,1516.45
14.8,4092.28
10.81,2727.23
1.03,665.1
14.75,4114.24
10.02,2710.68
17.4,7261.74
15.32,4596.4
10.53,2282.39
19.87,9821.84
14.9,5246.63
11.48,2983.03
11.6,3499.49
14.96,5095.31
9.66,1698.9
11.14,2277.74
13.3,4585.49
3,843.38
15.06,5814.82
11.17,2827.62
14.18,3829.8
14.97,4330.72
15.64,5073.07
12.68,2762.43
9.6,2430.14
15.61,4529.94
7.91,1919.61
10.47,2962.81
13.33,4053.56
7.23,1374.49
3.15,471.79
17.05,6354.96
9.83,2357.67
2.87,879.47
19.01,10352.74
15.72,6357.83
7.03,1697.91
11.53,2949.7
8.39,2085.66
1.09,514.89
11.48,2841.39
6.84,1485.07
4.97,1140.19
18.14,7362.2
8.89,2155.37
1.36,631.5
16.7,5538.55
18.61,10388.3
12.83,3227.33
18.57,7810.41
8.39,1974.14
17.76,6973.34
12.51,2941.05
9.97,2948.66
6.03,1378.32
6.47,1165.84
13.67,3599.65
2.14,720.75
10.18,2436.09
9.91,2005.01
6.81,1450.37
8.81,1406.77
14.95,4490.34
19.47,8036.71
4.36,895.29
12.46,3477.7
10.09,2805.91
6.65,1430.27
6.25,1364.15
16.99,5770.12
14.48,4879.43
16.14,6126.64
17.71,7983.57
6.93,1128.87
5.3,1062.92
13.95,3751.84
13,2585.29
6.07,1236.77
8.57,1595.67
5.71,1024.09
11.42,2604.63
4.55,999.44
5,863.14
7.55,1674.93
13.54,3750.41
4.04,1137
12.96,3571.52
16.18,4004.2
1.61,652.76
15.14,4529.72
12.5,2382.06
9.61,2397.87
7.59,1463.23
19.02,6575.09
1.19,628.7
14.17,4498.48
14.29,3988.69
15.38,5800.13
4.11,873.38
7.59,1463.82
13.21,3882.98
18.52,8693.79
10.96,3487.83
11.42,2517.89
17.4,7011.47
7.07,1556.24
1.12,482.14
16.44,4195.33
17.79,6657.81
5,1435.39
1.94,615.52
3.68,881.64
14.03,4707.84
18.25,7898.7
17.64,7985.06
16.98,5755.27
12.54,3545.96
17.19,5365.13
15.48,5762.82
15.27,4272.51
17.68,7692.37
12.03,3330.33
6.67,1264.92
4.25,1121.58
15.8,5083.79
6.63,1728.46
14.84,3514.04
8.66,1620.35
1.45,670.19
16.8,6884.73
4.55,1038.61
9.1,2140.17
18.63,9200.83
15.28,3706.64
7.99,2103.58
14.8,4239.39
14.14,4549.99
7.92,1527.07
16.98,7279.42
2.75,712.29
10.7,2452.34
9.23,2228.28
19.68,12670.12
7.82,1526.3
5.09,1214.16
2.05,588.43
15.68,5855.23
7.86,1491.37
3.81,1010.36
18.09,8301.65
8.12,1968.79
5.49,1085.08
5.48,1105.3
5.77,1097.74
16.85,5448.88
19.23,7606.44
9.61,1779.28
11.15,3077.39
11.29,2051.02
1.95,574.51
3.51,802.48
3.07,883.55
13.02,2563.23
19.69,10808.58
12.57,3202.3
17.61,7319.33
18.65,7464.08
9.2,1891.72
8.56,1966.76
1.48,653.24
5.96,1146.78
1.56,505.12
9.33,2309.97
2.67,777.49
14.41,2875.62
2.49,533.89
15.58,4518.19
8.08,1672.43
7.88,1207.84
17.79,7398.22
15.17,4986.53
7.07,1630.74
17.76,7782.68
5.05,1126.89
3.04,825.28
3.2,992.55
13.38,4000.11
3.07,843.98
12.45,2355.62
7.39,1663.81
10.34,2222.98
2.94,712.04
4.15,804.12
19.2,9315.04
18.83,10724.87
8.36,1983.86
2.81,743.02
16.87,6939.14
6.49,1383.03
5.86,1267.73
16.11,4525.43
11.06,2510.67
15.37,5764.83
4.02,1195.08
15.4,4339.16
4.99,1086.62
8.02,1651.69
7.17,1765.98
5.5,1112.28
9.08,1803.6
18.12,7150.05
11.89,1865.05
17.47,8221.91
11.73,3514.09
5.12,946.36
15.84,6193.49
18.74,9457.12
5.04,815.18
19.89,6805.48
16.82,6728.31
18.85,6590.37
14.15,4505.88
3,677.43
2.18,560.47
4.31,1145.91
2.79,788.98
17.1,6073.39
18.85,7802.13
2.41,752.45
11.84,3205.9
18.9,9637.47
8.15,1825.18
6.95,1094
12.37,2470.66
17.14,5747.28
2.77,938.44
15.89,5910.12
8.53,2078.57
11.21,2698
15.38,5731.72
17.09,5483.34
6.69,1385.89
16.46,7103.36
5.78,974.47
2.12,851
5.13,1124.9
2.05,775.06
18.52,7738.49
12.73,3676.48
14.01,4259.87
14.01,3640.22
2.27,631.95
17.74,7260.62
5.69,1285.27
3.25,943.31
1.41,622.58
19.39,8997.11
10.65,2451.43
10.6,2497.61
12.37,3220.22
9,1982.59
8.41,1820.36
14.73,4508.29
3.47,684.39
10.64,2479.25
1.72,670.82
17.13,8157.73
6.51,1314.01
2.04,595.63
1.18,391.33
1.25,601.68
16.93,4067.7
1.37,523.32
5.58,813.09
4.12,884.16
1.07,667.72
3.02,881.06
17.11,5558.13
18.47,8361.65
13.01,3144.8
15.07,5288.63
1.06,543.99
18.28,8447.95
8.41,1528.88
7.28,1523.3
3.83,774.13
6.14,1170.67
18.24,8783.47
7.9,1996.36
19.45,9365.39
18.16,8314.51
11.59,3174.73
3.01,700.89
16.94,5099.88
10.14,2427.92
18.65,8286.18
9.76,2192.84
7.2,1405.88
6.87,1093.17
14.05,5010.75
6.76,1313.58
8.63,2079.98
8.59,1617.18
6.19,1374.25
8.12,1626.06
13.23,4016.95
13.03,3946.46
8.48,1881.45
1.23,557
16.42,5557.28
16.84,5911.13
7.68,1474.34
15.88,5312.8
3.94,892.47
16.64,6653.82
14.15,4306.72
3.03,716.18
16.37,6283.1
11.9,3208.02
2.21,662.01
1.23,631.32
2.59,739.52
14.63,4346.15
11.26,2534.95
17.51,5883.67
11.47,2636.24
12.36,2904.01
6.3,1138.76
14.41,4337.65
18.69,8286.18
4.02,1019.39
1.94,681.4
5.56,1276.27
2.32,654.8
16.32,4198.75
7.66,1775.25
6.01,893.82
11.77,3360.13
16.93,5999.26
3.41,985.69
10.35,2572.74
17.11,5519.55
5.84,1192.89
8.07,1457.14
2.67,468.08
3.42,980.07
1.88,650.92
3.97,937.18
9.56,1597.39
4.45,1030.19
3.06,700.44
13.33,3619.28
4.77,841.64
3.8,919.12
18.12,7515.08
10.59,2486.98
3.38,1176.67
2.88,785.27
6.43,1200.58
10.49,2406.71
3.58,658.19
11.68,2901.96
7.3,1309.62
18.06,7327.88
13.39,4276.1
9.68,2073.06
19.51,9836.53
15.94,5592.37
3.77,1172.56
1.77,781.56
12.87,3636.45
12.93,2832.01
12.72,4346.73
10.29,2727.87
6.71,1352.74
18.28,7511.97
14.83,3976.89
2.36,724.68
9.1,2322.46
15.78,4633.4
18.04,7112.23
7.47,1592.79
16.85,7056.26
10.71,2496.98
11.59,3158.34
10.27,1932.69
1.16,614.21
12.28,3502.11
18.88,7092.57
6.12,905.97
14.78,3808
12.68,3495.71
10.8,2280.52
13.38,3768.03
12.38,2969.56
8.74,1295.07
1.79,457.6
7.54,1227.56
8.64,1600.99
19.6,9323.35
2.29,500.68
3.37,993
1.36,380.58
8.5,1835.27
6.82,1061.03
14.7,5270.41
17.76,7578.82
11.75,2991.25
4.23,883.89
18.15,10066.22
12.62,2914.93
13.74,4129.04
11.87,2965.87
15.56,6683.6
18.35,6968.3
16.76,7497.24
10.04,2297.4
2.26,678.9
6.96,1762.74
9.95,2691.88
4,828.6
15.03,4406.32
1.79,544.48
18.94,8056.1
1.74,598.83
1.48,635.08
2.43,827.51
4.07,902.67
2.36,738.52
16.94,5050.8
19.15,7009.21
16.93,5716.45
3.06,879.29
6.72,1469.57
16.87,8366.05
1.98,711.52
12.87,3646.51
4.11,777.82
2.97,725.78
18.63,8612.27
7.4,1530.27
1.23,680.51
10.66,2393.31
8.12,1858.3
14.6,5244.03
14.54,4976.39
3.01,845.65
9.51,2125.74
4.56,916.51
10.2,1469.2
7.92,1858.48
19,11092.94
12.08,2987.1
7.67,1911.6
18.28,5994.39
12.34,2461.94
16.4,5831.54
7.14,1505.71
6.8,1451.9
14.18,3814.9
11.1,3695.87
7.59,1357.32
18.74,7380.55
13.06,3951.32
12.68,3491.64
9.64,1341.44
6.9,1520.32
19.84,9686.35
15.63,5361.67
19.16,9327.51
5,1100.17
6.05,1251.58
3.97,831.02
6.53,1448.11
11.35,3812.46
2.48,700.03
14.73,5075.76
3.67,907.12
11.25,3223.02
1.47,659.33
9.24,1915.02
15.08,4583.95
16.06,6283.52
4.19,953.48
2.88,894.88
9.55,1679.5
18.59,9468.92
19.28,11171.06
9.52,2206.53
15.13,5159.46
12.23,4227.41
2.85,937.28
10.92,2115.76
4.79,1129.65
15.87,5626.97
1.61,635.1
12.44,3598.98
3.13,710.42
2.31,696.88
18.69,8158.32
9.23,2181.43
13.86,4176.85
10.79,3008.47
2.59,910.11
4.4,1140.27
14.83,6103.33
16.88,7978.81
15.62,5925.17
3.4,790.14
3.59,793.52
4.05,1050.68
9.38,2199.18
14.73,5128.05
11.32,2994.84
16.05,6736.51
13.02,3598.05
16.79,8173.7
15.97,5829.54
18.73,10031.47
14.38,4058.31
10.94,2746.22
10.84,2345.06
1.33,468.63
19.92,8096.7
2.9,1014.35
9.96,1901.42
15.78,3799.67
1.79,625.41
4.22,833.95
4.31,1049.16
5.67,1145.15
7.69,1627.33
11.73,2781.2
16.32,5816.99
18.96,9364.7
2.45,821.3
1,518.85
2.65,963.88
11.81,3443.22
8.37,1645.12
4.57,873.93
14.89,5167.31
7.33,1324.03
15.7,4375.1
2.21,543.21
8.02,1743.45
8.13,1876.07
4.55,890.59
14,4913.64
19.73,7116.69
13.23,3207.67
13.85,3993.02
10.81,2603.51
11.21,2168.78
12.88,3605.14
14.65,4182.32
9.31,1816.64
5.3,836.68
19.18,8500.85
12.19,2995.31
7.26,1717.25
13.94,2808.16
3.17,1040.59
5.46,1068.55
15.84,6224.73
8.56,1861.59
9.07,2182.95
14.57,4669.89
13.24,3375.62
2.11,626.77
11.59,2278.63
17.62,7462.94
13.95,3233.28
9.07,1913.64
10.58,2218.45
6.31,1312.74
7.87,1905.03
5.21,814.25
16.44,6114.81
18.91,7955.73
14.19,4464.96
7.79,1345.88
12.28,2491.24
10.83,2649.59
8.42,1834.87
6.19,1370.68
15.43,4222.3
4.39,691.92
9.03,2376.53
14.66,4346.21
9.92,2206.9
9.96,2220.68
2.5,676.15
11.89,2306.31
18.63,8322.32
5.73,1042.8
14.09,3814.72
16.93,7739.36
7.42,1536.93
14.32,3426.67
7.3,1307.58
13.56,3612.07
10.75,3209.89
13.76,4130.74
9.68,2166.38
17.89,7372.82
13.45,3707.82
15.94,4882.95
3.82,844.45
6.81,1543.35
16.85,5621.59
13.36,2671.28
12.52,4024.45
10.76,2511.47
18.51,9014.26
19.26,8480.39
14.53,5199.28
2.82,817.55
11.87,3527.05
12.47,3772.59
5.04,1163.03
5.03,675.12
5.15,980.72
